,0.899,0.944,0.992,1.042,1.095,1.15,1.208,1.269,1.333,1.4,1.47,1.544,1.622,1.704,1.79,1.88,1.974,2.073,2.177,2.286,2.401,2.5,2.6,2.7,2.8,2.9,3,3.1,3.2,3.3,3.4,3.5,3.6,3.7,3.8,3.9,4,4.1,4.2,4.3,4.4,4.5,4.6,4.7,4.8,4.9,5,5.1,5.2,5.3,5.4,5.5,5.6,5.7,5.8,5.9,6,6.1,6.2,6.3,6.4,6.5,6.6,6.672,6.822,6.972,7.122,7.272,7.422,7.572,7.722,7.872,8.022,8.158,8.566,8.995,9.445,9.918,10.414,10.935
1.14e-06,0.184278,0.159233,0.137531,0.119237,0.103755,0.0908184,0.0800636,0.0701379,0.0620734,0.0548222,0.0500556,0.0442514,0.0360263,0.0318376,0.0283423,0.0253247,0.0227059,0.0204044,0.0183816,0.0166029,0.0150243,0.0138614,0.0128368,0.0119378,0.0111433,0.0104376,0.00980727,0.00924156,0.00873166,0.00827015,0.00785082,0.00746843,0.00711849,0.00679724,0.00650149,0.00622827,0.00597551,0.00574102,0.00552297,0.00531977,0.00513001,0.00495244,0.00478601,0.00462972,0.00448272,0.00434422,0.00421353,0.00409,0.00397311,0.00386235,0.00375704,0.00365713,0.00356213,0.00347163,0.00338535,0.00330305,0.00322442,0.00314918,0.0030772,0.00300822,0.00294208,0.0028786,0.00281761,0.00277517,0.00269045,0.00261041,0.00253469,0.00246292,0.00239486,0.00233021,0.00226877,0.00221031,0.00215465,0.00210646,0.00197378,0.00185135,0.00173914,0.00163669,0.00154391,0.00146024
1.37e-06,0.22281,0.192419,0.166105,0.143946,0.125203,0.109552,0.096547,0.0845533,0.0748129,0.0660596,0.0603023,0.0532989,0.0433879,0.0383382,0.0341246,0.0304879,0.0273325,0.0245598,0.0221232,0.019981,0.01808,0.0166798,0.0154462,0.0143639,0.0134074,0.0125579,0.0117991,0.0111182,0.0105044,0.00994896,0.00944432,0.00898417,0.00856306,0.00817645,0.0078206,0.00749178,0.00718766,0.00690549,0.00664314,0.00639867,0.00617035,0.00595674,0.00575652,0.0055685,0.00539164,0.00522502,0.0050678,0.00491919,0.00477858,0.00464536,0.00451861,0.0043984,0.00428412,0.00417525,0.00407145,0.00397242,0.00387784,0.00378735,0.00370075,0.00361778,0.00353822,0.00346185,0.00338849,0.00333744,0.00323555,0.00313928,0.00304818,0.00296188,0.00288001,0.00280226,0.00272835,0.00265804,0.00259109,0.00253314,0.00237357,0.00222632,0.00209138,0.00196815,0.00185658,0.00175596
1.65e-06,0.270366,0.233321,0.201281,0.17433,0.151554,0.132549,0.116767,0.102225,0.0904217,0.0798214,0.0728448,0.0643679,0.0523925,0.0462875,0.0411934,0.0367981,0.0329859,0.0296365,0.0266934,0.0241066,0.0218112,0.0201209,0.0186317,0.0173255,0.0161709,0.0151457,0.01423,0.0134082,0.0126676,0.0119974,0.0113886,0.0108335,0.0103255,0.0098591,0.00942986,0.00903313,0.00866631,0.00832595,0.00800952,0.00771467,0.00743929,0.00718168,0.00694022,0.00671348,0.0065002,0.00629929,0.0061097,0.00593048,0.00576093,0.00560027,0.00544737,0.00530239,0.00516458,0.00503327,0.00490808,0.00478869,0.00467465,0.0045655,0.00446107,0.00436105,0.00426512,0.00417304,0.00408458,0.00402302,0.00390017,0.00378411,0.00367428,0.00357022,0.00347152,0.00337778,0.00328869,0.00320392,0.00312321,0.00305334,0.00286098,0.00268347,0.0025208,0.00237225,0.00223776,0.00211647
1.98e-06,0.327367,0.282261,0.243302,0.21058,0.182956,0.159925,0.140816,0.123227,0.10896,0.0961571,0.0877235,0.0774909,0.0630659,0.0557066,0.0495661,0.0442703,0.0396785,0.0356449,0.0321012,0.0289872,0.0262246,0.0241905,0.0223987,0.0208272,0.0194382,0.018205,0.0171035,0.016115,0.0152243,0.0144183,0.0136863,0.0130188,0.012408,0.0118473,0.0113312,0.0108542,0.0104132,0.010004,0.00962368,0.00926927,0.00893829,0.00862868,0.00833845,0.00806594,0.00780964,0.00756817,0.00734035,0.00712494,0.00692118,0.00672815,0.00654426,0.00637,0.00620439,0.00604659,0.00589612,0.00575264,0.00561559,0.00548442,0.00535894,0.00523872,0.00512346,0.00501282,0.00490653,0.00483256,0.00468495,0.00454549,0.00441353,0.0042885,0.00416992,0.00405731,0.00395026,0.00384842,0.00375147,0.00366753,0.00343642,0.00322318,0.00302778,0.00284933,0.00268777,0.00254209
2.37e-06,0.396078,0.341183,0.293788,0.254057,0.220562,0.192668,0.169549,0.148296,0.131069,0.115628,0.105442,0.0931081,0.0757653,0.066909,0.0595199,0.0531502,0.0476295,0.042781,0.0385223,0.0347811,0.0314627,0.0290198,0.0268683,0.0249817,0.0233139,0.0218337,0.0205114,0.0193249,0.0182559,0.0172887,0.0164103,0.0156095,0.0148768,0.0142041,0.013585,0.0130127,0.0124836,0.0119928,0.0115366,0.0111116,0.0107147,0.0103433,0.00999533,0.00966856,0.00936121,0.00907167,0.00879851,0.00854021,0.00829592,0.00806446,0.00784381,0.00763483,0.00743624,0.007247,0.00706656,0.00689452,0.00673021,0.00657294,0.00642247,0.00627835,0.00614017,0.00600751,0.0058801,0.00579143,0.00561447,0.00544728,0.0052891,0.00513924,0.00499708,0.0048621,0.00473379,0.00461172,0.00449551,0.0043949,0.0041179,0.00386233,0.00362814,0.00341429,0.00322068,0.0030461
2.85e-06,0.482557,0.415179,0.357154,0.357154,0.267614,0.233568,0.205387,0.179527,0.158586,0.139838,0.127454,0.112491,0.0915237,0.0808028,0.0718585,0.0641529,0.0574778,0.051617,0.0464703,0.0419506,0.0379428,0.0349932,0.0323957,0.0301187,0.0281056,0.0263193,0.0247235,0.0232919,0.0220021,0.0208354,0.0197759,0.0188102,0.0179265,0.0171153,0.0163689,0.0156786,0.0150407,0.014449,0.013899,0.0133866,0.0129081,0.0124606,0.0120412,0.0116473,0.0112769,0.010928,0.0105988,0.0102875,0.0099931,0.00971417,0.00944808,0.00919616,0.00895684,0.00872874,0.00851125,0.00830394,0.00810595,0.0079164,0.00773509,0.00756143,0.00739494,0.00723511,0.00708158,0.00697474,0.00676155,0.00656014,0.00636958,0.00618903,0.00601779,0.00585517,0.00570061,0.00555357,0.00541359,0.0052924,0.00495876,0.00465093,0.00436887,0.00411131,0.00387815,0.00366791
3.42e-06,0.588196,0.505328,0.434094,0.374602,0.324596,0.283043,0.248658,0.217163,0.191705,0.168944,0.153888,0.13575,0.110423,0.0974559,0.0866381,0.0773254,0.069263,0.0621862,0.0559738,0.0505204,0.0456862,0.0421293,0.0389976,0.0362533,0.0338267,0.0316741,0.0297512,0.0280262,0.0264724,0.025067,0.0237912,0.0226284,0.0215644,0.0205877,0.0196891,0.0188578,0.01809,0.0173777,0.0167157,0.0160991,0.0155233,0.0149847,0.01448,0.0140062,0.0135606,0.0131408,0.0127448,0.0123702,0.012016,0.0116805,0.01136,0.0110569,0.010769,0.0104945,0.0102328,0.00998337,0.00974523,0.00951716,0.00929906,0.00909017,0.00888992,0.00869766,0.00851301,0.00838451,0.00812811,0.00788589,0.00765671,0.0074396,0.00723367,0.00703813,0.00685229,0.00667548,0.00650716,0.00636144,0.0059603,0.00559019,0.00525108,0.00494146,0.00466118,0.00440847
4.1e-06,0.71854,0.616211,0.528463,0.455389,0.394082,0.343248,0.301284,0.262837,0.231848,0.204184,0.185849,0.163838,0.133241,0.117546,0.104454,0.0931934,0.0834524,0.0749053,0.0674047,0.0608241,0.0549927,0.0507036,0.0469283,0.0436212,0.0406964,0.0381028,0.035786,0.0337078,0.0318364,0.0301439,0.0286079,0.0272083,0.0259276,0.0247521,0.0236707,0.0226699,0.0217459,0.0208887,0.0200924,0.0193506,0.0186579,0.0180102,0.0174032,0.0168333,0.0162974,0.0157926,0.0153164,0.014866,0.0144401,0.0140367,0.0136509,0.0132862,0.0129399,0.0126098,0.012295,0.0119952,0.0117088,0.0114346,0.0111723,0.0109212,0.0106805,0.0104493,0.0102273,0.0100729,0.00976469,0.00947353,0.00919809,0.00893714,0.00868964,0.00845465,0.00823131,0.00801883,0.00781655,0.00764146,0.00715942,0.00671471,0.00630728,0.00593529,0.00559858,0.00529501
4.92e-06,0.882168,0.754927,0.646106,0.555791,0.480202,0.417673,0.366163,0.319084,0.281197,0.247445,0.225016,0.198209,0.161163,0.142104,0.12621,0.112555,0.100754,0.0904046,0.0813264,0.0733667,0.0663162,0.0611328,0.0565716,0.052578,0.0490454,0.0459142,0.043117,0.0406083,0.0383499,0.0363079,0.0344552,0.0327674,0.0312231,0.0298057,0.028502,0.0272949,0.026181,0.0251478,0.024188,0.0232942,0.0224595,0.0216792,0.0209479,0.0202614,0.0196159,0.0190079,0.0184344,0.0178918,0.0173789,0.0168931,0.0164277,0.0159883,0.0155712,0.0151736,0.0147943,0.0144331,0.0140883,0.013758,0.0134421,0.0131398,0.0128499,0.0125716,0.0123043,0.0121184,0.0117474,0.0113969,0.0110653,0.0107512,0.0104533,0.0101704,0.00990164,0.00964593,0.0094025,0.00919177,0.00861169,0.00807658,0.00758634,0.00713879,0.00673371,0.00636854
5.91e-06,1.08934,0.929874,0.793902,0.681498,0.58771,0.510293,0.446676,0.388733,0.342185,0.300813,0.273229,0.240445,0.195499,0.172261,0.15289,0.136273,0.12193,0.109359,0.0983385,0.0886838,0.0801368,0.0738565,0.0683321,0.0634981,0.059221,0.055432,0.0520471,0.0490119,0.0462803,0.0438113,0.0415719,0.0395324,0.0376665,0.0359538,0.034379,0.03292,0.0315745,0.0303266,0.0291677,0.0280887,0.027081,0.0261391,0.0252565,0.024428,0.0236491,0.0229155,0.0222236,0.0215688,0.0209499,0.0203639,0.0198013,0.0192709,0.0187676,0.0182876,0.0178298,0.0173941,0.0169782,0.0165795,0.0161985,0.0158338,0.0154842,0.0151485,0.0148262,0.0146019,0.0141545,0.0137318,0.013332,0.0129533,0.0125942,0.0122532,0.0119291,0.0116209,0.0113274,0.0110734,0.0103742,0.00972932,0.00913851,0.0085992,0.00811114,0.0076712
7.09e-06,1.35006,1.14926,0.978494,0.837901,0.720993,0.624754,0.545884,0.474315,0.416946,0.366095,0.332047,0.291861,0.237227,0.208904,0.185292,0.165058,0.1476,0.13231,0.118918,0.107197,0.096829,0.0892157,0.082522,0.0766691,0.0714889,0.066903,0.0628061,0.0591333,0.0558291,0.0528437,0.0501371,0.047673,0.0454187,0.0433496,0.0414477,0.0396844,0.0380594,0.0365526,0.0351536,0.0338514,0.0326352,0.0314986,0.0304339,0.0294345,0.0284949,0.0276101,0.0267757,0.0259858,0.0252395,0.0245328,0.0238528,0.0232127,0.0226057,0.0220266,0.0214742,0.0209487,0.0204472,0.0199663,0.0195069,0.0190672,0.0186457,0.0182411,0.0178525,0.0175822,0.0170429,0.0165336,0.0160518,0.0155954,0.0151626,0.0147518,0.0143614,0.01399,0.0136365,0.0133305,0.0124883,0.0117115,0.011,0.0103506,0.00976293,0.00923328
8.51e-06,1.68256,1.42858,1.21276,1.03571,0.888965,0.768477,0.670048,0.5811,0.509976,0.44713,0.404813,0.355307,0.288709,0.254017,0.225103,0.200375,0.179093,0.160457,0.144143,0.129865,0.117246,0.107989,0.0998552,0.0927496,0.0864587,0.0808946,0.0759236,0.0714683,0.0674622,0.0638443,0.0605661,0.0575827,0.0548537,0.0523491,0.0500476,0.0479119,0.0459457,0.0441228,0.0424309,0.0408564,0.039386,0.0380123,0.0367255,0.0355179,0.0343827,0.0333138,0.0323058,0.0313514,0.0304499,0.0295964,0.0287728,0.0279989,0.0272656,0.0265657,0.0258979,0.0252632,0.0246576,0.0240766,0.0235217,0.0229907,0.0224819,0.0219934,0.0215242,0.0211979,0.020547,0.0199322,0.0193507,0.0188,0.0182778,0.0177821,0.0173111,0.0168631,0.0164366,0.0160675,0.0150516,0.0141148,0.0132568,0.0124737,0.0117653,0.0111268
1.02e-05,2.09992,1.78042,1.5078,1.28437,1.09962,0.948135,0.824752,0.71372,0.625172,0.547193,0.494293,0.433089,0.351812,0.309221,0.273724,0.243439,0.217424,0.194665,0.174752,0.157372,0.142016,0.130757,0.12087,0.112233,0.104583,0.0978251,0.0917871,0.0863778,0.0815168,0.0771293,0.0731565,0.0695429,0.0662379,0.0632049,0.060419,0.0578311,0.0554515,0.0532455,0.0511991,0.0492954,0.0475175,0.0458571,0.0443021,0.0428429,0.0414715,0.0401804,0.038963,0.0378098,0.0367211,0.0356904,0.0346924,0.0337568,0.032871,0.0320251,0.031218,0.0304515,0.0297203,0.0290183,0.0283482,0.0277073,0.0270932,0.0265035,0.0259372,0.0255434,0.0247579,0.0240161,0.0233146,0.0226502,0.0220204,0.0214225,0.0208545,0.0203142,0.0197999,0.0193549,0.0181301,0.0170008,0.0159666,0.0150229,0.0141693,0.0134002
1.22e-05,2.60803,2.21528,1.87529,1.59509,1.36304,1.17245,1.01743,0.878468,0.767869,0.670794,0.604269,0.528359,0.429142,0.376717,0.333048,0.295894,0.264045,0.236209,0.211879,0.190676,0.171957,0.158253,0.146229,0.135745,0.126451,0.118251,0.110923,0.104356,0.0984621,0.093138,0.0883212,0.083943,0.0799395,0.0762658,0.0728933,0.0697565,0.0668763,0.064207,0.0617322,0.0594309,0.0572817,0.0552755,0.0533971,0.0516347,0.0499787,0.0484199,0.0469504,0.0455577,0.0442437,0.0429999,0.0417903,0.0406596,0.0395901,0.0385682,0.0375931,0.036668,0.0357858,0.0349381,0.0341294,0.0333563,0.0326156,0.0319043,0.0312213,0.0307463,0.0297992,0.028905,0.0280594,0.0272586,0.0264995,0.0257791,0.0250947,0.0244437,0.0238242,0.023288,0.0218128,0.0204528,0.0192076,0.0180715,0.0170441,0.0161187
1.47e-05,3.22427,2.76085,2.34733,1.99996,1.70936,1.46836,1.27185,1.09584,0.955817,0.8332,0.747917,0.652333,0.529908,0.464479,0.409991,0.363786,0.324285,0.2898,0.259697,0.233502,0.210419,0.193534,0.178737,0.165852,0.154426,0.144357,0.135355,0.127297,0.120066,0.113545,0.107655,0.1023,0.0974048,0.0929126,0.088791,0.0849543,0.081431,0.07817,0.0751485,0.0723374,0.0697121,0.067263,0.0649706,0.0628203,0.0608004,0.0588994,0.0571079,0.055409,0.053807,0.0522911,0.0508088,0.0494282,0.0481241,0.0468771,0.0456869,0.0445594,0.0434845,0.0424505,0.0414651,0.0405233,0.0396213,0.0387549,0.0379232,0.0373449,0.036192,0.0351036,0.0340746,0.0331002,0.0321767,0.0313005,0.0304681,0.0296765,0.0289232,0.0282713,0.0264779,0.0248251,0.023312,0.0219319,0.0206843,0.0195606
1.76e-05,3.85711,3.34901,2.87837,2.4702,2.1214,1.82552,1.58152,1.36163,1.18602,1.03206,0.922724,0.802705,0.652481,0.571008,0.503157,0.445817,0.396945,0.354325,0.317162,0.28489,0.256496,0.235755,0.217594,0.201817,0.187808,0.175493,0.164472,0.154615,0.145774,0.137814,0.130622,0.1241,0.118138,0.112663,0.107643,0.10296,0.098674,0.0947039,0.0910285,0.0876146,0.0844264,0.0814508,0.0786692,0.0760608,0.0736111,0.0713034,0.0691319,0.0670684,0.0651267,0.0632872,0.0614791,0.0598025,0.0582187,0.0567053,0.0552583,0.0538895,0.0525877,0.0513314,0.0501353,0.0489929,0.047899,0.0468483,0.0458397,0.0451386,0.0437411,0.0424223,0.0411755,0.0399952,0.0388768,0.0378159,0.0368081,0.0358498,0.034938,0.0341491,0.0319791,0.0299799,0.0281501,0.0264816,0.0249739,0.0236165
2.12e-05,4.49047,3.96416,3.46205,3.01149,2.61603,2.26795,1.97395,1.70379,1.48528,1.29199,1.15014,0.998131,0.8127,0.710095,0.624555,0.552517,0.491338,0.438,0.391526,0.351287,0.315914,0.290137,0.267591,0.248052,0.230669,0.215439,0.201797,0.189597,0.178672,0.168843,0.159986,0.151953,0.144606,0.137869,0.131698,0.125916,0.120647,0.115765,0.11125,0.107063,0.103149,0.0995026,0.0960919,0.0928914,0.0898896,0.0870661,0.0844067,0.0818807,0.0795,0.0772513,0.0750191,0.072958,0.0710203,0.0691636,0.0673883,0.0657148,0.064119,0.0625815,0.0611171,0.0597216,0.0583838,0.0570984,0.0558667,0.0550093,0.0533029,0.0516908,0.0501691,0.0487267,0.0473623,0.0460665,0.0448376,0.0436674,0.0425541,0.0415927,0.0389457,0.0365061,0.0342755,0.0322422,0.0304044,0.0287506
2.54e-05,5.05258,4.52341,4.01239,3.54404,3.12648,2.74537,2.41384,2.09994,1.84007,1.60542,1.42452,1.23503,1.00907,0.88082,0.773577,0.683465,0.607132,0.540531,0.482499,0.432381,0.388373,0.356366,0.328408,0.304245,0.282702,0.263898,0.247029,0.231953,0.218464,0.206349,0.195446,0.185575,0.17655,0.168269,0.16069,0.153572,0.147101,0.141113,0.135578,0.130448,0.125654,0.121193,0.117021,0.113114,0.109445,0.105995,0.102744,0.0996558,0.0967515,0.0940061,0.091253,0.088731,0.0863626,0.0840871,0.0819165,0.0798722,0.0779248,0.0760441,0.0742585,0.0725532,0.070924,0.069356,0.0678533,0.0668079,0.0647277,0.0627634,0.0609093,0.0591546,0.057491,0.0559157,0.0544178,0.0529958,0.0516414,0.0504716,0.0472521,0.0442881,0.041577,0.0391067,0.0368754,0.0348695
3.05e-05,5.56379,5.03456,4.52317,4.05034,3.62873,3.23465,2.88453,2.54196,2.25123,1.98071,1.75647,1.52617,1.25523,1.09653,0.962839,0.850293,0.755014,0.671552,0.598705,0.535898,0.480768,0.440726,0.405807,0.375724,0.348809,0.325435,0.304412,0.285631,0.268849,0.253802,0.240282,0.22806,0.216894,0.206643,0.197275,0.188433,0.180433,0.17303,0.166201,0.159876,0.153964,0.148472,0.143337,0.138529,0.134017,0.129775,0.125784,0.121983,0.118414,0.115042,0.111619,0.108507,0.105594,0.102793,0.100116,0.0976035,0.0952124,0.0928967,0.090702,0.0886112,0.0866095,0.0846875,0.082843,0.0815606,0.0790097,0.0766044,0.0743301,0.0721802,0.0701451,0.0682164,0.0663833,0.0646429,0.062986,0.0615548,0.0576177,0.0539966,0.0506841,0.0476672,0.0449456,0.0424987
3.66e-05,6.02543,5.49299,4.98129,4.50741,4.08921,3.69388,3.34117,2.98586,2.68112,2.39002,2.12541,1.85927,1.54604,1.35618,1.19406,1.0563,0.939143,0.835499,0.744507,0.666009,0.596965,0.546834,0.503152,0.465625,0.431905,0.402797,0.376501,0.353015,0.332048,0.313281,0.296457,0.281276,0.267404,0.254658,0.243025,0.231991,0.222052,0.212865,0.204402,0.196572,0.189257,0.182468,0.176127,0.170189,0.16462,0.15939,0.15447,0.149778,0.145377,0.141222,0.136933,0.13308,0.129483,0.126016,0.122702,0.119602,0.116658,0.113795,0.111088,0.108512,0.10605,0.10368,0.101408,0.099832,0.0966936,0.0937353,0.0909419,0.0882995,0.0857994,0.0834309,0.0811808,0.0790446,0.0770135,0.0752575,0.0704292,0.0659906,0.0619342,0.05824,0.0549101,0.051918
4.39e-05,6.4532,5.91205,5.39632,4.9196,4.50538,4.11253,3.76358,3.40332,3.09641,2.79899,2.50031,2.2096,1.86423,1.64892,1.462,1.30026,1.16112,1.0357,0.924199,0.827514,0.74186,0.679508,0.62511,0.5785,0.536284,0.500158,0.467259,0.437839,0.411591,0.388125,0.367138,0.348235,0.330948,0.315048,0.300558,0.28671,0.274316,0.262861,0.252335,0.242612,0.23352,0.225099,0.217236,0.209876,0.202981,0.196506,0.190421,0.1846,0.179157,0.174017,0.168605,0.163806,0.159348,0.155035,0.15091,0.147073,0.143431,0.139874,0.136519,0.133333,0.13029,0.127362,0.124552,0.122603,0.118729,0.115077,0.111629,0.108369,0.105288,0.102369,0.0995992,0.0969676,0.0944643,0.092302,0.0863621,0.0809048,0.0759165,0.0713797,0.0672927,0.0636227
5.27e-05,6.86645,6.30947,5.7842,5.30071,4.88816,4.49732,4.15235,3.78764,3.48186,3.18279,2.85512,2.54996,2.18405,1.95268,1.74976,1.57034,1.4137,1.2687,1.13737,1.02212,0.918571,0.842587,0.775966,0.718898,0.666623,0.622345,0.581449,0.544779,0.512,0.482707,0.456554,0.433024,0.411479,0.391611,0.373521,0.356065,0.340558,0.326229,0.31309,0.300967,0.289628,0.27914,0.269357,0.260199,0.251627,0.243579,0.23602,0.228771,0.222005,0.215621,0.208723,0.202712,0.197156,0.191757,0.186592,0.181812,0.177284,0.172837,0.168658,0.164698,0.160917,0.157274,0.153779,0.151356,0.146544,0.142012,0.137734,0.133692,0.12987,0.126256,0.122825,0.119566,0.116469,0.113793,0.106446,0.0996972,0.0935373,0.0879348,0.0828932,0.0783696
6.32e-05,7.27933,6.69741,6.15571,5.66021,5.24658,4.85471,4.51007,4.13781,3.82983,3.52548,3.17333,2.85852,2.47998,2.23994,2.02972,1.84068,1.67376,1.51522,1.36891,1.23863,1.11932,1.03058,0.952024,0.884578,0.821845,0.769318,0.719777,0.675074,0.63488,0.598892,0.56676,0.537853,0.511286,0.486681,0.464285,0.442399,0.423102,0.405262,0.388929,0.373877,0.35978,0.34676,0.334617,0.323253,0.312612,0.30263,0.293256,0.284232,0.27583,0.267911,0.259077,0.251533,0.244606,0.237838,0.231352,0.225391,0.219756,0.214184,0.208966,0.204033,0.199328,0.19479,0.190434,0.187415,0.181425,0.175786,0.170468,0.165441,0.160694,0.156203,0.151945,0.1479,0.144057,0.140738,0.131626,0.123263,0.11563,0.108693,0.102458,0.0968681
7.58e-05,7.71684,7.09709,6.52931,6.01508,5.59687,5.19912,4.84722,4.46269,4.14526,3.82978,3.457,3.13333,2.74562,2.50002,2.2871,2.09357,1.92169,1.75527,1.59989,1.45995,1.32959,1.2312,1.14305,1.06713,0.99542,0.936132,0.878697,0.826422,0.778917,0.736146,0.697847,0.663325,0.631394,0.601605,0.574459,0.547542,0.523957,0.502092,0.482091,0.463663,0.446352,0.430382,0.415475,0.401513,0.388434,0.376155,0.364629,0.353471,0.343112,0.33335,0.322052,0.312634,0.304041,0.295578,0.28745,0.28004,0.273052,0.266073,0.259575,0.253441,0.247598,0.241948,0.236515,0.232758,0.225303,0.21829,0.211674,0.205421,0.199518,0.193939,0.188648,0.183622,0.17885,0.174724,0.163407,0.153023,0.143546,0.134934,0.127201,0.12027
9.1e-05,8.21376,7.53627,6.92803,6.38496,5.9562,5.54401,5.17224,4.76976,4.43454,4.10342,3.71256,3.37905,2.98328,2.73244,2.51811,2.32196,2.14727,1.97598,1.81537,1.66985,1.53287,1.42823,1.33351,1.25185,1.1739,1.11024,1.04701,0.988987,0.935577,0.887107,0.843469,0.803994,0.767167,0.732499,0.700821,0.668998,0.641183,0.61527,0.591528,0.569617,0.548962,0.52989,0.512051,0.495304,0.479597,0.464833,0.450958,0.437426,0.424897,0.413081,0.398904,0.387356,0.376882,0.366462,0.356412,0.347325,0.338772,0.330138,0.322136,0.314595,0.30741,0.300444,0.293735,0.289092,0.279893,0.271231,0.263059,0.255333,0.248037,0.24114,0.2346,0.228387,0.222481,0.217379,0.203368,0.190506,0.17876,0.168079,0.158489,0.149888
0.000109,8.80402,8.0432,7.3732,6.78594,6.33524,5.89385,5.48589,5.05936,4.69943,4.34991,3.94235,3.59754,3.19408,2.93712,2.72109,2.52246,2.34524,2.17006,2.00583,1.85665,1.71559,1.60696,1.50784,1.42253,1.34077,1.27454,1.20765,1.14601,1.08863,1.03615,0.988645,0.945506,0.904906,0.866413,0.831147,0.795476,0.764246,0.734962,0.708043,0.683126,0.659552,0.637733,0.617257,0.597975,0.579851,0.562778,0.546705,0.530879,0.516272,0.502482,0.485516,0.471927,0.459625,0.447258,0.43525,0.424469,0.414328,0.403995,0.394444,0.385444,0.376868,0.368522,0.360459,0.354878,0.343816,0.333388,0.323537,0.314206,0.305391,0.297055,0.289139,0.281611,0.274451,0.268257,0.251227,0.235563,0.221224,0.208157,0.196407,0.185845
0.000131,9.53402,8.67781,7.91862,7.26215,6.76437,6.26961,5.80599,5.34707,4.9557,4.58461,4.15978,3.80147,3.39016,3.12542,2.90678,2.70505,2.5247,2.34553,2.17792,2.02552,1.88126,1.76951,1.66691,1.57892,1.49461,1.4264,1.35695,1.29291,1.23281,1.17748,1.12714,1.08128,1.03782,0.996442,0.958468,0.920127,0.886386,0.854552,0.825173,0.797881,0.772,0.747953,0.72531,0.703925,0.683778,0.664747,0.646793,0.628941,0.612516,0.596989,0.577813,0.562538,0.54867,0.534609,0.520833,0.508521,0.49693,0.485066,0.474096,0.463744,0.453866,0.44423,0.434886,0.428409,0.415559,0.40342,0.391929,0.381024,0.370698,0.360918,0.351617,0.342756,0.334317,0.327005,0.306847,0.288233,0.271121,0.255465,0.241327,0.228546
0.000157,10.3174,9.41736,8.57382,7.829,7.24683,6.67139,6.13342,5.63185,5.20275,4.80676,4.36337,3.98938,3.57022,3.2959,3.07363,2.86806,2.68389,2.50043,2.32931,2.17365,2.02645,1.91191,1.80623,1.71598,1.62969,1.55952,1.48797,1.42207,1.35989,1.30234,1.24978,1.20175,1.15601,1.11241,1.07237,1.03225,0.996711,0.963013,0.931799,0.902708,0.875089,0.849326,0.824994,0.801965,0.780217,0.759631,0.740173,0.720653,0.702753,0.685808,0.665254,0.648767,0.633701,0.618357,0.603189,0.589645,0.576885,0.563836,0.551737,0.540289,0.529348,0.518672,0.508287,0.501079,0.486755,0.473191,0.460324,0.44809,0.436474,0.42545,0.414951,0.404928,0.395365,0.387066,0.364117,0.34282,0.323144,0.305043,0.288595,0.273603
0.000189,11.0843,10.2042,9.33196,8.51929,7.82667,7.13972,6.49991,5.93734,5.4597,5.03254,4.5669,4.17376,3.7464,3.45969,3.23249,3.02218,2.83336,2.64502,2.46994,2.31064,2.16031,2.0429,1.93415,1.84169,1.75356,1.68111,1.60746,1.53976,1.47565,1.41606,1.36143,1.3114,1.26357,1.21802,1.17617,1.13467,1.09765,1.06241,1.02965,0.999033,0.969952,0.942718,0.916934,0.892484,0.869354,0.847421,0.826645,0.805668,0.78648,0.768291,0.746902,0.729479,0.713424,0.69706,0.680743,0.666161,0.652398,0.638407,0.625379,0.613008,0.601171,0.589639,0.578403,0.570593,0.555045,0.540293,0.526274,0.512924,0.500213,0.488127,0.4766,0.465577,0.455044,0.445888,0.420499,0.396816,0.374834,0.354499,0.335887,0.318765
0.000226,11.7545,10.918,10.0759,9.26927,8.50778,7.68993,6.91161,6.26171,5.72179,5.25603,4.76385,4.34848,3.91257,3.61102,3.37782,3.162,2.968,2.77453,2.59519,2.43203,2.27845,2.15817,2.04642,1.95182,1.86185,1.78695,1.7112,1.6417,1.57577,1.51426,1.45771,1.4058,1.35607,1.30878,1.26532,1.22268,1.1844,1.14784,1.11376,1.08182,1.05149,1.02298,0.995939,0.970262,0.945937,0.922835,0.900913,0.878691,0.858395,0.83913,0.817223,0.799042,0.782152,0.764956,0.747697,0.732234,0.717618,0.702873,0.689075,0.675935,0.663346,0.651119,0.639202,0.630907,0.614362,0.598644,0.58369,0.569432,0.555824,0.542867,0.530495,0.518649,0.507314,0.497452,0.470039,0.444365,0.420442,0.398215,0.377743,0.35876
0.000272,12.3752,11.5861,10.8065,10.0877,9.3843,8.4504,7.455,6.65729,6.02395,5.50358,4.97543,4.53139,4.08543,3.76503,3.52407,3.30149,3.1012,2.90186,2.71766,2.55012,2.39281,2.26935,2.15439,2.05736,1.9654,1.88775,1.80973,1.73825,1.67037,1.60685,1.54831,1.49445,1.44279,1.39377,1.34872,1.30497,1.26545,1.22761,1.19223,1.15901,1.12746,1.09771,1.06944,1.04258,1.01709,0.992859,0.969825,0.946425,0.925071,0.904773,0.882456,0.863547,0.845844,0.827865,0.809724,0.793422,0.777987,0.76254,0.74802,0.73415,0.72085,0.707977,0.695439,0.686699,0.669239,0.652634,0.63682,0.621731,0.607302,0.593544,0.580394,0.567792,0.555721,0.545209,0.515937,0.488427,0.462717,0.438744,0.416548,0.395829
0.000326,12.9125,12.1636,11.4505,10.8558,10.3434,9.47057,8.21446,7.15479,6.37377,5.77476,5.1978,4.71774,4.25997,3.91657,3.66619,3.43577,3.22836,3.02255,2.83306,2.66069,2.49931,2.37248,2.25421,2.1547,2.06067,1.98001,1.89963,1.82609,1.75624,1.69074,1.6302,1.5744,1.52086,1.47019,1.42359,1.37876,1.33805,1.29899,1.26239,1.22795,1.19524,1.16432,1.1349,1.10691,1.08034,1.05505,1.03097,1.0065,0.984171,0.962917,0.940236,0.920629,0.902154,0.883442,0.864491,0.847409,0.831212,0.81512,0.799932,0.785388,0.771433,0.75797,0.744873,0.735732,0.717448,0.700045,0.683459,0.667624,0.652458,0.637983,0.624138,0.610859,0.59813,0.587038,0.556106,0.526961,0.499662,0.474142,0.450419,0.428164
0.000391,13.3896,12.6727,12.0191,11.5416,11.2171,10.554,9.32688,7.87607,6.82437,6.09759,5.44807,4.9195,4.44626,4.07385,3.81168,3.57182,3.35608,3.14281,2.94714,2.76938,2.60356,2.47304,2.35123,2.24899,2.15264,2.06872,1.98577,1.90998,1.83801,1.77041,1.70785,1.65007,1.59463,1.54229,1.49414,1.44818,1.40621,1.36591,1.32808,1.29242,1.25855,1.22647,1.19591,1.16682,1.13918,1.11285,1.08775,1.06228,1.03901,1.01684,0.993757,0.973452,0.954216,0.934796,0.915079,0.897235,0.880294,0.863573,0.84773,0.832533,0.81794,0.80391,0.79028,0.780758,0.761686,0.743521,0.726202,0.70966,0.693796,0.678642,0.664141,0.650224,0.636875,0.625236,0.592746,0.562068,0.533284,0.506326,0.481187,0.457519
0.00047,13.8175,13.1256,12.5221,12.1408,11.9347,11.4064,10.4262,8.97504,7.48024,6.51637,5.74758,5.14884,4.65284,4.24339,3.966,3.71451,3.48872,3.26677,3.06396,2.8799,2.70878,2.57407,2.44831,2.34312,2.24414,2.15662,2.07085,1.99256,1.91829,1.84845,1.78372,1.72385,1.66644,1.61237,1.56259,1.5154,1.47213,1.43054,1.39144,1.35452,1.31948,1.28621,1.25448,1.22427,1.19555,1.16816,1.14204,1.11558,1.09138,1.06828,1.04477,1.02374,1.00372,0.983567,0.963091,0.944507,0.926835,0.909483,0.892994,0.877141,0.861915,0.847324,0.833166,0.823268,0.80342,0.784503,0.766458,0.749214,0.732666,0.716847,0.701704,0.687162,0.673209,0.661037,0.627034,0.594877,0.564667,0.536331,0.509845,0.484843
0.000563,14.192,13.5194,12.9573,12.6509,12.5081,12.04,11.194,10.0414,8.46949,7.10057,6.11941,5.41378,4.88223,4.42621,4.12935,3.86365,3.62596,3.39395,3.18286,2.99161,2.81444,2.67503,2.54496,2.43636,2.33443,2.24306,2.15423,2.07321,1.99646,1.9242,1.85713,1.79509,1.73566,1.67981,1.62836,1.57987,1.53529,1.49241,1.45203,1.41385,1.3776,1.34313,1.31023,1.2789,1.24909,1.22066,1.19351,1.16609,1.14096,1.11695,1.09297,1.07118,1.05038,1.0295,1.00828,0.988951,0.970557,0.952575,0.935446,0.918956,0.903108,0.887961,0.873286,0.863019,0.842401,0.822746,0.803994,0.786072,0.76886,0.7524,0.736635,0.721493,0.706957,0.694275,0.658822,0.625252,0.593685,0.564046,0.536292,0.510044
0.000676,14.5336,13.8767,13.3514,13.1069,12.9981,12.5603,11.7776,10.7989,9.54541,8.02329,6.64492,5.74989,5.15589,4.63707,4.3137,4.02952,3.7769,3.5325,3.31125,3.11129,2.92683,2.78186,2.64678,2.53415,2.42871,2.33298,2.24069,2.15653,2.07699,2.00208,1.93249,1.86806,1.80643,1.74863,1.69537,1.64541,1.59934,1.55503,1.51324,1.47369,1.43615,1.4004,1.36627,1.33374,1.3028,1.27326,1.24504,1.21663,1.19054,1.1656,1.14108,1.11849,1.09685,1.0752,1.0532,1.0331,1.01394,0.995289,0.977479,0.960326,0.943841,0.92812,0.912905,0.902254,0.880859,0.860458,0.840991,0.822381,0.804497,0.787387,0.770993,0.755236,0.740107,0.726904,0.689979,0.654982,0.62205,0.591107,0.562092,0.534616
0.000811,14.8423,14.1988,13.7071,13.5146,13.4244,13.0072,12.2572,11.3585,10.3053,9.10773,7.47672,6.20848,5.49459,4.88611,4.52558,4.21696,3.94522,3.68537,3.45151,3.24092,3.04758,2.89597,2.755,2.6376,2.52795,2.42735,2.33111,2.24338,2.16067,2.08279,2.01039,1.94333,1.87929,1.81936,1.7641,1.7125,1.66478,1.6189,1.57558,1.53456,1.49561,1.45849,1.42303,1.38924,1.35708,1.32638,1.29703,1.26758,1.24048,1.21455,1.18939,1.16592,1.14339,1.12093,1.09814,1.07724,1.0573,1.03796,1.01945,1.00161,0.984456,0.968132,0.952355,0.941305,0.919089,0.897903,0.877682,0.85835,0.839766,0.821979,0.804938,0.788557,0.772826,0.759094,0.720674,0.684234,0.649923,0.617668,0.587391,0.558697
0.000974,15.1268,14.4951,14.036,13.889,13.8115,13.4165,12.6897,11.821,10.8615,9.90404,8.66208,6.94233,5.95287,5.19837,4.78189,4.43901,4.1416,3.86141,3.61126,3.38713,3.18255,3.02272,2.87456,2.75126,2.63643,2.53017,2.4293,2.33736,2.25092,2.16959,2.09397,2.02389,1.95712,1.89477,1.83724,1.7837,1.73409,1.68643,1.64139,1.59872,1.55821,1.51956,1.48264,1.44745,1.41396,1.38197,1.35139,1.32082,1.29262,1.26562,1.23969,1.21525,1.19176,1.16841,1.14477,1.12301,1.10223,1.08213,1.06287,1.04429,1.02642,1.00945,0.993063,0.981583,0.958487,0.93646,0.915433,0.895329,0.875999,0.857494,0.839762,0.822715,0.80634,0.792046,0.752042,0.714081,0.678326,0.644703,0.61312,0.583178
0.00117,15.3898,14.7692,14.3425,14.2361,14.1713,13.8062,13.1047,12.235,11.3089,10.4735,9.59552,8.30344,6.64709,5.61258,5.1053,4.71201,4.37865,4.07069,3.79858,3.55669,3.33746,3.16715,3.00996,2.87928,2.75792,2.64498,2.5385,2.44149,2.35061,2.26517,2.18575,2.11216,2.04221,1.97703,1.91686,1.86101,1.80918,1.75945,1.71244,1.66786,1.62557,1.58519,1.54662,1.50986,1.47487,1.44145,1.40949,1.37766,1.34823,1.32005,1.29319,1.26765,1.24309,1.21877,1.19419,1.17149,1.1498,1.12886,1.10876,1.08937,1.07072,1.05304,1.03598,1.02402,0.999964,0.977013,0.955107,0.934159,0.914016,0.89473,0.876249,0.858478,0.841408,0.826506,0.784795,0.7452,0.707901,0.672819,0.639853,0.608603
0.0014,15.6295,15.0193,14.625,14.5546,14.5074,14.1767,13.5009,12.6247,11.6907,10.9141,10.2257,9.63504,7.78047,6.18542,5.52296,5.05397,4.66942,4.32295,4.02096,3.75544,3.51695,3.33314,3.16449,3.0245,2.89488,2.77399,2.66072,2.55755,2.46128,2.37098,2.28709,2.20937,2.1357,2.06719,2.00393,1.94532,1.89088,1.83874,1.78943,1.74268,1.69834,1.656,1.61556,1.57704,1.54036,1.50533,1.47183,1.43858,1.40778,1.37827,1.3503,1.32354,1.29779,1.27237,1.24676,1.22303,1.20033,1.17847,1.15745,1.13717,1.11766,1.09919,1.08139,1.06891,1.04379,1.01983,0.996952,0.975081,0.95405,0.933912,0.914615,0.896059,0.878234,0.862674,0.819114,0.777762,0.738803,0.702163,0.667729,0.635101
0.00168,15.8578,15.2584,14.8982,14.861,14.8422,14.5352,13.8665,13.0164,12.0531,11.2966,10.7213,10.4624,9.14804,7.03584,6.09754,5.51401,5.05364,4.65066,4.30528,4.0061,3.74045,3.53798,3.35371,3.20113,3.06034,2.92935,2.80727,2.69613,2.59289,2.49633,2.40674,2.32383,2.2455,2.17278,2.10567,2.04353,1.98583,1.9307,1.87856,1.82915,1.78229,1.73756,1.69487,1.6542,1.61549,1.57853,1.5432,1.50823,1.47579,1.44471,1.41533,1.38711,1.35996,1.33327,1.30644,1.28151,1.25763,1.23467,1.21257,1.19125,1.17074,1.15135,1.13266,1.11957,1.0932,1.06805,1.04405,1.0211,0.999036,0.977907,0.957665,0.938197,0.919498,0.903178,0.857487,0.814115,0.773255,0.734835,0.698738,0.664561
0.00202,16.0751,15.4868,15.1627,15.1557,15.1865,14.863,14.1756,13.3788,12.4147,11.647,11.1439,11.0641,10.0693,8.23453,6.83067,6.11739,5.56276,5.08391,4.67792,4.33121,4.027,3.79835,3.59231,3.42238,3.26613,3.12195,2.98809,2.86637,2.75389,2.64908,2.55205,2.46239,2.37805,2.29986,2.22778,2.16103,2.09915,2.04019,1.98446,1.93169,1.88168,1.83397,1.78847,1.74516,1.70393,1.66459,1.627,1.58991,1.55544,1.52243,1.49125,1.46123,1.43238,1.40412,1.37583,1.34943,1.32415,1.29985,1.27647,1.25389,1.23219,1.21168,1.19194,1.1781,1.15024,1.12367,1.09831,1.07407,1.05077,1.02846,1.0071,0.986552,0.966817,0.949598,0.901392,0.855645,0.812557,0.772058,0.73403,0.698068
0.00267,16.3827,15.8124,15.5463,15.5785,15.4295,15.2804,14.5492,13.8147,12.9441,12.1562,11.7163,11.7911,10.9558,9.96649,7.99039,7.13061,6.4917,5.92462,5.4294,4.99981,4.62049,4.33786,4.08556,3.8783,3.68804,3.51616,3.35662,3.21195,3.0792,2.95642,2.84325,2.73904,2.64177,2.55167,2.46892,2.39212,2.3213,2.25419,2.19087,2.13109,2.07449,2.02062,1.96938,1.92062,1.87423,1.83002,1.78786,1.74636,1.70775,1.67086,1.63583,1.60219,1.56997,1.53858,1.50732,1.47804,1.44996,1.42302,1.39707,1.37202,1.34798,1.32526,1.30341,1.2881,1.25729,1.22793,1.19992,1.17316,1.14745,1.12284,1.09929,1.07664,1.0549,1.03595,0.982885,0.932564,0.885196,0.840723,0.799036,0.759724
0.00352,16.6666,16.116,15.9109,15.973,15.7982,15.6233,14.8487,14.1487,13.3712,12.6628,12.2833,12.468,11.6167,10.8404,9.63779,8.0129,7.32869,6.74064,6.22265,5.76052,5.34067,5.01986,4.72894,4.48723,4.26155,4.05883,3.86844,3.69528,3.53605,3.38924,3.25398,3.12963,3.01425,2.90684,2.80875,2.71712,2.63331,2.55429,2.47989,2.40992,2.34369,2.2809,2.22136,2.1647,2.11083,2.05953,2.01076,1.9627,1.91803,1.87549,1.83462,1.79577,1.75873,1.72283,1.68726,1.65386,1.62181,1.59108,1.5615,1.53294,1.50558,1.47974,1.45485,1.43743,1.40245,1.36914,1.33736,1.30704,1.27792,1.25007,1.22346,1.19787,1.17332,1.15195,1.09211,1.03542,0.9821,0.932114,0.885398,0.84152
0.00464,16.9336,16.4052,16.2631,16.3431,16.1332,15.9232,15.1056,14.4269,13.7093,13.1138,12.9099,13.2524,12.2422,11.4705,10.7841,8.87998,8.0367,7.4148,6.88565,6.41672,5.99179,5.66301,5.36178,5.11109,4.87317,4.65355,4.4458,4.25501,4.07764,3.913,3.76007,3.61879,3.48737,3.36348,3.25045,3.14376,3.04633,2.95437,2.86759,2.78595,2.70852,2.63518,2.56572,2.4994,2.43631,2.37618,2.31906,2.26234,2.20974,2.1598,2.11104,2.06528,2.02189,1.97991,1.93841,1.89944,1.86207,1.8262,1.7917,1.75839,1.72654,1.69641,1.66733,1.647,1.60626,1.5675,1.53049,1.49521,1.46133,1.42894,1.39805,1.36833,1.33986,1.31512,1.24578,1.18011,1.11833,1.06047,1.00658,0.956186
0.00613,17.1889,16.6857,16.6062,16.7111,16.4605,16.2099,15.3357,14.6724,13.9972,13.4853,13.5027,13.8929,13.0393,12.0553,11.4394,10.5535,8.73234,8.01595,7.45262,6.96615,6.5327,6.19785,5.89106,5.63882,5.39879,5.16973,4.95472,4.75626,4.57109,4.39822,4.23699,4.0876,3.94812,3.816,3.69518,3.58074,3.47564,3.37594,3.28134,3.19191,3.1068,3.02595,2.94912,2.87557,2.80545,2.73846,2.67458,2.61041,2.5511,2.49471,2.4394,2.38743,2.33817,2.29044,2.24309,2.19872,2.15617,2.11526,2.0759,2.03788,2.00152,1.96703,1.93369,1.91036,1.86366,1.81918,1.77664,1.736,1.69694,1.65956,1.62388,1.58954,1.55663,1.52806,1.44783,1.37166,1.29978,1.23226,1.16935,1.11056
0.00809,17.432,16.9571,16.9364,17.0099,16.7451,16.4803,15.5446,14.8935,14.2516,13.8013,13.9992,14.3448,13.7519,12.8065,12.0328,11.3347,9.69859,8.62392,7.98466,7.46089,7.00591,6.65797,6.34045,6.08312,5.83877,5.59933,5.37698,5.17132,4.97957,4.79997,4.6324,4.47705,4.33179,4.19461,4.06889,3.95019,3.84056,3.73624,3.63691,3.54265,3.45281,3.36714,3.2855,3.20731,3.13269,3.06128,2.99295,2.92374,2.86012,2.79943,2.74056,2.68451,2.63115,2.57937,2.52782,2.4795,2.43315,2.3886,2.34566,2.30422,2.2645,2.22681,2.19042,2.16494,2.11383,2.0651,2.01843,1.97374,1.93073,1.88951,1.85005,1.81206,1.77562,1.7439,1.6548,1.56997,1.48962,1.41375,1.34267,1.27587
0.0107,17.6676,17.2246,17.2568,17.2875,17.0058,16.7242,15.7396,15.0994,14.4875,14.0858,14.4384,14.7079,14.2253,13.7019,13.0179,11.9867,11.085,9.38626,8.55531,7.96035,7.46525,7.09444,6.75896,6.49092,6.23767,5.98511,5.75286,5.53798,5.33811,5.15057,4.97576,4.81368,4.66208,4.51965,4.3888,4.26584,4.15176,4.04307,3.93933,3.84072,3.74662,3.65667,3.57077,3.48852,3.40996,3.3347,3.26252,3.18907,3.1219,3.05765,2.99622,2.93691,2.8802,2.82513,2.77016,2.7186,2.6691,2.62157,2.57568,2.53142,2.48894,2.44866,2.40987,2.38268,2.32807,2.27594,2.226,2.17815,2.13204,2.0878,2.04538,2.00453,1.96529,1.93106,1.83488,1.74316,1.65612,1.57365,1.49599,1.42257
0.0141,17.8927,17.4844,17.5606,17.5456,17.2442,16.9428,15.92,15.2899,14.7051,14.3452,14.8329,15.0129,14.5935,14.2793,14.2376,13.7025,11.8246,10.6569,9.25279,8.50969,7.94472,7.53744,7.17455,6.88891,6.62129,6.35219,6.10685,5.8802,5.67016,5.473,5.28956,5.1195,4.96058,4.81201,4.67523,4.54724,4.42815,4.31462,4.20615,4.10299,4.00446,3.91014,3.82,3.73366,3.65114,3.57205,3.49608,3.41858,3.34797,3.28034,3.21641,3.15405,3.0942,3.03606,2.97801,2.92348,2.87106,2.8208,2.77221,2.72534,2.68033,2.6377,2.59672,2.568,2.51021,2.45501,2.40215,2.35148,2.30264,2.25574,2.21075,2.16739,2.1257,2.08929,1.98694,1.88921,1.79639,1.7083,1.62506,1.54606
0.0186,18.1125,17.7419,17.8535,17.7923,17.4693,17.1464,16.0916,15.4714,14.9139,14.5899,15.1969,15.2824,14.9131,14.775,14.765,14.4132,13.6,11.5785,10.3253,9.20535,8.50361,8.03549,7.6297,7.31629,7.02666,6.73562,6.47252,6.23036,6.00706,5.79768,5.60349,5.42362,5.25582,5.09963,4.95561,4.82136,4.69624,4.57696,4.463,4.35462,4.25108,4.15193,4.05715,3.96635,3.87955,3.79632,3.71629,3.63457,3.56031,3.48909,3.42234,3.35678,3.2937,3.23241,3.17127,3.11374,3.0584,3.00539,2.95409,2.9046,2.85704,2.81206,2.76888,2.73861,2.67764,2.61939,2.56362,2.51017,2.45863,2.40914,2.36162,2.31582,2.27176,2.23326,2.12493,2.02144,1.92307,1.82965,1.74119,1.65705
0.0246,18.3294,17.9995,18.1379,18.0329,17.6867,17.3405,16.2567,15.6468,15.116,14.826,15.5278,15.5269,15.2046,15.2018,15.1547,14.8341,14.3343,13.5703,11.3542,10.2217,9.23574,8.65066,8.17199,7.81378,7.49009,7.16821,6.88027,6.61692,6.37568,6.1501,5.94199,5.74954,5.57048,5.4045,5.25128,5.10895,4.97628,4.84985,4.72917,4.61449,4.50492,4.4001,4.29995,4.20398,4.11227,4.02432,3.93969,3.85326,3.77485,3.69958,3.62943,3.56025,3.49359,3.42886,3.36438,3.30361,3.24512,3.18915,3.13496,3.08266,3.0324,2.9849,2.93935,2.90741,2.84305,2.78154,2.72266,2.66625,2.61187,2.55963,2.50946,2.46109,2.41455,2.37386,2.25935,2.14989,2.0458,1.94693,1.85321,1.76394
0.0324,18.5393,18.2515,18.4082,18.2633,17.893,17.5227,16.4132,15.8137,15.3107,15.0496,15.8155,15.7476,15.4697,15.5492,15.4745,15.1647,14.7462,14.3776,13.906,11.2132,10.232,9.4734,8.85907,8.4225,8.04392,7.67651,7.35308,7.06048,6.79475,6.54735,6.32099,6.11227,5.91884,5.74019,5.57519,5.42248,5.2803,5.14492,5.01587,4.89343,4.7765,4.66486,4.5583,4.45625,4.35878,4.26533,4.17534,4.08349,4.00027,3.92028,3.84596,3.7726,3.70187,3.63321,3.56498,3.50059,3.43861,3.37935,3.32195,3.26656,3.21333,3.16307,3.11489,3.0811,3.013,2.94793,2.88564,2.82597,2.76849,2.71327,2.66019,2.60903,2.55979,2.51673,2.39555,2.27971,2.16953,2.06487,1.96562,1.87105
0.0428,18.7483,18.5043,18.6725,18.4911,18.095,17.6988,16.5657,15.977,15.5032,15.2681,16.075,15.9544,15.7187,15.8507,15.7592,15.4526,15.0833,14.8221,14.5827,14.1629,11.1934,10.4909,9.80452,9.25456,8.77931,8.33404,7.95272,7.61541,7.31314,7.03367,6.7815,6.55017,6.33712,6.14108,5.96004,5.79331,5.63851,5.49128,5.35119,5.21858,5.09203,4.97159,4.85687,4.74714,4.64247,4.54216,4.44549,4.34684,4.25765,4.17177,4.09208,4.01356,3.9378,3.86433,3.79152,3.72275,3.65657,3.59335,3.53212,3.47305,3.4163,3.36277,3.31145,3.27546,3.20293,3.13365,3.06734,3.00384,2.9427,2.88397,2.82748,2.77303,2.72063,2.67479,2.54583,2.42259,2.30539,2.19407,2.08851,1.98797
0.0565,18.9547,18.7548,18.9286,18.7145,18.2918,17.8692,16.7132,16.1364,15.6913,15.4808,16.3115,16.1482,15.9496,16.1196,16.017,15.7097,15.3776,15.1852,14.9973,14.7626,14.4396,11.3814,10.7551,10.2427,9.7426,9.22242,8.76049,8.35432,7.99342,7.66215,7.37023,7.10469,6.86273,6.64139,6.43742,6.25095,6.07862,5.91512,5.76005,5.61362,5.47403,5.34181,5.21626,5.09652,4.9825,4.87335,4.76805,4.6606,4.56373,4.47025,4.38359,4.29852,4.21636,4.13676,4.05815,3.98389,3.91245,3.8443,3.77831,3.71469,3.65361,3.59604,3.54084,3.50214,3.42418,3.34978,3.27857,3.21041,3.14482,3.08186,3.0212,2.96275,2.90652,2.85728,2.71889,2.58677,2.46114,2.34189,2.22887,2.1213
0.0746,19.1593,19.0037,19.1782,18.9347,18.485,18.0354,16.8565,16.2921,15.8793,15.6879,16.529,16.3319,16.1649,16.3663,16.2558,15.9452,15.6451,15.5043,15.3339,15.1532,14.9653,14.7534,14.405,11.0956,10.645,10.1541,9.70135,9.2814,8.8859,8.50572,8.16748,7.85433,7.57006,7.31087,7.07206,6.85527,6.65626,6.46838,6.29129,6.12419,5.96543,5.81625,5.67505,5.54128,5.41422,5.29288,5.17546,5.0558,4.9484,4.84454,4.74847,4.6546,4.56377,4.4759,4.38949,4.30795,4.22958,4.15492,4.0827,4.01312,3.94638,3.88354,3.82327,3.78105,3.69608,3.61506,3.53756,3.46346,3.39219,3.32382,3.25785,3.19432,3.13322,3.07961,2.9292,2.78583,2.64959,2.52038,2.39808,2.28181
0.1,19.3739,19.2647,19.4355,19.1645,18.6854,18.2064,17.0036,16.4533,16.0766,15.9003,16.741,16.5182,16.378,16.6089,16.4918,16.1759,15.9068,15.807,15.6383,15.4898,15.3496,15.2067,15.0668,14.9872,14.8198,10.9681,10.536,10.1403,9.76649,9.40354,9.07384,8.75865,8.46648,8.19335,7.93452,7.69471,7.47133,7.25733,7.0542,6.85955,6.67449,6.50142,6.33642,6.18222,6.03567,5.89603,5.75951,5.62099,5.49732,5.37714,5.26658,5.15913,5.05487,4.95424,4.85591,4.76332,4.67453,4.59006,4.50854,4.42991,4.35458,4.28381,4.21599,4.16846,4.073,3.98215,3.89539,3.81257,3.73304,3.6568,3.5832,3.51237,3.44423,3.38427,3.21649,3.057,2.90559,2.76226,2.6269,2.49851
0.12,19.5069,19.4262,19.5928,19.3064,18.8086,18.3109,17.0937,16.5525,16.1985,16.0299,16.8651,16.6306,16.5039,16.7527,16.632,16.3119,16.0614,15.9808,15.8078,15.6751,15.5522,15.4301,15.3243,15.2993,15.2411,15.0326,10.9975,10.5996,10.228,9.87127,9.54757,9.23977,8.95554,8.68953,8.43692,8.20222,7.98214,7.76913,7.56506,7.36715,7.17728,6.99842,6.82511,6.66368,6.5091,6.36108,6.21485,6.06573,5.93254,5.80171,5.6817,5.56487,5.45104,5.34114,5.23395,5.13301,5.03637,4.94434,4.85558,4.76968,4.68736,4.61013,4.53616,4.48418,4.37993,4.28088,4.18639,4.09631,4.00988,3.92707,3.84716,3.77031,3.69634,3.63109,3.44873,3.27576,3.11156,2.95637,2.81018,2.67177
0.14,19.619,19.5624,19.7241,19.4256,18.9118,18.3979,17.1687,16.6355,16.3026,16.1384,16.9658,16.724,16.6073,16.8705,16.747,16.423,16.1882,16.12,15.9412,15.8209,15.709,15.5998,15.5137,15.5152,15.4893,15.3305,15.1891,15.0208,10.5975,10.237,9.91113,9.60367,9.32122,9.05754,8.80791,8.57664,8.35962,8.14934,7.94756,7.75173,7.56331,7.38515,7.21137,7.04951,6.89393,6.74439,6.59649,6.44416,6.30821,6.17367,6.05043,5.92963,5.81137,5.69687,5.58489,5.47922,5.37797,5.28128,5.18789,5.09716,5.00998,4.92817,4.84978,4.79435,4.68319,4.57752,4.47665,4.38047,4.28812,4.19956,4.11412,4.03195,3.9527,3.88265,3.68657,3.5006,3.32369,3.15646,2.99924,2.85062
0.16,19.7161,19.6801,19.8368,19.5287,19.0006,18.4726,17.2327,16.7069,16.3922,16.2303,17.0503,16.8039,16.6949,16.9701,16.8443,16.5168,16.2954,16.2354,16.0504,15.9404,15.8363,15.7364,15.6637,15.6825,15.6745,15.535,15.4265,15.3165,15.1833,15.0057,10.2189,9.90638,9.62093,9.35533,9.10485,8.87358,8.65662,8.44652,8.24494,8.0497,7.86173,7.68367,7.50972,7.34764,7.19168,7.04149,6.89346,6.73981,6.60306,6.46771,6.34401,6.22203,6.1024,5.98636,5.87253,5.76499,5.66183,5.56316,5.46775,5.37495,5.28564,5.20176,5.12134,5.06425,4.94956,4.84037,4.73596,4.63628,4.54043,4.44837,4.35953,4.274,4.19135,4.11816,3.91258,3.71697,3.53013,3.35295,3.18627,3.0286
0.18,19.8016,19.7839,19.9352,19.6192,19.0786,18.538,17.2889,16.7696,16.4713,16.3105,17.1225,16.8733,16.7709,17.0564,16.9291,16.5977,16.3883,16.3336,16.1424,16.0413,15.9432,15.8502,15.7876,15.819,15.8231,15.6941,15.6026,15.514,15.4119,15.2955,10.5001,10.1776,9.88555,9.61454,9.36025,9.12636,8.90719,8.69518,8.49188,8.29556,8.10654,7.92732,7.75221,7.58899,7.4319,7.2804,7.13167,6.9764,6.83856,6.7024,6.57822,6.45526,6.33459,6.21748,6.10234,5.99351,5.88902,5.78904,5.69229,5.59827,5.50772,5.42265,5.3411,5.28314,5.16653,5.05538,4.94898,4.84732,4.74946,4.65538,4.56463,4.47718,4.39256,4.31762,4.1065,3.90498,3.71191,3.52811,3.35481,3.19049
0.2,19.8781,19.8765,20.0206,19.7,19.1479,18.5959,17.3389,16.8255,16.5424,16.3816,17.1857,16.9349,16.8975,17.1323,17.0027,16.6687,16.4701,16.4187,16.2216,16.1283,16.0349,15.9476,15.8929,15.9342,15.9471,15.8249,15.7444,15.6679,15.5805,15.484,10.7764,10.438,10.1337,9.85371,9.59321,9.3544,9.13114,8.91555,8.709,8.51026,8.31897,8.13755,7.9604,7.79527,7.63635,7.48292,7.33283,7.17553,7.03613,6.89871,6.77358,6.64933,6.52739,6.40901,6.29246,6.18225,6.07636,5.97505,5.87698,5.78176,5.69004,5.60386,5.52128,5.46257,5.34434,5.23157,5.12352,5.02025,4.9208,4.82513,4.7329,4.64395,4.55784,4.48162,4.26654,4.06079,3.8634,3.675,3.49698,3.32779
0.22,19.9471,19.9602,20.1007,19.7728,19.2104,18.6479,17.3839,16.8756,16.6061,16.4451,17.2416,16.99,16.9601,17.1996,17.0688,16.7319,16.5431,16.4935,16.2908,16.2045,16.1149,16.0323,15.9842,16.0336,16.0534,15.9358,15.8633,15.7948,15.7164,15.6309,11.0643,10.702,10.38,10.0866,9.81578,9.56965,9.3404,9.12001,8.90881,8.70645,8.51183,8.3273,8.14733,7.97965,7.81833,7.66241,7.51046,7.35078,7.20941,7.07032,6.94381,6.81797,6.69447,6.57458,6.45644,6.3447,6.23728,6.13452,6.03503,5.93852,5.84556,5.7582,5.67452,5.61503,5.49515,5.38077,5.27108,5.16624,5.06526,4.96807,4.87443,4.78406,4.69656,4.61918,4.40057,4.19113,3.99008,3.7979,3.61598,3.4428
0.24,20.0101,20.0367,20.1723,19.8393,19.2672,18.6951,17.4245,16.9217,16.6647,16.5021,17.2917,17.0399,17.0164,17.2611,17.1285,16.7888,16.6091,16.5602,16.3525,16.2722,16.1859,16.1073,16.0648,16.1209,16.1463,16.0322,15.9658,15.9031,15.8308,15.7528,15.6861,10.984,10.6361,10.3238,10.0391,9.78283,9.54535,9.3174,9.10002,8.8928,8.69412,8.50555,8.322,8.15115,7.98691,7.82799,7.67371,7.51132,7.36761,7.22649,7.09821,6.97048,6.84515,6.7235,6.60361,6.49016,6.3811,6.27676,6.17576,6.07784,5.98356,5.89494,5.81007,5.74975,5.62813,5.51206,5.40069,5.29424,5.19169,5.09297,4.9979,4.90612,4.81723,4.73869,4.51664,4.30368,4.09921,3.90357,3.71814,3.54139
0.26,20.068,20.107,20.2372,19.9003,19.3194,18.7384,17.4617,16.9636,16.7187,16.5544,17.3368,17.0853,17.0676,17.3167,17.1827,16.8406,16.6691,16.6203,16.4078,16.333,16.2495,16.1743,16.1367,16.1987,16.2287,16.1172,16.0559,15.9975,15.9298,15.8571,15.7963,15.7395,10.912,10.5742,10.2709,10.001,9.75258,9.51536,9.29008,9.07657,8.8716,8.67796,8.48999,8.31532,8.14795,7.98546,7.82838,7.66292,7.5165,7.37302,7.24261,7.11272,6.98527,6.86163,6.73979,6.62448,6.51361,6.40759,6.30496,6.20555,6.10985,6.01987,5.93373,5.87252,5.74905,5.63122,5.51808,5.40995,5.3058,5.20551,5.10896,5.01573,4.92544,4.84572,4.62022,4.4038,4.19601,3.99706,3.80829,3.62821
0.28,20.1217,20.172,20.2975,19.9568,19.3675,18.7781,17.4961,17.0021,16.7683,16.6024,17.378,17.127,17.1145,17.3676,17.2326,16.8879,16.7242,16.6748,16.458,16.3881,16.307,16.2349,16.2016,16.2687,16.3026,16.1931,16.1361,16.081,16.0169,15.9483,15.892,15.8401,15.799,10.8453,10.518,10.2308,9.96807,9.71927,9.48415,9.26271,9.05029,8.85036,8.657,8.47775,8.3057,8.13903,7.97861,7.80969,7.66012,7.51425,7.38131,7.24896,7.11908,6.99318,6.8692,6.75183,6.63905,6.53119,6.42681,6.32579,6.22858,6.13715,6.04964,5.98747,5.86204,5.74234,5.62734,5.51745,5.41162,5.30971,5.21162,5.1169,5.02516,4.94423,4.71521,4.49532,4.28423,4.08202,3.89002,3.70676
0.3,20.1716,20.2325,20.3532,20.0093,19.4119,18.8146,17.5278,17.038,16.815,16.6463,17.4158,17.1662,17.158,17.4146,17.2783,16.9315,16.7751,16.7247,16.5039,16.4385,16.3595,16.29,16.2606,16.3323,16.3695,16.2617,16.2083,16.156,16.0946,16.0294,15.9766,15.9284,15.8917,15.8561,10.7851,10.4769,10.1965,9.93383,9.68681,9.4556,9.23408,9.0265,8.82665,8.64197,8.46477,8.29319,8.12881,7.95586,7.80262,7.65325,7.51739,7.38223,7.24957,7.12113,6.99478,6.87514,6.76051,6.65065,6.54437,6.44161,6.34276,6.24978,6.16078,6.09759,5.97006,5.84837,5.73138,5.61963,5.51205,5.40845,5.30875,5.21246,5.11923,5.03703,4.80437,4.58095,4.36654,4.16108,3.96588,3.7795
0.32,20.2181,20.2891,20.4044,20.0583,19.4537,18.8492,17.5578,17.0717,16.8579,16.6868,17.4507,17.3243,17.1979,17.4581,17.3208,16.9718,16.8223,16.7705,16.546,16.4846,16.4075,16.3405,16.3146,16.3904,16.4304,16.3241,16.2738,16.2237,16.1646,16.1021,16.0521,16.007,15.9738,15.9421,15.9155,10.7407,10.4402,10.1618,9.90108,9.65836,9.42606,9.20939,9.00188,8.81087,8.62774,8.45048,8.28143,8.10383,7.94632,7.79329,7.65406,7.51571,7.37987,7.24854,7.11952,6.99734,6.88006,6.76801,6.65967,6.55501,6.45439,6.35972,6.26912,6.20481,6.07503,5.95121,5.8321,5.71836,5.60891,5.50375,5.40233,5.30441,5.2096,5.12606,4.88961,4.66254,4.44474,4.236,4.0376,3.84814
0.34,20.2619,20.3423,20.4537,20.1043,19.4929,18.8814,17.5851,17.1029,16.8985,16.7247,17.483,17.3591,17.2352,17.4988,17.3611,17.0095,16.8663,16.8129,16.585,16.5274,16.4519,16.3872,16.3645,16.4439,16.4865,16.3814,16.3339,16.2856,16.2284,16.1682,16.1205,16.0779,16.0477,16.0192,15.9957,15.9799,10.6997,10.4045,10.129,9.87344,9.62902,9.40202,9.18571,8.98746,8.79752,8.61382,8.43934,8.2564,8.09397,7.93684,7.79379,7.65178,7.51235,7.37774,7.24573,7.12071,7.00071,6.88622,6.7756,6.66884,6.56626,6.46973,6.37737,6.31186,6.17965,6.05354,5.93212,5.81623,5.70478,5.59742,5.49417,5.3945,5.29802,5.21305,4.97259,4.74172,4.52042,4.30831,4.10666,3.9141
0.36,20.3032,20.3926,20.4995,20.1477,19.5296,18.9115,17.611,17.1326,16.9369,16.76,17.513,17.3915,17.2701,17.5369,17.398,17.0447,16.9075,16.852,16.6214,16.567,16.4931,16.4304,16.4106,16.4935,16.5383,16.4343,16.3893,16.3424,16.2869,16.2286,16.183,16.1425,16.1148,16.0889,16.0681,16.055,16.0442,16.0293,10.3695,10.1004,9.84328,9.60517,9.37916,9.17298,8.97552,8.78477,8.60418,8.41522,8.24721,8.08553,7.9382,7.79207,7.6486,7.51033,7.37498,7.24679,7.12384,7.00663,6.8935,6.7844,6.67966,6.58108,6.4868,6.41998,6.28515,6.15655,6.03264,5.91442,5.80081,5.69129,5.58604,5.48451,5.38623,5.29973,5.05499,4.82009,4.59512,4.37951,4.17449,3.97875
0.38,20.3422,20.4399,20.5425,20.1887,19.5643,18.94,17.6355,17.1605,16.9728,16.7929,17.541,17.422,17.303,17.5727,17.433,17.0777,16.9462,16.8892,16.6553,16.604,16.5315,16.4707,16.4536,16.5396,16.5865,16.4833,16.4406,16.395,16.3409,16.2843,16.2403,16.2016,16.1761,16.1525,16.134,16.1233,16.1149,16.1023,16.0878,10.3378,10.068,9.81844,9.58217,9.36764,9.16223,8.96413,8.77692,8.58137,8.40727,8.24061,8.08862,7.93793,7.79005,7.64776,7.50873,7.37704,7.25082,7.13063,7.01475,6.90305,6.79593,6.69509,6.5987,6.53047,6.3928,6.2615,6.13489,6.01415,5.89822,5.78638,5.67899,5.57544,5.47523,5.38708,5.13772,4.89855,4.6697,4.45043,4.24189,4.04286
0.4,20.3791,20.4849,20.5832,20.2275,19.5971,18.9666,17.6587,17.1868,17.0074,16.824,17.5674,17.4507,17.334,17.6064,17.4658,17.1089,16.9828,16.9238,16.6872,16.6387,16.5674,16.5083,16.4938,16.5826,16.6313,16.5291,16.4883,16.4438,16.3909,16.3357,16.2932,16.2561,16.2325,16.211,16.1944,16.1858,16.1794,16.1689,16.1563,16.1424,10.3024,10.0408,9.7938,9.57063,9.35705,9.15157,8.95751,8.75502,8.57454,8.4026,8.24572,8.09009,7.93754,7.79096,7.64796,7.51247,7.38272,7.2593,7.14043,7.02587,6.91612,6.81282,6.71414,6.6444,6.50367,6.36947,6.23996,6.1165,5.99807,5.88373,5.77401,5.66829,5.56598,5.47604,5.22173,4.97799,4.745,4.52187,4.30966,4.1072
0.42,20.4143,20.5277,20.6218,20.2644,19.6282,18.9921,17.6805,17.2116,17.0397,16.8533,17.5921,17.4777,17.3632,17.638,17.4968,17.1383,17.0173,16.9562,16.7171,16.6712,16.6011,16.5437,16.5315,16.623,16.6733,16.5718,16.5329,16.4893,16.4375,16.3836,16.3424,16.3067,16.2848,16.265,16.2502,16.2434,16.2389,16.2301,16.2192,16.207,16.1931,10.2726,10.0136,9.7812,9.55914,9.34621,9.14519,8.93558,8.74868,8.57127,8.40939,8.24859,8.09126,7.94024,7.79307,7.65358,7.52009,7.39325,7.2712,7.15355,7.04096,6.93501,6.83388,6.76251,6.61855,6.48125,6.34866,6.22231,6.10122,5.98418,5.87194,5.76391,5.65934,5.56747,5.30783,5.05919,4.82178,4.59459,4.3785,4.17243
0.44,20.4478,20.5685,20.6584,20.2996,19.6578,19.016,17.7017,17.2355,17.071,16.8811,17.6153,17.5031,17.391,17.6688,17.5262,17.1662,17.05,16.9868,16.7454,16.7019,16.6329,16.5769,16.567,16.6609,16.7128,16.612,16.5748,16.5319,16.4811,16.4284,16.3882,16.3538,16.3334,16.3153,16.3019,16.2968,16.2938,16.2867,16.2773,16.2665,16.2542,16.2407,16.2267,10.0001,9.76855,9.54762,9.33931,9.12232,8.92904,8.74598,8.57905,8.41292,8.25084,8.09536,7.94387,7.80029,7.66297,7.53259,7.40726,7.28633,7.17072,7.06197,6.95827,6.88518,6.73781,6.59727,6.46148,6.33212,6.20823,6.08832,5.97342,5.86293,5.75594,5.66201,5.39667,5.14282,4.9007,4.66919,4.44901,4.23915
0.46,20.4798,20.6075,20.6933,20.3332,19.6861,19.0389,17.7212,17.258,17.1005,16.9073,17.6376,17.5274,17.4172,17.6974,17.5543,17.1928,17.0811,17.0157,16.7721,16.7309,16.6629,16.6083,16.6005,16.6967,16.7499,16.6499,16.6142,16.572,16.522,16.4703,16.4312,16.3978,16.3789,16.3622,16.3502,16.3465,16.345,16.3392,16.3312,16.3217,16.3107,16.2985,16.2858,16.276,9.98743,9.75697,9.54042,9.31537,9.11549,8.92637,8.75421,8.58258,8.41574,8.25578,8.09988,7.95214,7.81097,7.67704,7.54836,7.42402,7.30527,7.19362,7.08727,7.01239,6.86148,6.71758,6.57856,6.44612,6.31935,6.19646,6.07879,5.96573,5.85618,5.76007,5.48872,5.22936,4.98222,4.74618,4.5217,4.30783
0.48,20.5104,20.6449,20.7266,20.3653,19.7131,19.0609,17.7403,17.2798,17.1287,16.9318,17.6585,17.5508,17.4432,17.7248,17.5809,17.2178,17.1107,17.043,16.7975,16.7584,16.6912,16.638,16.6322,16.7306,16.7851,16.6856,16.6514,16.6098,16.5605,16.5098,16.4715,16.4391,16.4215,16.4061,16.3954,16.393,16.3928,16.3883,16.3814,16.3731,16.3633,16.3523,16.3407,16.332,16.3226,9.97756,9.75093,9.51644,9.30916,9.11318,8.93523,8.7577,8.58586,8.42127,8.26073,8.10876,7.96371,7.82616,7.69407,7.56622,7.44425,7.32964,7.22059,7.14383,6.98927,6.84193,6.6997,6.56417,6.4345,6.30858,6.18808,6.0724,5.9602,5.86183,5.58423,5.31911,5.06669,4.8259,4.59692,4.37885
0.5,20.5397,20.6807,20.7585,20.3961,19.739,19.082,17.7582,17.3005,17.1556,16.9553,17.6783,17.5723,17.4663,17.7511,17.6063,17.2419,17.1389,17.0685,16.8215,16.7844,16.7182,16.6663,16.6623,16.7626,16.8183,16.7195,16.6867,16.6454,16.5969,16.547,16.5095,16.478,16.4616,16.4474,16.4378,16.4366,16.4377,16.4343,16.4285,16.4212,16.4125,16.4025,16.3919,16.3842,16.3757,16.3653,16.3545,9.7291,9.51287,9.3086,9.12374,8.93957,8.76213,8.59246,8.4268,8.2703,8.1212,7.9799,7.84426,7.71275,7.58744,7.46979,7.35797,7.27921,7.12084,6.96998,6.82453,6.68595,6.55336,6.42443,6.3011,6.18279,6.06787,5.96718,5.68319,5.41213,5.15423,4.9085,4.67488,4.45243
0.52,20.5679,20.7151,20.7891,20.4257,19.7638,19.1019,17.7755,17.3204,17.1815,16.978,17.6972,17.5933,17.4895,17.7761,17.6308,17.2649,17.1659,17.0934,16.8445,16.8092,16.7438,16.6931,16.6909,16.7931,16.8499,16.7517,16.7201,16.6793,16.6313,16.5822,16.5454,16.5148,16.4994,16.4863,16.4778,16.4777,16.4799,16.4776,16.4727,16.4664,16.4587,16.4496,16.4399,16.4331,16.4255,16.4158,16.4059,16.3748,9.73075,9.51624,9.32277,9.13081,8.94672,8.77113,8.59954,8.43792,8.28435,8.13894,7.99941,7.86398,7.73511,7.61424,7.49951,7.41856,7.25612,7.10158,6.95285,6.81117,6.67564,6.54374,6.41761,6.29665,6.17896,6.07594,5.78547,5.50836,5.2448,4.99398,4.7556,4.52865
0.54,20.5949,20.7482,20.8161,20.4541,19.7877,19.1213,17.792,17.3393,17.2063,16.9989,17.7152,17.6133,17.5114,17.8003,17.6542,17.287,17.1917,17.1172,16.8664,16.8329,16.7682,16.7186,16.7182,16.8222,16.88,16.7823,16.7519,16.7114,16.664,16.6156,16.5795,16.5496,16.5352,16.5231,16.5156,16.5165,16.5197,16.5184,16.5144,16.509,16.5021,16.4939,16.4851,16.479,16.4722,16.4633,16.4541,16.4235,16.4125,16.402,9.53606,9.33499,9.14287,8.96019,8.7815,8.61385,8.45508,8.30489,8.16089,8.02112,7.8883,7.76392,7.64597,7.56255,7.3956,7.23708,7.08483,6.93992,6.80134,6.66644,6.5375,6.41387,6.29336,6.18796,5.89091,5.60762,5.33828,5.08224,4.83903,4.60745
0.56,20.621,20.7801,20.8465,20.4814,19.8104,19.1394,17.8079,17.3578,17.2302,17.0195,17.7324,17.6324,17.5323,17.823,17.6769,17.3079,17.2165,17.1401,16.8874,16.8555,16.7914,16.743,16.7442,16.8499,16.9086,16.8115,16.7822,16.7419,16.6951,16.6474,16.6118,16.5826,16.5692,16.558,16.5513,16.5533,16.5574,16.557,16.5538,16.5492,16.5432,16.5358,16.5277,16.5223,16.5162,16.508,16.4994,16.4693,16.4589,16.449,16.4488,16.4427,9.35393,9.16296,8.9759,8.80109,8.63613,8.48028,8.33095,8.18622,8.04892,7.92052,7.79891,7.7126,7.54051,7.3775,7.22129,7.07283,6.93094,6.79293,6.66108,6.53466,6.41122,6.30338,5.99954,5.70988,5.4346,5.17317,4.92503,4.68875
0.58,20.6462,20.811,20.8736,20.5078,19.8326,19.1574,17.8232,17.3758,17.2531,17.0392,17.7488,17.6506,17.5524,17.8451,17.6983,17.3282,17.2403,17.1618,16.9075,16.8771,16.8137,16.7664,16.7691,16.8763,16.936,16.8394,16.8111,16.7711,16.7247,16.6776,16.6426,16.614,16.6015,16.5912,16.5853,16.5882,16.5931,16.5936,16.5911,16.5873,16.582,16.5754,16.5679,16.5632,16.5578,16.5502,16.5423,16.5125,16.5027,16.4934,16.4938,16.4883,16.4811,9.38147,9.18534,9.00248,8.83036,8.66788,8.51224,8.36188,8.21944,8.0864,7.96053,7.87083,7.69273,7.52456,7.36371,7.21117,7.06555,6.92417,6.78918,6.65976,6.53321,6.42278,6.11171,5.81535,5.53387,5.26682,5.01361,4.77251
0.6,20.6704,20.8412,20.8998,20.5335,19.8539,19.1743,17.8381,17.3928,17.2755,17.0577,17.7646,17.6681,17.5717,17.8664,17.7188,17.3478,17.2632,17.1827,16.9268,16.8976,16.8351,16.7888,16.793,16.9017,16.9622,16.8662,16.8388,16.799,16.7531,16.7065,16.672,16.644,16.6323,16.6229,16.6178,16.6215,16.6272,16.6284,16.6267,16.6236,16.619,16.613,16.6062,16.6022,16.5973,16.5903,16.5829,16.5535,16.5443,16.5355,16.5365,16.5316,16.5248,16.5172,16.5059,9.21947,9.03982,8.8701,8.70734,8.55088,8.40277,8.26448,8.13372,8.04012,7.85508,7.68091,7.51454,7.35722,7.20728,7.06208,6.92357,6.7908,6.66084,6.54758,6.22859,5.92495,5.63681,5.36376,5.10521,4.8591
0.62,20.6939,20.8701,20.925,20.558,19.8745,19.191,17.8523,17.4089,17.2968,17.0756,17.7797,17.685,17.5904,17.8869,17.7388,17.3668,17.2851,17.2025,16.9451,16.9178,16.8555,16.8102,16.8158,16.926,16.9873,16.8917,16.8653,16.8256,16.7802,16.7341,16.7,16.6726,16.6617,16.653,16.6486,16.6531,16.6596,16.6615,16.6605,16.658,16.6541,16.6487,16.6425,16.639,16.6347,16.6283,16.6214,16.5923,16.5836,16.5753,16.5769,16.5724,16.5661,16.5589,16.5481,16.5406,16.534,9.085,8.91502,8.75255,8.59872,8.45491,8.31894,8.2212,8.02861,7.84778,7.67499,7.51217,7.35728,7.20774,7.06523,6.92867,6.79498,6.67861,6.35078,6.03907,5.74365,5.4641,5.19982,4.94842
0.64,20.7166,20.8985,20.9493,20.5819,19.8943,19.2067,17.8661,17.4247,17.3173,17.0923,17.7942,17.7013,17.6084,17.9067,17.758,17.3849,17.3064,17.2216,16.9628,16.9368,16.8751,16.8308,16.8377,16.9493,17.0114,16.9163,16.8907,16.8512,16.8061,16.7605,16.7268,16.6999,16.6897,16.6818,16.678,16.6833,16.6906,16.6932,16.6927,16.6908,16.6875,16.6827,16.6771,16.6741,16.6704,16.6644,16.658,16.6292,16.6209,16.6131,16.6152,16.6112,16.6054,16.5986,16.5882,16.581,16.5749,16.5704,16.566,16.5624,8.806,8.65687,8.51579,8.41422,8.21419,8.02648,7.84672,7.67786,7.5175,7.3631,7.21613,7.07536,6.93765,6.81785,6.48013,6.15935,5.85582,5.56906,5.29849,5.04139
0.66,20.7386,20.9249,20.9727,20.6049,19.9135,19.2222,17.8792,17.4403,17.3372,17.1091,17.808,17.7169,17.6258,17.9258,17.7767,17.4024,17.3268,17.2399,16.9797,16.9551,16.894,16.8506,16.8588,16.9717,17.0345,16.9399,16.9152,16.8757,16.8309,16.7858,16.7524,16.7261,16.7166,16.7093,16.7062,16.7121,16.7201,16.7234,16.7235,16.7222,16.7195,16.7152,16.7101,16.7076,16.7043,16.6988,16.6929,16.6643,16.6565,16.6491,16.6517,16.6481,16.6427,16.6363,16.6263,16.6194,16.6137,16.6096,16.6055,16.6023,16.6001,16.6014,8.72111,8.61643,8.40985,8.21572,8.02905,7.85412,7.68815,7.52865,7.37694,7.2317,7.08985,6.96646,6.61805,6.2872,5.97463,5.67987,5.4023,5.13897
0.68,20.76,20.9515,20.9954,20.6273,19.9323,19.2372,17.892,17.4551,17.3565,17.1247,17.8214,17.732,17.6425,17.9443,17.7944,17.4192,17.3466,17.2579,16.9965,16.9729,16.9122,16.8698,16.8792,16.9933,17.0568,16.9627,16.9387,16.8993,16.8549,16.8101,16.7771,16.7513,16.7425,16.7358,16.7333,16.7399,16.7485,16.7524,16.753,16.7523,16.7501,16.7463,16.7418,16.7397,16.7369,16.7318,16.7263,16.698,16.6905,16.6835,16.6866,16.6834,16.6784,16.6724,16.6627,16.6562,16.6508,16.647,16.6433,16.6403,16.6385,16.6401,16.6435,16.6458,16.6496,8.41294,8.22,8.03943,7.86814,7.70361,7.54719,7.39753,7.25171,7.12476,6.76554,6.42402,6.10163,5.79806,5.51275,5.24257
0.7,20.7806,20.9769,21.0173,20.6491,19.9502,19.2514,17.9045,17.4697,17.3752,17.1403,17.8342,17.7465,17.6589,17.9618,17.8118,17.4357,17.3657,17.2748,17.0123,16.9899,16.9297,16.8882,16.8987,17.014,17.0782,16.9846,16.9613,16.9219,16.8779,16.8335,16.8008,16.7754,16.7672,16.7611,16.7592,16.7664,16.7757,16.7801,16.7813,16.781,16.7794,16.7761,16.772,16.7704,16.768,16.7633,16.7582,16.73,16.7229,16.7163,16.7198,16.7171,16.7124,16.7067,16.6973,16.6912,16.686,16.6826,16.6792,16.6766,16.675,16.677,16.6806,16.6831,16.6875,16.6915,8.41516,8.22957,8.05346,7.88418,7.72334,7.56953,7.4201,7.28985,6.92067,6.56868,6.23627,5.92351,5.62995,5.35244
0.72,20.8007,21.0019,21.0385,20.6701,19.9678,19.2654,17.9165,17.484,17.3932,17.1548,17.8467,17.7606,17.6746,17.9797,17.8285,17.4512,17.3841,17.291,17.0277,17.0064,16.9466,16.9059,16.9176,17.0341,17.0989,17.0057,16.9831,16.9437,16.9,16.856,16.8236,16.7985,16.791,16.7855,16.7841,16.7919,16.8018,16.8067,16.8084,16.8086,16.8074,16.8046,16.8009,16.7997,16.7977,16.7934,16.7887,16.7607,16.754,16.7477,16.7517,16.7492,16.7449,16.7395,16.7304,16.7246,16.7198,16.7166,16.7135,16.7111,16.7099,16.7122,16.7161,16.7189,16.7236,16.7281,16.7323,16.7364,8.24211,8.06827,7.90329,7.74558,7.59279,7.45948,7.08156,6.71999,6.37797,6.05611,5.7542,5.46914
0.74,20.8203,21.0259,21.0591,20.6907,19.9845,19.2784,17.928,17.4976,17.4108,17.1689,17.8586,17.7742,17.6898,17.9962,17.8448,17.4669,17.4021,17.3071,17.0426,17.0223,16.963,16.9232,16.9359,17.0534,17.1189,17.0261,17.0043,16.9648,16.9214,16.8777,16.8456,16.8209,16.8139,16.809,16.8081,16.8165,16.8269,16.8324,16.8345,16.8352,16.8345,16.8321,16.8288,16.828,16.8264,16.8225,16.818,16.7903,16.7839,16.7779,16.7823,16.7802,16.7761,16.7711,16.7623,16.7567,16.7522,16.7493,16.7464,16.7444,16.7434,16.7459,16.7502,16.7531,16.7583,16.7632,16.7677,16.7723,16.7762,16.7798,16.7829,7.92448,7.76834,7.63206,7.24631,6.87618,6.52529,6.19483,5.88484,5.59235
0.76,20.8392,21.0482,21.0791,20.7106,20.0005,19.2903,17.9394,17.5105,17.4278,17.1825,17.8703,17.7875,17.7047,18.0124,17.8606,17.4818,17.4194,17.3226,17.0569,17.0376,16.9787,16.9398,16.9535,17.0721,17.1381,17.0458,17.0246,16.9851,16.9419,16.8986,16.8667,16.8424,16.836,16.8316,16.8312,16.8401,16.8511,16.857,16.8596,16.8607,16.8604,16.8584,16.8555,16.8551,16.8538,16.8503,16.8462,16.8186,16.8125,16.8068,16.8115,16.8098,16.806,16.8013,16.7927,16.7874,16.7831,16.7805,16.7779,16.7761,16.7754,16.7782,16.7827,16.7859,16.7914,16.7967,16.8016,16.8065,16.8108,16.8147,16.818,16.8209,16.8232,7.80545,7.41215,7.03429,6.67521,6.33673,6.01916,5.71966
0.78,20.8577,21.0717,21.0985,20.73,20.0174,19.3047,17.9502,17.5229,17.4442,17.1955,17.8814,17.8003,17.7192,18.0283,17.8761,17.4963,17.4362,17.3378,17.0708,17.0525,16.9939,16.9558,16.9705,17.0901,17.1567,17.0649,17.0442,17.0047,16.9618,16.9187,16.8871,16.8632,16.8573,16.8534,16.8534,16.8629,16.8743,16.8808,16.8837,16.8852,16.8854,16.8838,16.8813,16.8812,16.8803,16.877,16.8732,16.8458,16.84,16.8346,16.8397,16.8382,16.8347,16.8303,16.822,16.8169,16.8129,16.8105,16.8081,16.8066,16.8061,16.8092,16.814,16.8173,16.8232,16.8288,16.8341,16.8393,16.8439,16.8481,16.8518,16.8549,16.8575,16.8594,7.57937,7.19397,6.827,6.48084,6.156,5.84981
0.8,20.8757,21.0933,21.1175,20.749,20.033,19.317,17.9609,17.5355,17.4604,17.2082,17.8922,17.8127,17.7332,18.0439,17.891,17.5104,17.4526,17.3523,17.0843,17.0669,17.0087,16.9714,16.9871,17.1076,17.1748,17.0834,17.0633,17.0237,16.9811,16.9383,16.9068,16.8833,16.8779,16.8744,16.8749,16.8849,16.8969,16.9037,16.9071,16.909,16.9095,16.9083,16.9061,16.9064,16.9058,16.9028,16.8993,16.872,16.8665,16.8615,16.8668,16.8657,16.8625,16.8583,16.8502,16.8454,16.8416,16.8394,16.8373,16.836,16.8357,16.839,16.8441,16.8476,16.8539,16.8598,16.8654,16.8709,16.8758,16.8804,16.8843,16.8877,16.8906,16.8926,16.897,7.35643,6.98116,6.62712,6.295,5.9822
0.82,20.8932,21.1149,21.1359,20.7674,20.0483,19.3292,17.9714,17.5481,17.476,17.2204,17.9027,17.825,17.7474,18.0586,17.9056,17.524,17.4684,17.3663,17.0974,17.0809,17.023,16.9866,17.003,17.1245,17.1922,17.1013,17.0817,17.0421,16.9996,16.9571,16.9259,16.9026,16.8977,16.8947,16.8956,16.9061,16.9186,16.9258,16.9296,16.9318,16.9327,16.9319,16.9301,16.9306,16.9303,16.9277,16.9244,16.8973,16.892,16.8872,16.8929,16.892,16.8891,16.8851,16.8773,16.8727,16.8691,16.8672,16.8652,16.8641,16.8641,16.8677,16.873,16.8766,16.8832,16.8895,16.8954,16.9012,16.9064,16.9112,16.9154,16.9191,16.9222,16.9245,16.9295,16.9322,16.9336,6.77524,6.43527,6.11558
0.84,20.9102,21.136,21.1538,20.7853,20.063,19.3408,17.9813,17.5596,17.4911,17.2323,17.9126,17.8361,17.7596,18.0731,17.9195,17.5373,17.4838,17.3799,17.1101,17.0943,17.0369,17.0012,17.0185,17.1409,17.2091,17.1186,17.0996,17.0599,17.0176,16.9753,16.9443,16.9214,16.9169,16.9144,16.9157,16.9266,16.9395,16.9472,16.9513,16.9539,16.9552,16.9546,16.9532,16.954,16.954,16.9516,16.9487,16.9216,16.9166,16.9121,16.9181,16.9174,16.9147,16.911,16.9034,16.899,16.8956,16.8939,16.8922,16.8913,16.8915,16.8952,16.9008,16.9046,16.9115,16.9181,16.9243,16.9304,16.9359,16.941,16.9454,16.9493,16.9526,16.9552,16.9607,16.964,16.9659,16.9675,6.57892,6.25139
0.86,20.9268,21.1576,21.1712,20.8029,20.0775,19.3522,17.9912,17.5712,17.506,17.2435,17.9226,17.8474,17.7723,18.0873,17.9331,17.5504,17.4988,17.3931,17.1224,17.1073,17.0503,17.0155,17.0336,17.1569,17.2256,17.1355,17.117,17.0771,17.0351,16.9931,16.9622,16.9396,16.9356,16.9335,16.9351,16.9465,16.9599,16.968,16.9724,16.9753,16.9769,16.9767,16.9756,16.9767,16.977,16.9749,16.9722,16.9452,16.9404,16.9361,16.9424,16.942,16.9396,16.9361,16.9286,16.9245,16.9213,16.9198,16.9183,16.9176,16.918,16.9219,16.9277,16.9316,16.9389,16.9457,16.9522,16.9586,16.9644,16.9697,16.9744,16.9785,16.9821,16.9848,16.9909,16.9947,16.9971,16.9992,17.0009,6.3926
0.88,20.9425,21.1778,21.1879,20.8201,20.0917,19.3633,18.0007,17.5823,17.52,17.2546,17.932,17.8584,17.7847,18.1012,17.9468,17.563,17.5135,17.406,17.1343,17.1198,17.0635,17.0294,17.0483,17.1724,17.2416,17.152,17.1339,17.0939,17.0521,17.0103,16.9796,16.9572,16.9537,16.9519,16.954,16.9658,16.9796,16.988,16.9928,16.9961,16.998,16.9981,16.9972,16.9987,16.9992,16.9973,16.9949,16.968,16.9635,16.9594,16.966,16.9658,16.9636,16.9603,16.953,16.9491,16.9461,16.9448,16.9435,16.9429,16.9435,16.9477,16.9536,16.9577,16.9653,16.9724,16.9792,16.9858,16.9918,16.9975,17.0024,17.0067,17.0105,17.0134,17.02,17.0243,17.0271,17.0297,17.0319,17.0331
0.9,20.9562,21.1973,21.2033,20.8369,20.1051,19.3732,18.0099,17.5936,17.5334,17.2654,17.941,17.8689,17.7969,18.1139,17.9598,17.5751,17.5277,17.4182,17.1457,17.1319,17.076,17.0428,17.0624,17.1873,17.2569,17.1678,17.1501,17.1101,17.0685,17.0268,16.9963,16.9742,16.9711,16.9697,16.9721,16.9843,16.9985,17.0073,17.0124,17.016,17.0183,17.0187,17.0181,17.0197,17.0205,17.0189,17.0167,16.9899,16.9856,16.9817,16.9886,16.9887,16.9866,16.9835,16.9765,16.9727,16.9699,16.9687,16.9676,16.9673,16.968,16.9724,16.9785,16.9828,16.9906,16.998,17.005,17.0119,17.0182,17.024,17.0292,17.0337,17.0377,17.0408,17.0479,17.0526,17.0559,17.0589,17.0615,17.0631
0.91,20.964,21.2071,21.2116,20.8452,20.1119,19.3787,18.0145,17.5989,17.5409,17.2708,17.9456,17.8742,17.8028,18.1207,17.9663,17.5812,17.5348,17.4244,17.1514,17.1381,17.0822,17.0494,17.0695,17.1947,17.2646,17.1757,17.1582,17.1181,17.0766,17.0351,17.0046,16.9826,16.9797,16.9785,16.9811,16.9935,17.0079,17.0169,17.0221,17.0259,17.0283,17.0289,17.0284,17.0302,17.0311,17.0296,17.0275,17.0007,16.9965,16.9928,16.9998,17,16.9981,16.995,16.9881,16.9844,16.9817,16.9806,16.9796,16.9793,16.9802,16.9846,16.9909,16.9952,17.0031,17.0107,17.0178,17.0249,17.0312,17.0372,17.0424,17.0471,17.0512,17.0543,17.0617,17.0667,17.0702,17.0733,17.0761,17.078
0.92,20.9717,21.2165,21.2196,20.8533,20.1187,19.384,18.019,17.6042,17.5471,17.2759,17.95,17.8793,17.8087,18.1271,17.9724,17.5872,17.5416,17.4303,17.157,17.1441,17.0884,17.0559,17.0763,17.2019,17.272,17.1833,17.1661,17.1259,17.0845,17.043,17.0126,16.9908,16.9881,16.9871,16.9898,17.0025,17.017,17.0262,17.0316,17.0355,17.038,17.0387,17.0384,17.0403,17.0414,17.04,17.038,17.0113,17.0071,17.0035,17.0106,17.0109,17.0091,17.0062,16.9993,16.9957,16.9931,16.9921,16.9911,16.991,16.9919,16.9965,17.0028,17.0072,17.0153,17.0229,17.0302,17.0374,17.0438,17.0499,17.0553,17.06,17.0642,17.0675,17.075,17.0803,17.084,17.0873,17.0903,17.0923
0.93,20.9793,21.2259,21.2276,20.8613,20.1252,19.3892,18.0234,17.6096,17.5538,17.2808,17.9544,17.8844,17.8144,18.1337,17.9787,17.5931,17.5484,17.4363,17.1628,17.1499,17.0944,17.0624,17.0831,17.2091,17.2794,17.1909,17.1739,17.1336,17.0923,17.051,17.0206,16.9989,16.9964,16.9956,16.9985,17.0113,17.0261,17.0354,17.0409,17.045,17.0477,17.0485,17.0483,17.0504,17.0515,17.0503,17.0484,17.0217,17.0177,17.0141,17.0214,17.0218,17.0201,17.0173,17.0104,17.0069,17.0044,17.0035,17.0026,17.0025,17.0036,17.0082,17.0146,17.0191,17.0273,17.0351,17.0425,17.0498,17.0564,17.0625,17.068,17.0729,17.0771,17.0805,17.0883,17.0937,17.0976,17.1012,17.1043,17.1065
0.94,20.9868,21.2353,21.2355,20.8693,20.1317,19.3941,18.0279,17.6146,17.5607,17.2859,17.9587,17.8898,17.821,18.1398,17.9848,17.5989,17.5551,17.4422,17.1682,17.1558,17.1004,17.0687,17.0897,17.2161,17.2867,17.1984,17.1816,17.1413,17.1,17.0588,17.0285,17.0069,17.0046,17.004,17.007,17.0201,17.035,17.0445,17.0502,17.0544,17.0572,17.0582,17.0581,17.0603,17.0616,17.0604,17.0586,17.032,17.0281,17.0246,17.032,17.0325,17.0309,17.0281,17.0214,17.018,17.0155,17.0147,17.0139,17.0139,17.015,17.0198,17.0263,17.0308,17.0392,17.0471,17.0546,17.062,17.0687,17.075,17.0805,17.0855,17.0899,17.0933,17.1013,17.107,17.1111,17.1148,17.1181,17.1205
0.95,20.9941,21.2444,21.2431,20.8771,20.138,19.3989,18.0322,17.6198,17.5674,17.2906,17.9629,17.8943,17.8257,18.1461,17.9907,17.6045,17.5617,17.448,17.1735,17.1614,17.1062,17.075,17.0963,17.223,17.2938,17.2057,17.1891,17.1487,17.1076,17.0664,17.0362,17.0148,17.0126,17.0121,17.0153,17.0286,17.0437,17.0534,17.0592,17.0635,17.0665,17.0676,17.0677,17.07,17.0714,17.0703,17.0686,17.042,17.0382,17.0348,17.0423,17.0429,17.0414,17.0388,17.0321,17.0288,17.0264,17.0257,17.025,17.025,17.0262,17.0311,17.0377,17.0422,17.0507,17.0587,17.0664,17.0739,17.0807,17.0871,17.0927,17.0978,17.1023,17.1057,17.114,17.1199,17.1242,17.1281,17.1316,17.1341
0.96,21.0015,21.2536,21.2509,20.8849,20.1445,19.4042,18.0363,17.6245,17.5742,17.2955,17.967,17.8994,17.8318,18.1523,17.9969,17.6103,17.5682,17.4537,17.1788,17.1671,17.112,17.0812,17.1028,17.2299,17.3009,17.213,17.1966,17.1562,17.1151,17.074,17.0438,17.0225,17.0206,17.0203,17.0236,17.0371,17.0524,17.0622,17.0681,17.0726,17.0758,17.077,17.0772,17.0796,17.0811,17.0801,17.0785,17.052,17.0482,17.045,17.0526,17.0533,17.0519,17.0493,17.0428,17.0395,17.0372,17.0365,17.0359,17.0361,17.0373,17.0423,17.0489,17.0536,17.0622,17.0703,17.0781,17.0857,17.0926,17.0991,17.1049,17.11,17.1146,17.1181,17.1266,17.1327,17.1372,17.1413,17.145,17.1477
0.97,21.0087,21.2625,21.2586,20.8926,20.1507,19.4089,18.0406,17.6299,17.5806,17.3002,17.9712,17.9041,17.837,18.1585,18.0026,17.6159,17.5747,17.4593,17.184,17.1727,17.1177,17.0873,17.1092,17.2367,17.3079,17.2202,17.204,17.1635,17.1225,17.0815,17.0514,17.0302,17.0284,17.0283,17.0318,17.0454,17.0609,17.0709,17.077,17.0816,17.0849,17.0862,17.0865,17.0891,17.0907,17.0898,17.0883,17.0618,17.0581,17.055,17.0627,17.0635,17.0622,17.0597,17.0532,17.05,17.0478,17.0472,17.0467,17.0469,17.0483,17.0533,17.06,17.0647,17.0735,17.0818,17.0896,17.0973,17.1044,17.1109,17.1168,17.122,17.1267,17.1303,17.139,17.1453,17.15,17.1543,17.1581,17.161
0.98,21.0158,21.2707,21.2661,20.9001,20.157,19.4139,18.0448,17.6347,17.5864,17.3049,17.9752,17.9088,17.8423,18.1641,18.0085,17.6216,17.5811,17.4649,17.1891,17.1782,17.1233,17.0933,17.1155,17.2434,17.3148,17.2273,17.2113,17.1707,17.1298,17.0889,17.0588,17.0378,17.0362,17.0362,17.0398,17.0537,17.0693,17.0795,17.0857,17.0904,17.0938,17.0953,17.0957,17.0984,17.1001,17.0993,17.0979,17.0714,17.0679,17.0648,17.0727,17.0736,17.0723,17.07,17.0635,17.0604,17.0583,17.0578,17.0573,17.0576,17.059,17.0641,17.071,17.0757,17.0846,17.093,17.101,17.1088,17.1159,17.1226,17.1285,17.1339,17.1386,17.1423,17.1512,17.1577,17.1626,17.167,17.1711,17.1741
0.99,21.0227,21.2783,21.273,20.9079,20.1632,19.4185,18.0491,17.6397,17.593,17.3096,17.9792,17.914,17.8487,18.17,18.0144,17.6262,17.5876,17.4704,17.194,17.1835,17.1287,17.0993,17.1219,17.2499,17.3216,17.2343,17.2185,17.1778,17.137,17.0961,17.0661,17.0451,17.0437,17.0439,17.0477,17.0617,17.0775,17.0879,17.0942,17.0991,17.1026,17.1042,17.1047,17.1075,17.1093,17.1086,17.1073,17.0809,17.0774,17.0744,17.0824,17.0834,17.0822,17.0799,17.0736,17.0706,17.0685,17.0681,17.0677,17.0681,17.0696,17.0747,17.0817,17.0865,17.0955,17.104,17.1121,17.12,17.1272,17.134,17.1401,17.1455,17.1503,17.1541,17.1632,17.1699,17.1749,17.1796,17.1838,17.1869
0.995,21.027,21.2832,21.2772,20.9132,20.1671,19.4209,18.0511,17.6417,17.596,17.3117,17.981,17.9161,17.8511,18.1731,18.0173,17.6291,17.5908,17.4731,17.1967,17.1863,17.1317,17.1021,17.125,17.2532,17.325,17.2379,17.222,17.1813,17.1405,17.0997,17.0697,17.0488,17.0475,17.0477,17.0516,17.0657,17.0816,17.092,17.0984,17.1033,17.1069,17.1086,17.1092,17.112,17.1139,17.1133,17.112,17.0856,17.0822,17.0792,17.0873,17.0883,17.0872,17.0849,17.0786,17.0757,17.0736,17.0733,17.0729,17.0733,17.0749,17.08,17.087,17.0919,17.1009,17.1095,17.1176,17.1256,17.1328,17.1397,17.1458,17.1512,17.1561,17.1599,17.1691,17.1759,17.181,17.1858,17.19,17.1933
0.999,21.0316,21.2877,21.2817,20.9143,20.1684,19.4225,18.0525,17.644,17.5989,17.3136,17.9825,17.9176,17.8528,18.1759,18.0193,17.6319,17.5928,17.4753,17.1988,17.1887,17.134,17.1045,17.1272,17.2557,17.3275,17.2405,17.2247,17.184,17.1433,17.1025,17.0726,17.0517,17.0505,17.0508,17.0547,17.0689,17.0849,17.0953,17.1017,17.1067,17.1104,17.1121,17.1127,17.1156,17.1175,17.1169,17.1157,17.0892,17.0859,17.083,17.0911,17.0921,17.091,17.0888,17.0825,17.0796,17.0776,17.0772,17.0769,17.0773,17.0789,17.0841,17.0911,17.096,17.1051,17.1137,17.1218,17.1298,17.1372,17.144,17.1501,17.1556,17.1605,17.1644,17.1737,17.1805,17.1857,17.1905,17.1948,17.1981
