,0.29147,0.3112,0.33093,0.35067,0.3704,0.4,0.41973,0.44933,0.46907,0.49867,0.5184,0.548,0.56773,0.59733,0.61707,0.64667,0.6664,0.696,0.71573,0.74533,0.77493,0.79467,0.82427,0.86373,0.89333,0.9328,0.97227,1.01173,1.06107,1.10053,1.14987,1.1992,1.24853,1.29787,1.35707,1.41627,1.47547,1.53467,1.60373,1.66293,1.732,1.81093,1.88987,1.9688,2.04773,2.13653,2.22533,2.31413,2.4128,2.52133,2.62,2.72853,2.84693,2.96533,3.0936,3.22187,3.36,3.49813,3.64613,3.804,3.96187,4.1296,4.29733,4.4848,4.67227,4.8696,5.06693,5.284,5.51093,5.73787,5.97467,6.2312
1e-06,0.00308686,0.00482771,0.00519064,0.00470633,0.00393361,0.00261513,0.00185277,0.00107704,0.000768801,0.000497896,0.000391911,0.000292247,0.000249035,0.000204039,0.000182492,0.000158152,0.00014562,0.000130615,0.000122484,0.000112338,0.000104041,9.92965e-05,9.31024e-05,8.61861e-05,8.17749e-05,7.66894e-05,7.23207e-05,6.85154e-05,6.43837e-05,6.14801e-05,5.82552e-05,5.53989e-05,5.28456e-05,5.0545e-05,4.80632e-05,4.58366e-05,4.38246e-05,4.19952e-05,4.00578e-05,3.85428e-05,3.69217e-05,3.52362e-05,3.37043e-05,3.2305e-05,3.1021e-05,2.96969e-05,2.8484e-05,2.73687e-05,2.62296e-05,2.50833e-05,2.41262e-05,2.31555e-05,2.2183e-05,2.12899e-05,2.04008e-05,1.95836e-05,1.87743e-05,1.80297e-05,1.72952e-05,1.65753e-05,1.59132e-05,1.52655e-05,1.46687e-05,1.40547e-05,1.34903e-05,1.29432e-05,1.24389e-05,1.19278e-05,1.14365e-05,1.09842e-05,1.0549e-05,1.01148e-05
1.15e-06,0.00354986,0.0055518,0.00596915,0.00541223,0.00452362,0.00300739,0.00213068,0.00123859,0.000884121,0.000572581,0.000450698,0.000336084,0.000286389,0.000234645,0.000209866,0.000181875,0.000167462,0.000150207,0.000140856,0.000129188,0.000119647,0.000114191,0.000107068,9.91138e-05,9.4041e-05,8.81928e-05,8.31688e-05,7.87927e-05,7.40412e-05,7.07021e-05,6.69934e-05,6.37088e-05,6.07725e-05,5.81267e-05,5.52727e-05,5.27121e-05,5.03983e-05,4.82944e-05,4.60665e-05,4.43241e-05,4.24599e-05,4.05216e-05,3.87599e-05,3.71507e-05,3.56741e-05,3.41514e-05,3.27567e-05,3.14739e-05,3.0164e-05,2.88458e-05,2.77451e-05,2.66288e-05,2.55105e-05,2.44833e-05,2.34609e-05,2.25211e-05,2.15905e-05,2.07342e-05,1.98895e-05,1.90616e-05,1.83001e-05,1.75553e-05,1.6869e-05,1.6163e-05,1.55138e-05,1.48847e-05,1.43047e-05,1.37169e-05,1.3152e-05,1.26319e-05,1.21313e-05,1.1632e-05
1.32e-06,0.00407457,0.00637237,0.00685146,0.00621225,0.00519233,0.00345194,0.00244564,0.00142168,0.00101482,0.000657221,0.000517321,0.000385765,0.000328726,0.00026933,0.00024089,0.00020876,0.000192218,0.000172412,0.000161679,0.000148285,0.000137335,0.000131071,0.000122896,0.000113766,0.000107942,0.00010123,9.54633e-05,9.04402e-05,8.49864e-05,8.11537e-05,7.68968e-05,7.31265e-05,6.97562e-05,6.67193e-05,6.34433e-05,6.05042e-05,5.78484e-05,5.54336e-05,5.28763e-05,5.08764e-05,4.87366e-05,4.65117e-05,4.44896e-05,4.26425e-05,4.09477e-05,3.91998e-05,3.75989e-05,3.61266e-05,3.4623e-05,3.31099e-05,3.18465e-05,3.05653e-05,2.92816e-05,2.81026e-05,2.6929e-05,2.58503e-05,2.47821e-05,2.37992e-05,2.28296e-05,2.18793e-05,2.10053e-05,2.01504e-05,1.93626e-05,1.85522e-05,1.78071e-05,1.7085e-05,1.64193e-05,1.57446e-05,1.50962e-05,1.44992e-05,1.39246e-05,1.33515e-05
1.52e-06,0.00469184,0.00733774,0.0078894,0.00715343,0.00597902,0.00397495,0.00281619,0.00163709,0.00116858,0.000756799,0.000595703,0.000444215,0.000378532,0.000310139,0.000277387,0.000240391,0.00022134,0.000198533,0.000186176,0.000170753,0.000158143,0.00015093,0.000141515,0.000131002,0.000124297,0.000116568,0.000109927,0.000104143,9.78634e-05,9.34499e-05,8.85474e-05,8.42065e-05,8.03253e-05,7.68284e-05,7.30558e-05,6.96715e-05,6.6613e-05,6.38327e-05,6.08876e-05,5.85849e-05,5.6121e-05,5.35587e-05,5.12305e-05,4.91036e-05,4.71517e-05,4.51392e-05,4.32957e-05,4.16002e-05,3.9869e-05,3.81263e-05,3.66718e-05,3.51963e-05,3.3718e-05,3.23606e-05,3.10091e-05,2.9767e-05,2.85368e-05,2.74052e-05,2.62886e-05,2.51944e-05,2.41879e-05,2.32034e-05,2.22964e-05,2.13632e-05,2.05052e-05,1.96737e-05,1.89071e-05,1.81302e-05,1.73835e-05,1.66959e-05,1.60344e-05,1.53744e-05
1.75e-06,0.0054017,0.00844786,0.00908303,0.00823577,0.0068837,0.00457644,0.00324233,0.00188481,0.0013454,0.000871314,0.000685841,0.00051143,0.000435809,0.000357067,0.000319361,0.000276766,0.000254833,0.000228575,0.000214347,0.00019659,0.000182072,0.000173769,0.000162928,0.000150825,0.000143106,0.000134206,0.000126561,0.000119901,0.000112671,0.00010759,0.000101946,9.69481e-05,9.24799e-05,8.84536e-05,8.41101e-05,8.0214e-05,7.66929e-05,7.34913e-05,7.0101e-05,6.74494e-05,6.46125e-05,6.1663e-05,5.89823e-05,5.65337e-05,5.42866e-05,5.19692e-05,4.98468e-05,4.78951e-05,4.59017e-05,4.38957e-05,4.22207e-05,4.0522e-05,3.88203e-05,3.72569e-05,3.57012e-05,3.42711e-05,3.2855e-05,3.1552e-05,3.02666e-05,2.90066e-05,2.78479e-05,2.67145e-05,2.56701e-05,2.45958e-05,2.36079e-05,2.26506e-05,2.1768e-05,2.08736e-05,2.00138e-05,1.92224e-05,1.84606e-05,1.77007e-05
2.01e-06,0.00620412,0.00970269,0.0104323,0.00945927,0.00790638,0.00525634,0.00372403,0.00216483,0.00154528,0.00100077,0.000787738,0.000587414,0.000500558,0.000410116,0.000366808,0.000317884,0.000292693,0.000262534,0.000246192,0.000225798,0.000209122,0.000199585,0.000187134,0.000173233,0.000164367,0.000154145,0.000145364,0.000137715,0.000129411,0.000123574,0.000117092,0.000111351,0.000106219,0.000101595,9.66065e-05,9.2131e-05,8.80872e-05,8.44099e-05,8.0516e-05,7.74705e-05,7.42122e-05,7.08245e-05,6.77453e-05,6.49325e-05,6.23521e-05,5.96906e-05,5.72525e-05,5.50109e-05,5.27211e-05,5.04171e-05,4.84936e-05,4.65423e-05,4.45879e-05,4.27923e-05,4.10053e-05,3.93628e-05,3.77362e-05,3.62397e-05,3.47633e-05,3.33161e-05,3.19852e-05,3.06836e-05,2.9484e-05,2.82499e-05,2.71154e-05,2.60158e-05,2.50021e-05,2.39748e-05,2.29874e-05,2.20782e-05,2.12033e-05,2.03306e-05
2.31e-06,0.00712993,0.0111505,0.011989,0.0108709,0.0090864,0.00604086,0.00427984,0.00248794,0.00177592,0.00115013,0.000905308,0.000675086,0.000575267,0.000471327,0.000421555,0.000365329,0.000336379,0.000301718,0.000282936,0.000259499,0.000240334,0.000229374,0.000215065,0.000199089,0.000188899,0.000177152,0.00016706,0.00015827,0.000148725,0.000142019,0.000134568,0.000127971,0.000122073,0.000116759,0.000111025,0.000105882,0.000101234,9.70086e-05,9.25329e-05,8.90336e-05,8.52887e-05,8.13954e-05,7.78568e-05,7.46242e-05,7.16583e-05,6.85995e-05,6.57978e-05,6.32214e-05,6.059e-05,5.79421e-05,5.57312e-05,5.3489e-05,5.12427e-05,4.91792e-05,4.71255e-05,4.52379e-05,4.33684e-05,4.16484e-05,3.99517e-05,3.82887e-05,3.67592e-05,3.52632e-05,3.38844e-05,3.24663e-05,3.11625e-05,2.98987e-05,2.87338e-05,2.7553e-05,2.64182e-05,2.53735e-05,2.43679e-05,2.3365e-05
2.66e-06,0.00821003,0.0128395,0.0138051,0.0125178,0.0104631,0.00695612,0.0049283,0.00286489,0.00204499,0.00132439,0.00104247,0.00077737,0.000662427,0.000542738,0.000485425,0.000420681,0.000387344,0.000347433,0.000325805,0.000298817,0.000276748,0.000264127,0.000247651,0.000229253,0.00021752,0.000203992,0.000192372,0.00018225,0.000171259,0.000163536,0.000154958,0.00014736,0.000140568,0.000134449,0.000127847,0.000121924,0.000116573,0.000111706,0.000106553,0.000102523,9.8211e-05,9.37275e-05,8.96528e-05,8.59306e-05,8.25152e-05,7.89932e-05,7.57671e-05,7.28e-05,6.97703e-05,6.67212e-05,6.41751e-05,6.15932e-05,5.90065e-05,5.66305e-05,5.42657e-05,5.20922e-05,4.99395e-05,4.79589e-05,4.6005e-05,4.40901e-05,4.23287e-05,4.0606e-05,3.90185e-05,3.73854e-05,3.58839e-05,3.44288e-05,3.30873e-05,3.17277e-05,3.0421e-05,2.92178e-05,2.806e-05,2.69051e-05
3.06e-06,0.00944431,0.0147696,0.0158805,0.0144,0.0120364,0.00800213,0.00566938,0.00329568,0.00235251,0.00152355,0.00119923,0.000894266,0.000762039,0.000624352,0.000558422,0.00048394,0.00044559,0.000399677,0.000374797,0.00034375,0.000318364,0.000303844,0.000284891,0.000263727,0.000250229,0.000234667,0.0002213,0.000209656,0.000197012,0.000188127,0.00017826,0.000169519,0.000161706,0.000154666,0.000147072,0.000140259,0.000134102,0.000128504,0.000122576,0.00011794,0.00011298,0.000107822,0.000103134,9.88523e-05,9.49236e-05,9.08718e-05,8.71603e-05,8.37475e-05,8.02619e-05,7.67541e-05,7.38255e-05,7.08553e-05,6.78794e-05,6.51463e-05,6.24257e-05,5.99252e-05,5.74491e-05,5.51704e-05,5.2923e-05,5.072e-05,4.86939e-05,4.67121e-05,4.48858e-05,4.30072e-05,4.128e-05,3.9606e-05,3.80628e-05,3.64986e-05,3.49955e-05,3.36114e-05,3.22796e-05,3.0951e-05
3.52e-06,0.0108637,0.0169891,0.018267,0.0165643,0.0138456,0.00920502,0.00652162,0.00379111,0.00270615,0.00175257,0.00137951,0.0010287,0.000876591,0.000718207,0.000642365,0.000556688,0.000512574,0.000459757,0.000431138,0.000395425,0.000366221,0.00034952,0.000327716,0.000303371,0.000287844,0.000269944,0.000254566,0.000241172,0.000226629,0.000216408,0.000205056,0.000195002,0.000186015,0.000177917,0.000169181,0.000161343,0.000154261,0.000147822,0.000141002,0.000135669,0.000129963,0.00012403,0.000118638,0.000113712,0.000109193,0.000104532,0.000100263,9.63369e-05,9.23271e-05,8.82921e-05,8.49233e-05,8.15064e-05,7.80833e-05,7.49396e-05,7.18099e-05,6.89335e-05,6.60851e-05,6.3464e-05,6.08784e-05,5.83445e-05,5.60137e-05,5.37341e-05,5.16333e-05,4.94722e-05,4.74854e-05,4.55598e-05,4.37845e-05,4.19853e-05,4.02563e-05,3.86641e-05,3.7132e-05,3.56036e-05
4.05e-06,0.0124989,0.019546,0.0210165,0.0190579,0.0159302,0.010591,0.00750354,0.00436191,0.0031136,0.00201646,0.00158721,0.00118358,0.00100857,0.000826343,0.000739082,0.000640506,0.000589748,0.000528981,0.000496053,0.000454962,0.000421362,0.000402145,0.000377059,0.000349049,0.000331184,0.000310588,0.000292895,0.000277484,0.000260751,0.000248991,0.000235931,0.000224363,0.000214022,0.000204704,0.000194654,0.000185636,0.000177487,0.000170079,0.000162232,0.000156096,0.000149531,0.000142705,0.000136501,0.000130834,0.000125634,0.000120271,0.000115359,0.000110842,0.000106228,0.000101586,9.77098e-05,9.37788e-05,8.98401e-05,8.62228e-05,8.26222e-05,7.93127e-05,7.60351e-05,7.30195e-05,7.00448e-05,6.71289e-05,6.44474e-05,6.18245e-05,5.94075e-05,5.69211e-05,5.46349e-05,5.24194e-05,5.03769e-05,4.83068e-05,4.63175e-05,4.44855e-05,4.27227e-05,4.09643e-05
4.65e-06,0.0143499,0.0224402,0.0241287,0.0218807,0.01829,0.0121599,0.00861513,0.00500811,0.00357485,0.00231517,0.00182236,0.00135892,0.00115799,0.000948762,0.000848574,0.000735394,0.000677117,0.000607347,0.000569541,0.000522362,0.000483783,0.000461721,0.000432919,0.000400759,0.000380247,0.0003566,0.000336286,0.000318592,0.00029938,0.000285879,0.000270882,0.000257601,0.000245728,0.000235031,0.00022349,0.000213137,0.000203781,0.000195275,0.000186266,0.000179221,0.000171684,0.000163846,0.000156723,0.000150216,0.000144246,0.000138089,0.000132449,0.000127263,0.000121966,0.000116636,0.000112185,0.000107671,0.00010315,9.89962e-05,9.48623e-05,9.10626e-05,8.72994e-05,8.38369e-05,8.04215e-05,7.70738e-05,7.3995e-05,7.09835e-05,6.82083e-05,6.53536e-05,6.27289e-05,6.01852e-05,5.784e-05,5.54634e-05,5.31792e-05,5.1076e-05,4.9052e-05,4.7033e-05
5.35e-06,0.0165093,0.0258164,0.0277593,0.0251738,0.0210431,0.0139903,0.00991196,0.00576198,0.004113,0.00266368,0.00209667,0.00156349,0.00133231,0.00109158,0.000976313,0.000846096,0.000779046,0.000698774,0.000655276,0.000600994,0.00055661,0.000531226,0.000498088,0.000461087,0.000437488,0.000410281,0.000386909,0.000366551,0.000344447,0.000328912,0.00031166,0.000296379,0.000282719,0.000270411,0.000257134,0.000245222,0.000234458,0.00022467,0.000214306,0.0002062,0.000197528,0.00018851,0.000180315,0.000172829,0.000165959,0.000158876,0.000152387,0.00014642,0.000140326,0.000134193,0.000129073,0.00012388,0.000118677,0.000113899,0.000109142,0.00010477,0.000100441,9.64574e-05,9.25277e-05,8.86763e-05,8.5134e-05,8.16691e-05,7.84762e-05,7.51916e-05,7.21718e-05,6.92451e-05,6.65471e-05,6.38126e-05,6.11845e-05,5.87646e-05,5.64358e-05,5.41131e-05
6.15e-06,0.0189768,0.0296743,0.031908,0.0289369,0.0241894,0.0160822,0.0113941,0.00662358,0.004728,0.00306198,0.00241018,0.00179727,0.00153152,0.0012548,0.0011223,0.000972612,0.000895536,0.00080326,0.000753258,0.00069086,0.000639839,0.000610659,0.000572567,0.000530032,0.000502905,0.000471629,0.000444762,0.000421361,0.000395951,0.000378095,0.000358261,0.000340696,0.000324994,0.000310845,0.000295583,0.000281889,0.000269516,0.000258265,0.000246351,0.000237033,0.000227064,0.000216698,0.000207277,0.000198671,0.000190775,0.000182632,0.000175173,0.000168314,0.000161309,0.000154259,0.000148373,0.000142403,0.000136423,0.00013093,0.000125462,0.000120437,0.00011546,0.000110881,0.000106363,0.000101936,9.7864e-05,9.3881e-05,9.02105e-05,8.6435e-05,8.29635e-05,7.95993e-05,7.64978e-05,7.33543e-05,7.03332e-05,6.75516e-05,6.48748e-05,6.22046e-05
7.08e-06,0.0218449,0.0341584,0.03673,0.0333113,0.0278467,0.018514,0.013117,0.00762514,0.00544295,0.003525,0.00277465,0.00206905,0.00176311,0.00144455,0.00129201,0.00111968,0.00103095,0.000924725,0.000867162,0.000795329,0.000736592,0.000702999,0.000659147,0.000610181,0.000578951,0.000542947,0.000512018,0.000485077,0.000455826,0.000435268,0.000412436,0.000392215,0.000374138,0.00035785,0.000340279,0.000324515,0.000310271,0.000297319,0.000283602,0.000272876,0.000261399,0.000249466,0.000238621,0.000228713,0.000219624,0.000210249,0.000201662,0.000193766,0.000185701,0.000177585,0.000170809,0.000163937,0.000157052,0.000150728,0.000144434,0.000138649,0.000132919,0.000127647,0.000122447,0.00011735,0.000112663,0.000108077,0.000103852,9.95053e-05,9.55089e-05,9.16359e-05,8.80653e-05,8.44467e-05,8.09688e-05,7.77665e-05,7.46848e-05,7.16109e-05
8.14e-06,0.0251135,0.039268,0.0422252,0.0382967,0.0320153,0.0212857,0.0150807,0.00876671,0.0062578,0.00405272,0.00319003,0.0023788,0.00202706,0.00166082,0.00148543,0.00128731,0.0011853,0.00106317,0.000996987,0.000914399,0.000846869,0.000808247,0.00075783,0.000701532,0.000665627,0.000624232,0.000588673,0.000557699,0.000524068,0.000500434,0.000474183,0.000450934,0.000430151,0.000411424,0.000391223,0.000373099,0.000356722,0.000341831,0.000326061,0.000313729,0.000300534,0.000286814,0.000274345,0.000262955,0.000252504,0.000241726,0.000231854,0.000222775,0.000213503,0.000204172,0.000196381,0.000188481,0.000180565,0.000173294,0.000166058,0.000159406,0.000152819,0.000146758,0.000140779,0.000134919,0.000129529,0.000124258,0.0001194,0.000114402,0.000109808,0.000105355,0.00010125,9.70893e-05,9.30909e-05,8.94092e-05,8.5866e-05,8.23319e-05
9.36e-06,0.0288748,0.0451475,0.0485486,0.0440342,0.0368128,0.0244757,0.0173408,0.0100805,0.00719566,0.00466011,0.00366812,0.00273531,0.00233087,0.00190973,0.00170806,0.00148025,0.00136294,0.0012225,0.00114641,0.00105144,0.00097379,0.000929379,0.000871406,0.000806671,0.000765385,0.000717787,0.000676897,0.000641282,0.000602611,0.000575434,0.000545249,0.000518516,0.000494619,0.000473085,0.000449856,0.000429016,0.000410184,0.000393061,0.000374929,0.000360748,0.000345575,0.0003298,0.000315462,0.000302364,0.000290347,0.000277954,0.000266602,0.000256162,0.000245501,0.000234772,0.000225813,0.000216729,0.000207626,0.000199266,0.000190945,0.000183297,0.000175722,0.000168753,0.000161878,0.00015514,0.000148942,0.00014288,0.000137294,0.000131548,0.000126265,0.000121144,0.000116424,0.00011164,0.000107042,0.000102809,9.87349e-05,9.4671e-05
1.08e-05,0.0333133,0.0520851,0.0560103,0.0508051,0.0424754,0.0282407,0.0200083,0.0116313,0.00830263,0.005377,0.00423241,0.0031561,0.00268943,0.00220351,0.00197082,0.00170797,0.00157261,0.00141057,0.00132276,0.00121319,0.0011236,0.00107235,0.00100546,0.000930769,0.00088313,0.000828211,0.000781031,0.000739936,0.000695316,0.000663958,0.000629131,0.000598284,0.00057071,0.000545864,0.000519062,0.000495015,0.000473287,0.00045353,0.000432608,0.000416245,0.000398739,0.000380536,0.000363992,0.00034888,0.000335014,0.000320713,0.000307616,0.00029557,0.000283269,0.000270889,0.000260553,0.00025007,0.000239568,0.000229921,0.00022032,0.000211495,0.000202755,0.000194714,0.000186781,0.000179006,0.000171856,0.000164861,0.000158416,0.000151785,0.000145689,0.000139781,0.000134335,0.000128815,0.00012351,0.000118625,0.000113924,0.000109235
1.24e-05,0.038244,0.0597912,0.0642991,0.0583276,0.0487666,0.0324241,0.0229723,0.0133543,0.00953256,0.00617355,0.0048594,0.00362365,0.00308785,0.00252993,0.00226278,0.00196098,0.00180558,0.00161953,0.00151873,0.00139292,0.00129004,0.00123121,0.00115441,0.00106865,0.00101396,0.000950903,0.000896733,0.00084955,0.00079832,0.000762318,0.00072233,0.000686914,0.000655255,0.000626729,0.000595956,0.000568347,0.0005434,0.000520716,0.000496695,0.000477909,0.000457808,0.000436909,0.000417914,0.000400563,0.000384643,0.000368224,0.000353186,0.000339356,0.000325232,0.000311019,0.000299151,0.000287115,0.000275057,0.000263982,0.000252958,0.000242826,0.000232791,0.000223559,0.000214451,0.000205524,0.000197314,0.000189284,0.000181884,0.000174271,0.000167272,0.000160489,0.000154235,0.000147898,0.000141807,0.000136198,0.000130801,0.000125417
1.42e-05,0.0437898,0.0684575,0.073621,0.0667889,0.0558437,0.0371302,0.0263065,0.0152927,0.0109162,0.00706963,0.00556475,0.00414962,0.00353605,0.00289716,0.00259121,0.00224561,0.00206766,0.00185461,0.00173917,0.0015951,0.00147729,0.00140992,0.00132198,0.00122378,0.00116114,0.00108893,0.0010269,0.000972862,0.000914194,0.000872968,0.000827179,0.000786623,0.000750368,0.0007177,0.000682461,0.000650845,0.000622276,0.0005963,0.000568791,0.000547278,0.00052426,0.000500328,0.000478575,0.000458706,0.000440475,0.000421673,0.000404452,0.000388615,0.000372441,0.000356164,0.000342574,0.000328791,0.000314983,0.0003023,0.000289676,0.000278073,0.000266581,0.000256009,0.000245579,0.000235357,0.000225955,0.000216759,0.000208284,0.000199567,0.000191552,0.000183784,0.000176623,0.000169365,0.00016239,0.000155968,0.000149787,0.000143622
1.64e-05,0.0505656,0.0790449,0.0850102,0.0771284,0.0644928,0.0428819,0.0303818,0.0176618,0.0126073,0.00816484,0.00642681,0.00479246,0.00408384,0.00334597,0.00299264,0.0025935,0.00238797,0.00214192,0.00200859,0.0018422,0.00170615,0.00162834,0.00152677,0.00141336,0.00134102,0.00125762,0.00118599,0.00112358,0.00105582,0.00100821,0.00095532,0.000908481,0.000866616,0.000828883,0.000788188,0.000751671,0.000718677,0.000688681,0.000656909,0.000632065,0.00060548,0.000577839,0.000552718,0.000529767,0.000508714,0.000486998,0.000467109,0.000448819,0.000430137,0.000411343,0.000395647,0.000379727,0.000363779,0.000349131,0.000334551,0.00032115,0.000307881,0.00029567,0.000283624,0.000271819,0.000260959,0.00025034,0.000240551,0.000230483,0.000221227,0.000212257,0.000203985,0.000195603,0.000187549,0.000180131,0.000172992,0.000165873
1.88e-05,0.0579548,0.0905892,0.0974296,0.0884054,0.0739275,0.0491561,0.0348272,0.0202461,0.0144521,0.00935959,0.00736723,0.00549373,0.00468142,0.00383558,0.00343055,0.00297299,0.0027374,0.00245534,0.0023025,0.00211178,0.00195581,0.00186662,0.00175019,0.00162017,0.00153725,0.00144165,0.00135953,0.001288,0.00121032,0.00115574,0.00109512,0.00104142,0.000993425,0.000950176,0.000903524,0.000861668,0.00082384,0.000789451,0.000753035,0.000724554,0.00069408,0.000662391,0.000633594,0.00060729,0.000583152,0.000558259,0.000535463,0.000514493,0.000493083,0.000471534,0.000453539,0.000435293,0.000417011,0.000400221,0.000383508,0.000368147,0.000352934,0.000338936,0.000325126,0.000311594,0.000299147,0.000286971,0.000275751,0.000264212,0.0002536,0.000243316,0.000233834,0.000224227,0.000214992,0.000206489,0.000198306,0.000190144
2.16e-05,0.0665721,0.10405,0.111912,0.101559,0.0849335,0.0564757,0.0400133,0.0232612,0.0166043,0.0107534,0.00846435,0.00631184,0.00537856,0.00440676,0.00394143,0.00341574,0.00314506,0.002821,0.0026454,0.00242626,0.00224708,0.0021446,0.00201083,0.00186144,0.00176618,0.00165635,0.00156199,0.0014798,0.00139057,0.00132785,0.00125821,0.00119652,0.00114137,0.00109168,0.00103807,0.000989984,0.00094653,0.000907022,0.00086518,0.000832452,0.000797442,0.00076104,0.000727953,0.000697728,0.000669999,0.0006414,0.000615205,0.000591115,0.000566513,0.000541755,0.000521083,0.000500119,0.000479115,0.000459823,0.00044062,0.00042297,0.000405492,0.000389411,0.000373545,0.000357996,0.000343697,0.000329708,0.000316817,0.000303557,0.000291367,0.00027955,0.000268658,0.000257619,0.000247009,0.00023724,0.000227839,0.00021846
2.49e-05,0.0767235,0.119903,0.128971,0.117056,0.0979031,0.065102,0.0461252,0.0268145,0.0191407,0.0123961,0.00975736,0.00727603,0.0062002,0.00507995,0.00454351,0.00393753,0.0036255,0.00325193,0.00304951,0.0027969,0.00259034,0.00247221,0.00231801,0.00214581,0.00203598,0.00190936,0.00180061,0.00170586,0.001603,0.0015307,0.00145041,0.0013793,0.00131573,0.00125844,0.00119665,0.00114122,0.00109113,0.00104558,0.000997347,0.00095962,0.000919262,0.000877296,0.000839154,0.000804319,0.000772348,0.00073938,0.000709187,0.000681417,0.000653056,0.000624513,0.000600685,0.000576517,0.000552306,0.000530066,0.00050793,0.000487586,0.000467437,0.000448899,0.000430611,0.000412686,0.000396201,0.000380074,0.000365216,0.00034993,0.000335876,0.000322255,0.0003097,0.000296973,0.000284743,0.000273481,0.000262643,0.000251834
2.86e-05,0.0880995,0.137665,0.148086,0.134426,0.112443,0.074773,0.0529775,0.0307981,0.0219845,0.0142378,0.011207,0.00835705,0.00712137,0.00583468,0.00521856,0.00452253,0.00416415,0.00373508,0.00350258,0.00321244,0.0029752,0.00283952,0.0026624,0.00246461,0.00233848,0.00219306,0.00206813,0.00195931,0.00184116,0.00175813,0.00166591,0.00158423,0.00151121,0.00144542,0.00137446,0.00131078,0.00125324,0.00120093,0.00114553,0.0011022,0.00105584,0.00100765,0.000963835,0.000923819,0.000887104,0.000849235,0.000814553,0.000782658,0.000750083,0.000717304,0.000689935,0.000662175,0.000634365,0.000608824,0.000583398,0.000560029,0.000536888,0.000515594,0.000494588,0.000474001,0.000455066,0.000436546,0.000419479,0.000401921,0.00038578,0.000370136,0.000355713,0.000341097,0.000327049,0.000314114,0.000301668,0.00028925
3.29e-05,0.101312,0.158289,0.170284,0.154605,0.129338,0.0860116,0.0609407,0.0354277,0.0252892,0.0163781,0.0128917,0.0096133,0.00819187,0.00671178,0.00600302,0.00520238,0.00479012,0.00429657,0.00402912,0.00369536,0.00342245,0.00326638,0.00306263,0.00283512,0.00269002,0.00252273,0.00237903,0.00225385,0.00211794,0.00202243,0.00191634,0.00182239,0.00173839,0.00166271,0.00158107,0.00150783,0.00144164,0.00138147,0.00131773,0.00126789,0.00121457,0.00115912,0.00110873,0.0010627,0.00102046,0.000976904,0.000937005,0.000900314,0.000862846,0.000825134,0.000793651,0.000761721,0.000729728,0.000700347,0.000671099,0.000644221,0.000617597,0.000593102,0.00056894,0.000545257,0.000523478,0.000502173,0.000482539,0.000462343,0.000443774,0.000425778,0.000409189,0.000392374,0.000376215,0.000361336,0.000347017,0.000332734
3.79e-05,0.116664,0.182246,0.196073,0.178058,0.14898,0.0990783,0.0701991,0.0408106,0.0291318,0.0188665,0.0148505,0.011074,0.00943659,0.0077316,0.00691516,0.00599288,0.00551797,0.00494942,0.00464133,0.00425687,0.0039425,0.00376271,0.003528,0.00326592,0.00309877,0.00290607,0.00274052,0.00259633,0.00243976,0.00232974,0.00220753,0.0020993,0.00200255,0.00191537,0.00182132,0.00173695,0.0016607,0.00159138,0.00151797,0.00146055,0.00139912,0.00133526,0.0012772,0.00122418,0.00117552,0.00112534,0.00107939,0.00103712,0.000993954,0.000950517,0.000914247,0.000877465,0.000840612,0.000806766,0.000773075,0.000742111,0.000711443,0.000683227,0.000655393,0.000628112,0.00060302,0.000578477,0.000555861,0.000532596,0.000511206,0.000490477,0.000471366,0.000451997,0.000433381,0.000416242,0.000399746,0.000383294
4.35e-05,0.133844,0.209045,0.224927,0.204311,0.170973,0.113711,0.0805677,0.0468391,0.0334352,0.0216537,0.0170443,0.0127099,0.0108306,0.00887375,0.00793671,0.00687816,0.00633312,0.00568058,0.00532699,0.00488572,0.00452491,0.00431856,0.00404918,0.00374839,0.00355655,0.00333538,0.00314538,0.00297988,0.00280019,0.00267391,0.00253365,0.00240943,0.00229839,0.00219832,0.00209038,0.00199355,0.00190604,0.00182648,0.00174222,0.00167632,0.00160582,0.00153251,0.00146589,0.00140502,0.00134918,0.00129159,0.00123885,0.00119034,0.00114079,0.00109094,0.00104931,0.0010071,0.0009648,0.000925951,0.000887285,0.000851744,0.000816547,0.000784161,0.000752216,0.000720904,0.000692107,0.000663936,0.000637981,0.000611279,0.000586728,0.000562936,0.000541002,0.00051877,0.000497406,0.000477733,0.000458802,0.000439918
5.01e-05,0.154073,0.240586,0.258895,0.235233,0.196888,0.130955,0.0927868,0.0539436,0.0385068,0.0249382,0.0196296,0.0146378,0.0124734,0.0102198,0.00914059,0.0079215,0.00729377,0.00654225,0.00613503,0.00562683,0.0052113,0.00497364,0.0046634,0.00431698,0.00409603,0.00384132,0.0036225,0.00343191,0.00322495,0.00307952,0.00291798,0.00277492,0.00264703,0.00253179,0.00240748,0.00229596,0.00219517,0.00210354,0.0020065,0.00193061,0.00184941,0.00176498,0.00168825,0.00161816,0.00155385,0.00148752,0.00142677,0.0013709,0.00131385,0.00125643,0.00120848,0.00115986,0.00111115,0.00106641,0.00102188,0.000980948,0.000940411,0.000903113,0.000866321,0.000830259,0.000797095,0.000764654,0.000734758,0.000704007,0.000675731,0.000648329,0.000623069,0.000597466,0.00057286,0.000550204,0.0005284,0.000506651
5.76e-05,0.177034,0.276371,0.297441,0.270346,0.226327,0.150548,0.10667,0.062016,0.0442694,0.0286703,0.0225673,0.0168284,0.0143401,0.0117492,0.0105085,0.00910701,0.00838535,0.00752136,0.0070532,0.00646895,0.00599122,0.005718,0.00536133,0.00496306,0.00470906,0.00441623,0.00416466,0.00394553,0.00370762,0.00354042,0.00335471,0.00319023,0.0030432,0.00291071,0.0027678,0.00263958,0.00252372,0.00241837,0.0023068,0.00221956,0.00212621,0.00202914,0.00194093,0.00186034,0.00178641,0.00171015,0.00164031,0.00157608,0.00151049,0.00144447,0.00138936,0.00133346,0.00127745,0.00122602,0.00117482,0.00112776,0.00108116,0.00103828,0.00099598,0.000954523,0.000916392,0.000879097,0.000844728,0.000809373,0.000776866,0.000745363,0.000716321,0.000686885,0.000658597,0.00063255,0.000607483,0.00058248
6.62e-05,0.20333,0.317329,0.341572,0.310575,0.260072,0.17301,0.122588,0.0712716,0.0508767,0.0329495,0.0259356,0.01934,0.0164804,0.0135028,0.012077,0.0104663,0.00963692,0.00864399,0.00810595,0.0074345,0.00688547,0.00657147,0.00616157,0.00570386,0.00541195,0.00507541,0.00478629,0.00453446,0.00426103,0.00406887,0.00385544,0.00366642,0.00349744,0.00334519,0.00318094,0.00303358,0.00290042,0.00277935,0.00265113,0.00255086,0.00244358,0.00233203,0.00223064,0.00213803,0.00205306,0.00196542,0.00188515,0.00181134,0.00173595,0.00166008,0.00159674,0.0015325,0.00146814,0.00140902,0.00135018,0.0012961,0.00124254,0.00119326,0.00114465,0.001097,0.00105318,0.00101032,0.000970816,0.000930185,0.000892826,0.000856621,0.000823243,0.000789415,0.000756903,0.000726968,0.00069816,0.000669424
7.61e-05,0.233556,0.364375,0.39228,0.356839,0.298902,0.198861,0.140908,0.081925,0.0584819,0.037875,0.0298125,0.0222312,0.018944,0.0155213,0.0138824,0.0120309,0.0110776,0.00993619,0.00931772,0.00854591,0.00791481,0.00755388,0.0070827,0.00655657,0.00622102,0.00583416,0.00550182,0.00521235,0.00489804,0.00467716,0.00443183,0.00421454,0.00402031,0.00384529,0.00365649,0.0034871,0.00333403,0.00319486,0.00304748,0.00293222,0.00280889,0.00268067,0.00256412,0.00245767,0.00235999,0.00225925,0.00216698,0.00208213,0.00199547,0.00190827,0.00183545,0.00176161,0.00168762,0.00161967,0.00155204,0.00148987,0.0014283,0.00137165,0.00131577,0.001261,0.00121063,0.00116136,0.00111595,0.00106925,0.00102631,0.000984686,0.000946319,0.000907433,0.000870063,0.000835652,0.000802537,0.000769505
8.76e-05,0.268606,0.418887,0.451055,0.410516,0.343984,0.228883,0.162185,0.0942983,0.0673152,0.0435959,0.0343156,0.0255891,0.0218055,0.0178659,0.0159793,0.0138482,0.0127509,0.0114371,0.0107252,0.00983682,0.00911039,0.00869493,0.00815259,0.00754699,0.00716075,0.00671547,0.00633293,0.00599973,0.00563795,0.0053837,0.00510131,0.00485121,0.00462763,0.00442617,0.00420884,0.00401387,0.00383769,0.00367749,0.00350784,0.00337517,0.00323321,0.00308562,0.00295147,0.00282893,0.0027165,0.00260055,0.00249434,0.00239667,0.00229692,0.00219654,0.00211273,0.00202772,0.00194257,0.00186435,0.00178649,0.00171494,0.00164407,0.00157886,0.00151454,0.00145149,0.00139351,0.0013368,0.00128454,0.00123077,0.00118134,0.00113344,0.00108927,0.00104451,0.0010015,0.000961889,0.000923771,0.00088575
0.000101,0.309365,0.482215,0.519364,0.472974,0.396483,0.263854,0.186971,0.108714,0.0776066,0.0502611,0.039562,0.0295012,0.0251392,0.0205973,0.0184224,0.0159655,0.0147003,0.0131858,0.012365,0.0113408,0.0105033,0.0100244,0.00939911,0.00870093,0.00825563,0.00774226,0.00730125,0.00691711,0.0065,0.00620689,0.00588131,0.00559297,0.00533521,0.00510294,0.00485239,0.00462761,0.00442449,0.0042398,0.00404421,0.00389125,0.00372759,0.00355743,0.00340277,0.0032615,0.00313187,0.00299819,0.00287574,0.00276313,0.00264813,0.0025324,0.00243578,0.00233778,0.0022396,0.00214942,0.00205966,0.00197716,0.00189545,0.00182028,0.00174612,0.00167344,0.00160659,0.0015412,0.00148095,0.00141897,0.00136198,0.00130675,0.00125583,0.00120423,0.00115463,0.00110897,0.00106502,0.00102119
0.000116,0.354884,0.552858,0.595601,0.542775,0.455208,0.302987,0.21471,0.124847,0.0891248,0.0577208,0.0454339,0.03388,0.0288706,0.0236545,0.0211567,0.0183351,0.0168823,0.0151429,0.0142004,0.0130241,0.0120624,0.0115124,0.0107943,0.00999247,0.00948109,0.00889153,0.00838504,0.00794388,0.00746488,0.00712825,0.00675435,0.00642321,0.00612718,0.00586045,0.00557271,0.00531455,0.00508128,0.00486917,0.00464455,0.00446888,0.00428093,0.00408551,0.00390789,0.00374565,0.00359678,0.00344326,0.00330263,0.00317331,0.00304124,0.00290833,0.00279736,0.00268481,0.00257205,0.00246849,0.00236541,0.00227066,0.00217683,0.0020905,0.00200533,0.00192186,0.00184508,0.00176999,0.00170079,0.00162961,0.00156416,0.00150073,0.00144225,0.00138299,0.00132603,0.00127359,0.00122312,0.00117278
0.000133,0.406335,0.632601,0.681703,0.621731,0.521706,0.347318,0.246136,0.143128,0.102176,0.066174,0.0520875,0.0388416,0.0330986,0.0271186,0.0242552,0.0210204,0.0193548,0.0173607,0.0162802,0.0149317,0.0138291,0.0131985,0.0123752,0.011456,0.0108698,0.0101939,0.00961318,0.00910741,0.00855825,0.00817232,0.00774366,0.00736402,0.00702464,0.00671883,0.00638895,0.00609299,0.00582554,0.00558237,0.00532485,0.00512346,0.00490797,0.00468393,0.0044803,0.00429429,0.00412361,0.0039476,0.00378638,0.00363812,0.0034867,0.00333432,0.0032071,0.00307807,0.00294879,0.00283006,0.00271188,0.00260325,0.00249568,0.0023967,0.00229906,0.00220336,0.00211534,0.00202925,0.00194991,0.0018683,0.00179327,0.00172055,0.00165351,0.00158556,0.00152026,0.00146014,0.00140228,0.00134456
0.000153,0.466677,0.725974,0.782583,0.714409,0.599858,0.399445,0.283094,0.164629,0.117528,0.0761167,0.0599138,0.0446776,0.0380717,0.0311934,0.0278998,0.024179,0.0222632,0.0199695,0.0187266,0.0171755,0.0159072,0.0151818,0.0142349,0.0131775,0.0125032,0.0117257,0.0110578,0.0104761,0.00984437,0.00940043,0.00890738,0.00847066,0.00808027,0.00772854,0.00734908,0.00700863,0.00670099,0.0064213,0.0061251,0.00589342,0.00564554,0.00538785,0.00515359,0.00493963,0.00474331,0.00454084,0.00435542,0.00418488,0.0040107,0.00383541,0.00368907,0.00354064,0.00339194,0.00325537,0.00311942,0.0029945,0.00287075,0.00275688,0.00264456,0.00253449,0.00243324,0.0023342,0.00224296,0.00214908,0.00206277,0.00197912,0.00190201,0.00182386,0.00174874,0.00167957,0.00161302,0.00154663
0.000176,0.535814,0.832749,0.898024,0.820694,0.689619,0.459352,0.325575,0.189348,0.135177,0.0875482,0.0689119,0.0513875,0.0437896,0.0358782,0.03209,0.0278106,0.025607,0.0229688,0.0215392,0.0197553,0.0182965,0.0174622,0.0163731,0.0151569,0.0143813,0.013487,0.0127189,0.0120497,0.0113231,0.0108126,0.0102454,0.00974309,0.00929407,0.00888954,0.00845305,0.00806149,0.00770765,0.00738588,0.00704521,0.00677874,0.00649365,0.00619718,0.00592778,0.00568168,0.00545589,0.00522301,0.00500969,0.00481351,0.0046132,0.00441157,0.00424324,0.00407253,0.00390151,0.0037444,0.00358805,0.00344433,0.00330197,0.00317103,0.00304185,0.00291521,0.00279876,0.00268486,0.00257989,0.00247192,0.00237264,0.00227643,0.00218772,0.00209783,0.00201143,0.00193188,0.00185532,0.00177896
0.000203,0.616622,0.957255,1.03274,0.945048,0.794827,0.529622,0.375415,0.218355,0.15589,0.100964,0.0794719,0.059262,0.0504999,0.0413765,0.0370077,0.0320725,0.0295314,0.026489,0.0248405,0.0227831,0.0211007,0.0201385,0.0188826,0.01748,0.0165856,0.0155542,0.0146683,0.0138966,0.0130587,0.0124698,0.0118158,0.0112366,0.0107187,0.0102521,0.00974876,0.00929712,0.00888906,0.00851805,0.0081251,0.00781782,0.00748901,0.00714713,0.00683641,0.00655259,0.00629217,0.00602357,0.00577759,0.00555138,0.0053203,0.00508779,0.00489367,0.00469678,0.00449953,0.00431835,0.00413802,0.00397229,0.00380812,0.0036571,0.00350812,0.00336208,0.00322778,0.0030964,0.00297535,0.00285083,0.00273632,0.00262536,0.00252308,0.0024194,0.00231975,0.00222802,0.00213972,0.00205166
0.000233,0.705954,1.09451,1.18138,1.08267,0.911504,0.607623,0.430755,0.250571,0.178896,0.115865,0.0912016,0.0680088,0.0579536,0.0474837,0.0424704,0.0368068,0.0338906,0.0303993,0.0285073,0.0261463,0.0242156,0.0231115,0.0216702,0.0200606,0.019034,0.0178505,0.0168338,0.0159482,0.0149867,0.0143108,0.0135603,0.0128955,0.0123012,0.0117657,0.0111881,0.0106698,0.0102015,0.00977565,0.00932468,0.00897204,0.0085947,0.00820235,0.00784576,0.00752005,0.00722119,0.00691296,0.00663064,0.00637101,0.00610583,0.00583898,0.00561621,0.00539024,0.00516385,0.00495596,0.00474898,0.00455878,0.00437038,0.00419706,0.00402608,0.00385847,0.00370434,0.00355359,0.00341465,0.00327174,0.00314035,0.003013,0.0028956,0.00277661,0.00266226,0.00255696,0.00245564,0.00235457
0.000268,0.809561,1.25316,1.35336,1.24247,1.04731,0.698518,0.495265,0.288139,0.205725,0.133244,0.104881,0.0782099,0.0666464,0.0546063,0.0488411,0.0423283,0.0389747,0.0349598,0.032784,0.0300688,0.0278487,0.026579,0.0249213,0.0230704,0.0218898,0.0205288,0.0193596,0.0183411,0.0172352,0.0164581,0.0155949,0.0148304,0.0141469,0.0135311,0.0128668,0.0122708,0.0117322,0.0112425,0.0107239,0.0103183,0.00988433,0.00943312,0.00902303,0.00864845,0.00830472,0.00795022,0.00762559,0.00732696,0.00702203,0.00671514,0.00645891,0.00619907,0.00593872,0.0056996,0.00546158,0.00524283,0.00502617,0.00482685,0.0046302,0.00443745,0.0042602,0.0040868,0.00392703,0.00376268,0.00361157,0.0034651,0.0033301,0.00319324,0.00306173,0.00294065,0.00282412,0.00270789
0.000308,0.927151,1.4325,1.54797,1.42403,1.20208,0.802244,0.568916,0.331047,0.236373,0.153097,0.120508,0.0898631,0.0765771,0.0627433,0.0561193,0.048636,0.0447829,0.0401697,0.0376699,0.0345502,0.0319993,0.0305403,0.0286356,0.0265089,0.0251525,0.0235887,0.0222452,0.021075,0.0198043,0.0189114,0.0179195,0.017041,0.0162557,0.0155481,0.0147848,0.0140999,0.013481,0.0129184,0.0123225,0.0118564,0.0113578,0.0108393,0.0103681,0.00993765,0.00954267,0.00913536,0.00876229,0.00841919,0.00806881,0.00771616,0.00742177,0.00712315,0.006824,0.00654925,0.00627575,0.00602438,0.00577543,0.00554636,0.0053204,0.00509896,0.00489525,0.00469604,0.00451244,0.00432358,0.00414992,0.00398164,0.0038265,0.00366927,0.00351816,0.00337901,0.00324511,0.00311154
0.000354,1.06128,1.63607,1.76913,1.63138,1.37943,0.921312,0.653509,0.380356,0.271597,0.175916,0.138471,0.103258,0.0879919,0.0720966,0.0644852,0.0558869,0.0514595,0.0461587,0.0432864,0.0397016,0.0367704,0.0350941,0.0329055,0.0304617,0.0289031,0.0271061,0.0255623,0.0242177,0.0227577,0.0217315,0.0205918,0.0195824,0.0186799,0.0178669,0.0169896,0.0162027,0.0154916,0.0148449,0.0141602,0.0136246,0.0130516,0.0124558,0.0119143,0.0114197,0.0109658,0.0104978,0.0100691,0.00967479,0.00927218,0.00886694,0.0085286,0.00818551,0.00784171,0.00752598,0.00721171,0.00692285,0.00663676,0.00637354,0.00611388,0.00585938,0.00562533,0.0053964,0.00518542,0.00496839,0.00476886,0.00457545,0.00439719,0.0042165,0.00404285,0.00388295,0.00372909,0.0035756
0.000407,1.21436,1.86703,2.02033,1.86825,1.58287,1.05819,0.750826,0.43712,0.312154,0.202193,0.159155,0.118683,0.101136,0.0828672,0.0741192,0.0642368,0.0591482,0.0530557,0.0497543,0.0456343,0.0422651,0.0403383,0.0378228,0.035014,0.0332226,0.0311572,0.0293827,0.0278371,0.0261589,0.0249794,0.0236694,0.0225091,0.0214719,0.0205373,0.019529,0.0186244,0.017807,0.0170637,0.0162766,0.0156611,0.0150024,0.0143176,0.0136952,0.0131266,0.0126049,0.0120669,0.0115741,0.0111209,0.0106581,0.0101923,0.00980341,0.00940899,0.00901385,0.0086509,0.00828966,0.00795762,0.00762877,0.00732622,0.00702776,0.00673521,0.00646616,0.00620301,0.00596048,0.00571103,0.00548166,0.00525937,0.00505444,0.00484675,0.00464715,0.00446335,0.00428648,0.00411006
0.000468,1.38859,2.128,2.30455,2.13804,1.81573,1.21527,0.86262,0.502385,0.358796,0.232415,0.182945,0.136424,0.116255,0.0952559,0.0852006,0.0738415,0.0679923,0.0609893,0.0571944,0.0524584,0.0485858,0.0463709,0.0434795,0.0402507,0.0381914,0.0358171,0.0337774,0.0320008,0.0300715,0.0287158,0.0272099,0.025876,0.0246837,0.0236093,0.0224502,0.0214104,0.0204707,0.0196163,0.0187114,0.0180038,0.0172466,0.0164594,0.0157438,0.0150902,0.0144905,0.013872,0.0133055,0.0127845,0.0122525,0.011717,0.0112699,0.0108165,0.0103622,0.00994504,0.00952971,0.00914801,0.00877,0.00842217,0.00807907,0.00774277,0.00743348,0.00713094,0.00685215,0.00656537,0.00630168,0.00604614,0.00581057,0.00557179,0.00534232,0.00513105,0.00492771,0.00472489
0.000539,1.58871,2.42487,2.62856,2.44806,2.08486,1.39743,0.992433,0.578253,0.413031,0.267562,0.210613,0.157058,0.13384,0.109665,0.0980897,0.0850128,0.0782793,0.0702173,0.0658486,0.0603963,0.055938,0.053388,0.0500592,0.0463421,0.0439713,0.041238,0.0388896,0.0368442,0.0346231,0.0330622,0.0313283,0.0297927,0.0284199,0.0271829,0.0258485,0.0246512,0.0235693,0.0225856,0.0215438,0.0207291,0.0198573,0.0189509,0.0181271,0.0173745,0.016684,0.0159719,0.0153196,0.0147198,0.0141072,0.0134907,0.0129759,0.0124539,0.0119309,0.0114505,0.0109723,0.0105328,0.0100976,0.00969712,0.00930206,0.00891485,0.00855874,0.00821041,0.00788942,0.00755922,0.00725563,0.0069614,0.00669016,0.00641525,0.00615105,0.00590778,0.00567367,0.00544015
0.00062,1.81322,2.75403,2.989,2.79624,2.38921,1.60429,1.14009,0.664674,0.474834,0.307621,0.242149,0.180577,0.153883,0.12609,0.112782,0.0977475,0.090006,0.0807371,0.0757142,0.0694456,0.0643195,0.0613879,0.0575605,0.0532867,0.0505607,0.0474179,0.0447179,0.042366,0.0398122,0.0380174,0.0360239,0.0342581,0.0326797,0.0312573,0.0297229,0.0283462,0.0271022,0.025971,0.0247731,0.0238362,0.0228338,0.0217916,0.0208443,0.0199789,0.0191849,0.0183661,0.017616,0.0169263,0.0162219,0.0155129,0.014921,0.0143207,0.0137193,0.0131669,0.0126171,0.0121117,0.0116112,0.0111507,0.0106964,0.0102512,0.00984171,0.00944115,0.00907204,0.00869236,0.00834327,0.00800492,0.00769302,0.0073769,0.0070731,0.00679337,0.00652415,0.00625563
0.000713,2.06579,3.11982,3.3901,3.18842,2.73478,1.8404,1.30899,0.763713,0.545695,0.353563,0.278318,0.207552,0.176873,0.14493,0.129635,0.112355,0.103458,0.0928045,0.0870314,0.0798265,0.0739347,0.070565,0.066166,0.0612535,0.0581203,0.0545079,0.0514044,0.048701,0.0457655,0.0437024,0.0414109,0.0393812,0.0375667,0.0359317,0.034168,0.0325854,0.0311554,0.0298551,0.0284781,0.0274011,0.0262488,0.0250507,0.0239618,0.022967,0.0220543,0.0211129,0.0202507,0.0194578,0.018648,0.0178331,0.0171527,0.0164626,0.0157712,0.0151362,0.0145041,0.0139232,0.0133478,0.0128185,0.0122962,0.0117844,0.0113137,0.0108532,0.0104289,0.00999243,0.00959111,0.00920218,0.00884364,0.00848023,0.00813099,0.00780942,0.00749995,0.00719126
0.000819,2.34692,3.52093,3.83096,3.62516,3.12323,2.10752,1.50061,0.876339,0.626327,0.405856,0.31949,0.238261,0.203045,0.166379,0.148822,0.128987,0.118774,0.106545,0.0999178,0.0916469,0.0848834,0.081015,0.075965,0.0703256,0.0667286,0.0625815,0.0590187,0.0559151,0.052545,0.0501764,0.0475456,0.0452154,0.0431322,0.0412551,0.0392301,0.0374132,0.0357713,0.0342784,0.0326973,0.0314609,0.0301379,0.0287623,0.027512,0.0263699,0.0253219,0.0242411,0.0232512,0.0223408,0.0214111,0.0204754,0.0196941,0.0189018,0.018108,0.0173789,0.0166532,0.0159862,0.0153256,0.0147178,0.0141182,0.0135305,0.01299,0.0124614,0.0119742,0.011473,0.0110122,0.0105657,0.010154,0.00973676,0.00933576,0.00896654,0.00861122,0.00825678
0.000942,2.66423,3.96541,4.32099,4.11752,3.56612,2.41454,1.72166,1.00666,0.719703,0.466441,0.367195,0.273845,0.233373,0.191235,0.171058,0.148263,0.136525,0.12247,0.114853,0.105347,0.0975737,0.0931275,0.0873231,0.0808412,0.0767069,0.0719401,0.0678449,0.0642775,0.0604037,0.0576811,0.054657,0.0519784,0.0495838,0.047426,0.0450981,0.0430096,0.0411222,0.039406,0.0375886,0.0361672,0.0346463,0.033065,0.0316277,0.0303147,0.02911,0.0278676,0.0267296,0.025683,0.0246141,0.0235385,0.0226404,0.0217296,0.020817,0.0199788,0.0191445,0.0183777,0.0176183,0.0169196,0.0162303,0.0155547,0.0149334,0.0143256,0.0137655,0.0131894,0.0126597,0.0121463,0.0116731,0.0111934,0.0107324,0.010308,0.00989948,0.00949202
0.00108,3.00869,4.43813,4.84376,4.65096,4.05231,2.75487,1.96783,1.15237,0.824213,0.534286,0.420624,0.313703,0.267346,0.21908,0.195969,0.169858,0.156412,0.140313,0.131588,0.120698,0.111793,0.1067,0.10005,0.0926246,0.0878883,0.0824274,0.0777356,0.0736485,0.0692104,0.0660912,0.0626264,0.0595574,0.0568139,0.0543416,0.0516745,0.0492815,0.0471189,0.0451526,0.0430702,0.0414416,0.0396989,0.037887,0.0362401,0.0347357,0.0333553,0.0319317,0.0306278,0.0294286,0.0282039,0.0269714,0.0259423,0.0248987,0.023853,0.0228926,0.0219366,0.021058,0.0201878,0.0193872,0.0185974,0.0178233,0.0171113,0.0164149,0.0157732,0.015113,0.014506,0.0139178,0.0133755,0.0128259,0.0122977,0.0118113,0.0113433,0.0108764
0.00125,3.41627,4.98438,5.45024,5.28075,4.63435,3.16753,2.26816,1.33107,0.952565,0.617672,0.486303,0.362705,0.309116,0.253319,0.226601,0.196415,0.18087,0.162257,0.152169,0.139579,0.129283,0.123394,0.115705,0.107119,0.101642,0.0953276,0.0899024,0.0851761,0.080044,0.076437,0.0724302,0.0688812,0.0657083,0.0628492,0.0597647,0.0569972,0.0544963,0.0522222,0.0498138,0.0479303,0.0459149,0.0438193,0.0419146,0.0401747,0.0385783,0.0369318,0.0354237,0.0340367,0.0326202,0.0311948,0.0300045,0.0287975,0.0275881,0.0264773,0.0253717,0.0243555,0.023349,0.022423,0.0215096,0.0206142,0.0197908,0.0189853,0.0182431,0.0174796,0.0167776,0.0160972,0.01547,0.0148343,0.0142234,0.0136609,0.0131195,0.0125795
0.00143,3.82797,5.52187,6.04992,5.91508,5.22887,3.59587,2.58233,1.51925,1.08797,0.705721,0.555671,0.414469,0.353244,0.289495,0.258968,0.224479,0.206717,0.185448,0.173921,0.159534,0.147768,0.141038,0.132252,0.12244,0.116181,0.108964,0.102764,0.0973621,0.0914965,0.0873738,0.0827943,0.0787378,0.0751112,0.0718433,0.0683176,0.0651543,0.0622956,0.0596962,0.0569432,0.0547902,0.0524865,0.0500911,0.0479138,0.0459249,0.0441,0.0422179,0.040494,0.0389085,0.0372893,0.0356598,0.0342993,0.0329194,0.031537,0.0302672,0.0290034,0.0278417,0.0266912,0.0256326,0.0245884,0.0235649,0.0226236,0.0217029,0.0208544,0.0199816,0.0191791,0.0184014,0.0176844,0.0169577,0.0162593,0.0156163,0.0149975,0.0143802
0.00165,4.30417,6.12698,6.72853,6.64628,5.92412,4.10631,2.96045,1.74768,1.25271,0.812985,0.640202,0.477564,0.407037,0.333601,0.298434,0.2587,0.238236,0.213732,0.20045,0.183873,0.170315,0.16256,0.152435,0.141128,0.133915,0.125599,0.118453,0.112228,0.105468,0.100716,0.0954381,0.0907628,0.0865829,0.0828161,0.0787524,0.0751062,0.071811,0.0688148,0.0656416,0.0631598,0.0605043,0.057743,0.0552333,0.0529407,0.050837,0.0486674,0.0466802,0.0448526,0.0429861,0.0411077,0.0395393,0.0379486,0.036355,0.0348913,0.0334343,0.0320952,0.0307689,0.0295487,0.0283449,0.0271651,0.02608,0.0250186,0.0240405,0.0230343,0.0221092,0.0212127,0.0203861,0.0195485,0.0187434,0.0180021,0.0172887,0.0165772
0.0019,4.81092,6.75276,7.43497,7.42146,6.67149,4.66753,3.38163,2.00498,1.43884,0.934383,0.735912,0.549026,0.467973,0.383572,0.343152,0.29748,0.273957,0.245787,0.230519,0.21146,0.195873,0.186957,0.175316,0.162315,0.154021,0.144458,0.136242,0.129083,0.121309,0.115845,0.109775,0.104398,0.0995907,0.0952586,0.0905847,0.0863911,0.0826012,0.079155,0.0755052,0.0726507,0.0695963,0.0664203,0.0635335,0.0608965,0.0584768,0.0559812,0.0536954,0.0515932,0.0494462,0.0472856,0.0454815,0.0436519,0.0418187,0.0401351,0.0384591,0.0369187,0.0353932,0.0339896,0.0326049,0.0312477,0.0299996,0.0287786,0.0276535,0.0264962,0.0254321,0.0244008,0.02345,0.0224864,0.0215604,0.0207077,0.0198871,0.0190686
0.00218,5.33783,7.38567,8.15493,8.22455,7.45542,5.27076,3.84181,2.29004,1.64586,1.06969,0.842648,0.628755,0.53597,0.439346,0.393068,0.340775,0.31384,0.281582,0.264096,0.24227,0.224417,0.214205,0.200872,0.18598,0.17648,0.165526,0.156113,0.147912,0.139006,0.132746,0.125792,0.119631,0.114123,0.10916,0.103805,0.0989994,0.0946569,0.0907081,0.0865259,0.083255,0.0797549,0.0761156,0.0728077,0.0697858,0.067013,0.0641533,0.0615338,0.0591248,0.0566645,0.0541884,0.0521211,0.0500243,0.0479237,0.0459942,0.0440737,0.0423084,0.0405602,0.0389516,0.0373648,0.0358096,0.0343792,0.03298,0.0316907,0.0303643,0.0291449,0.027963,0.0268735,0.0257692,0.024708,0.0237308,0.0227904,0.0218524
0.00251,5.90827,8.05375,8.92143,9.09121,8.30972,5.94674,4.3674,2.6214,1.88772,1.22823,0.967795,0.722286,0.615759,0.50481,0.451666,0.391609,0.360672,0.323619,0.303533,0.278457,0.257947,0.246214,0.230894,0.213783,0.202867,0.190279,0.179462,0.170037,0.159802,0.152607,0.144614,0.137533,0.131202,0.125496,0.119341,0.113817,0.108825,0.104286,0.099478,0.0957178,0.0916941,0.0875102,0.0837073,0.0802333,0.0770455,0.0737577,0.0707463,0.0679767,0.0651481,0.0623015,0.0599246,0.057514,0.0550989,0.0528806,0.0506725,0.048643,0.046633,0.0447836,0.0429593,0.0411712,0.0395266,0.037918,0.0364356,0.0349107,0.0335087,0.0321498,0.0308972,0.0296276,0.0284075,0.027284,0.0262028,0.0251243
0.00288,6.48977,8.7195,9.69293,9.97229,9.18386,6.65944,4.934,2.98654,2.15597,1.40471,1.10724,0.826576,0.704753,0.577853,0.517061,0.448352,0.412955,0.370555,0.347568,0.31887,0.295394,0.281964,0.264428,0.24484,0.232343,0.217932,0.205547,0.194757,0.183037,0.174798,0.165645,0.157536,0.150286,0.143752,0.136702,0.130375,0.124658,0.119459,0.113952,0.109645,0.105037,0.100244,0.0958883,0.091909,0.0882575,0.0844915,0.081042,0.0778694,0.0746293,0.0713685,0.0686458,0.0658844,0.0631178,0.0605767,0.0580473,0.0557225,0.05342,0.0513015,0.0492117,0.0471633,0.0452794,0.0434367,0.0417386,0.0399917,0.0383856,0.0368291,0.0353941,0.0339397,0.032542,0.031255,0.0300165,0.028781
0.00331,7.09825,9.40373,10.4943,10.8924,10.0993,7.42902,5.56092,3.40176,2.46352,1.60803,1.26807,0.946981,0.807539,0.662253,0.592641,0.513951,0.473407,0.424835,0.398499,0.365617,0.338715,0.323325,0.303227,0.280777,0.266453,0.249934,0.235737,0.223367,0.20993,0.200484,0.189989,0.180691,0.172377,0.164884,0.156799,0.149544,0.142987,0.137025,0.130709,0.125769,0.120484,0.114987,0.109991,0.105427,0.101238,0.0969187,0.0929619,0.0893229,0.0856064,0.0818661,0.078743,0.0755755,0.0724021,0.0694873,0.0665859,0.0639191,0.061278,0.0588479,0.0564507,0.054101,0.05194,0.0498262,0.0478784,0.0458745,0.0440322,0.0422467,0.0406007,0.0389323,0.037329,0.0358527,0.034432,0.0330148
0.00381,7.72859,10.1034,11.3228,11.8437,11.0452,8.24894,6.24777,3.87138,2.81507,1.84189,1.45337,1.08587,0.926162,0.759714,0.679943,0.589751,0.543271,0.487581,0.457381,0.41967,0.388814,0.37116,0.348105,0.322349,0.305914,0.286959,0.270668,0.256471,0.24105,0.230208,0.218161,0.207488,0.197944,0.189342,0.18006,0.171731,0.164203,0.157357,0.150105,0.144433,0.138364,0.132052,0.126315,0.121074,0.116264,0.111304,0.10676,0.102581,0.0983133,0.0940179,0.0904314,0.0867939,0.0831495,0.0798021,0.0764701,0.0734075,0.0703744,0.0675836,0.0648306,0.0621321,0.0596504,0.0572228,0.0549858,0.0526846,0.0505688,0.0485182,0.0466278,0.0447119,0.0428705,0.0411751,0.0395434,0.0379159
0.00438,8.36322,10.8026,12.1595,12.7983,11.9917,9.0941,6.97669,4.38822,3.20733,2.10497,1.66226,1.24267,1.06018,0.869899,0.778679,0.675516,0.62234,0.558613,0.524049,0.480883,0.445558,0.425345,0.398946,0.36945,0.350628,0.328918,0.310256,0.293992,0.276324,0.263902,0.250098,0.237867,0.22693,0.217071,0.206433,0.196886,0.188257,0.18041,0.172097,0.165596,0.158638,0.151402,0.144825,0.138817,0.133303,0.127616,0.122407,0.117616,0.112723,0.107798,0.103686,0.0995154,0.095337,0.0914991,0.0876788,0.0841674,0.0806898,0.07749,0.0743334,0.0712395,0.0683941,0.0656107,0.0630458,0.0604072,0.0579813,0.0556302,0.0534627,0.0512659,0.0491547,0.0472107,0.0453399,0.0434738
0.00504,9.00769,11.5109,13.0154,13.7644,12.9445,9.96772,7.75251,4.96111,3.64934,2.40463,1.90083,1.42213,1.21368,0.996218,0.891924,0.773937,0.713102,0.64018,0.600619,0.551204,0.510758,0.487612,0.457379,0.423595,0.402033,0.37716,0.355778,0.337141,0.316893,0.302655,0.286832,0.272812,0.260273,0.24897,0.236773,0.225826,0.215932,0.206933,0.1974,0.189944,0.181965,0.173667,0.166124,0.159232,0.152908,0.146386,0.140411,0.134915,0.129303,0.123654,0.118938,0.114154,0.109361,0.104959,0.100577,0.0965488,0.0925597,0.0888893,0.0852684,0.0817195,0.0784555,0.0752627,0.0723205,0.0692938,0.066511,0.063814,0.0613277,0.0588078,0.056386,0.054156,0.05201,0.0498694
0.0058,9.65483,12.2233,13.884,14.729,13.8897,10.8552,8.56295,5.58646,4.14118,2.74277,2.17099,1.62588,1.38813,1.13994,1.02085,0.88606,0.816537,0.733175,0.687938,0.631419,0.585151,0.558667,0.524071,0.485405,0.460724,0.432248,0.407765,0.386423,0.363233,0.346924,0.328799,0.312736,0.298369,0.285418,0.271441,0.258896,0.247557,0.237243,0.226317,0.217771,0.208624,0.199112,0.190465,0.182565,0.175316,0.167838,0.160988,0.154688,0.148254,0.141778,0.13637,0.130886,0.12539,0.120343,0.115319,0.110701,0.106127,0.101919,0.0977674,0.0936983,0.0899559,0.0862951,0.0829217,0.0794515,0.0762608,0.0731685,0.0703177,0.0674284,0.0646516,0.0620948,0.0596342,0.0571798
0.00667,10.2977,12.9359,14.7578,15.6809,14.8164,11.742,9.39421,6.25766,4.68119,3.12006,2.47402,1.85517,1.58472,1.30213,1.16643,1.01277,0.933483,0.838373,0.786744,0.722221,0.669385,0.639137,0.599615,0.555437,0.527231,0.494684,0.466696,0.442295,0.415776,0.397124,0.376391,0.358016,0.341579,0.32676,0.310767,0.296411,0.283433,0.271628,0.259123,0.249341,0.238871,0.227982,0.218084,0.20904,0.20074,0.192179,0.184337,0.177124,0.169757,0.162342,0.156151,0.149871,0.143579,0.1378,0.132047,0.12676,0.121523,0.116704,0.11195,0.107291,0.103006,0.0988142,0.0949515,0.0909779,0.0873244,0.0837835,0.0805192,0.0772107,0.0740311,0.0711034,0.0682858,0.0654753
0.00767,10.9381,13.652,15.6386,16.6194,15.7246,12.625,10.2406,6.97235,5.27114,3.54053,2.81351,2.11335,1.80644,1.48537,1.33106,1.15621,1.06593,0.957594,0.898759,0.825206,0.764956,0.730455,0.685367,0.634955,0.602762,0.565606,0.533648,0.505781,0.475489,0.454179,0.430489,0.40949,0.390703,0.373765,0.355481,0.339068,0.32423,0.310732,0.296432,0.285245,0.273271,0.260818,0.249496,0.239152,0.229658,0.219866,0.210895,0.202644,0.194216,0.185734,0.178651,0.171467,0.164269,0.157658,0.151076,0.145027,0.139036,0.133523,0.128084,0.122754,0.117851,0.113055,0.108636,0.10409,0.0999097,0.0958586,0.0921239,0.0883386,0.0847008,0.0813511,0.0781275,0.074912
0.00882,11.5751,14.3722,16.5249,17.5417,16.6129,13.4988,11.0942,7.72426,5.90912,4.00638,3.19217,2.40274,2.05565,1.69177,1.5167,1.31816,1.21557,1.09239,1.02547,0.941762,0.873167,0.833877,0.782518,0.725075,0.688383,0.646024,0.609581,0.577795,0.543236,0.518919,0.491882,0.467911,0.446464,0.427123,0.406244,0.387499,0.370551,0.355132,0.338797,0.326016,0.312335,0.298106,0.28517,0.273349,0.262501,0.25131,0.241058,0.231628,0.221997,0.212302,0.204207,0.195996,0.18777,0.180213,0.17269,0.165776,0.158928,0.152626,0.14641,0.140317,0.134713,0.129231,0.12418,0.118983,0.114205,0.109574,0.105305,0.100979,0.0968203,0.0929914,0.0893065,0.085631
0.0101,12.19,15.0747,17.3874,18.4183,17.4541,14.3335,11.9217,8.48154,6.57015,4.50246,3.59885,2.71529,2.32528,1.91588,1.71861,1.4946,1.37873,1.23951,1.16382,1.0691,0.991454,0.946961,0.888785,0.823693,0.782103,0.734074,0.692741,0.656681,0.617464,0.589863,0.559168,0.531948,0.50759,0.485621,0.461902,0.440605,0.421346,0.403824,0.385258,0.370731,0.355181,0.339006,0.324299,0.310861,0.298526,0.285803,0.274146,0.263424,0.252472,0.241448,0.232243,0.222906,0.213551,0.204957,0.196402,0.188539,0.180751,0.173585,0.166515,0.159586,0.153212,0.146978,0.141233,0.135323,0.129889,0.124622,0.119767,0.114846,0.110117,0.105762,0.101571,0.097391
0.0117,12.8545,15.8419,18.3237,19.3483,18.3445,15.2221,12.8134,9.32546,7.32834,5.08982,4.0854,3.09208,2.65128,2.18744,1.96357,1.70908,1.57732,1.41888,1.33261,1.22461,1.13599,1.0852,1.01875,0.944376,0.896831,0.841905,0.794617,0.753347,0.708447,0.676838,0.641675,0.610485,0.582567,0.557384,0.530189,0.505766,0.483678,0.463579,0.44228,0.425613,0.407771,0.38921,0.372332,0.356909,0.342752,0.328148,0.314768,0.30246,0.289887,0.277232,0.266664,0.255945,0.245204,0.235338,0.225516,0.216488,0.207546,0.199318,0.191201,0.183245,0.175927,0.168769,0.162172,0.155386,0.149147,0.143099,0.137524,0.131874,0.126444,0.121443,0.116631,0.111831
0.0134,13.4653,16.554,19.1847,20.186,19.1453,16.0246,13.6256,10.1162,8.05847,5.67541,4.57637,3.47569,2.98424,2.46572,2.21502,1.9297,1.78178,1.60373,1.50676,1.38523,1.28545,1.22824,1.15332,1.06944,1.01577,0.953748,0.900324,0.853679,0.802914,0.767162,0.727379,0.692081,0.660478,0.631964,0.601166,0.573502,0.548479,0.525707,0.501571,0.482682,0.462459,0.44142,0.422287,0.404802,0.388752,0.372193,0.357021,0.343064,0.328807,0.314456,0.302471,0.290315,0.278133,0.266943,0.255804,0.245564,0.235422,0.22609,0.216883,0.207858,0.199558,0.191439,0.183956,0.176259,0.169182,0.162322,0.155999,0.149589,0.143429,0.137758,0.132299,0.126854
0.0154,14.0904,17.2882,20.0625,21.0249,19.9469,16.83,14.4452,10.9319,8.83005,6.31635,5.12129,3.90566,3.35873,2.77989,2.49944,2.17972,2.01381,1.81379,1.70477,1.56806,1.45569,1.39118,1.30675,1.21212,1.15157,1.08151,1.02117,0.968425,0.911022,0.870558,0.825514,0.785558,0.749751,0.717435,0.682522,0.651155,0.622795,0.596964,0.569581,0.548149,0.525199,0.501321,0.479604,0.459755,0.441534,0.422735,0.405509,0.389661,0.373472,0.357176,0.343566,0.32976,0.315926,0.303217,0.290566,0.278936,0.267417,0.256817,0.24636,0.23611,0.226682,0.217459,0.20896,0.200217,0.192178,0.184387,0.177204,0.169923,0.162926,0.156484,0.150283,0.144098
0.0177,14.7155,18.0265,20.9332,21.8444,20.7301,17.618,15.2503,11.7469,9.61751,6.99445,5.70693,4.3731,3.76748,3.1241,2.81167,2.4549,2.26945,2.0457,1.92357,1.77025,1.64415,1.57174,1.47684,1.37042,1.30228,1.22343,1.15541,1.09598,1.0312,0.985537,0.934706,0.889546,0.849087,0.81256,0.773107,0.737631,0.705527,0.676301,0.645313,0.621054,0.595075,0.568041,0.543451,0.520987,0.500351,0.479057,0.459544,0.441592,0.423251,0.404788,0.389368,0.373725,0.35805,0.343649,0.329313,0.316134,0.30308,0.291069,0.279218,0.267601,0.256917,0.246465,0.236833,0.226924,0.217813,0.208983,0.200842,0.192591,0.184661,0.177359,0.170331,0.163322
0.0204,15.3536,18.7828,21.8111,22.6601,21.5104,18.404,16.0552,12.572,10.4292,7.71835,6.34321,4.8877,4.21932,3.50615,3.15887,2.76165,2.55485,2.30501,2.16843,1.9969,1.85563,1.77442,1.66799,1.5485,1.47191,1.38324,1.30673,1.23978,1.16681,1.11533,1.05796,1.00699,0.961327,0.920068,0.875463,0.835363,0.799065,0.76603,0.730976,0.703529,0.674131,0.643533,0.615697,0.59025,0.566884,0.542773,0.520676,0.500344,0.479572,0.458659,0.441192,0.423472,0.405715,0.389401,0.373159,0.358228,0.343438,0.329829,0.316401,0.303239,0.291133,0.27929,0.268376,0.257148,0.246824,0.236818,0.227594,0.218244,0.209258,0.200983,0.19302,0.185077
0.0235,15.9907,19.5389,22.6738,23.4535,22.2704,19.1701,16.8404,13.3843,11.24,8.46555,7.01265,5.43747,4.7043,3.91776,3.53368,3.09351,2.86402,2.58635,2.43445,2.24336,2.08587,1.99526,1.87642,1.74289,1.65722,1.55797,1.47225,1.39719,1.3153,1.25752,1.19307,1.13578,1.08443,1.03801,0.987804,0.942654,0.90177,0.864531,0.825028,0.794107,0.760963,0.726461,0.695067,0.666362,0.640003,0.612799,0.587866,0.564923,0.54148,0.517877,0.498162,0.47816,0.458115,0.439698,0.421363,0.404506,0.387809,0.372443,0.357283,0.342422,0.328753,0.315381,0.303058,0.29038,0.278722,0.267424,0.257008,0.24645,0.236303,0.226959,0.217967,0.208998
0.027,16.6177,20.2828,23.5072,24.2136,22.9997,19.906,17.5952,14.1697,12.0325,9.21747,7.69975,6.01146,5.21313,4.35127,3.92902,3.44425,3.19114,2.88447,2.71652,2.50506,2.33058,2.23013,2.09829,1.95,1.85482,1.74441,1.64899,1.56538,1.47408,1.40961,1.33766,1.27366,1.21625,1.16434,1.10817,1.05764,1.01186,0.970152,0.925896,0.891227,0.854093,0.815413,0.780211,0.74802,0.718455,0.687938,0.659965,0.634222,0.607918,0.58143,0.559304,0.536856,0.514357,0.493685,0.473103,0.454181,0.435436,0.418187,0.401167,0.384483,0.369137,0.354124,0.340288,0.326053,0.312965,0.300279,0.288584,0.276729,0.265336,0.254845,0.244749,0.234677
0.031,17.2435,21.0238,24.322,24.9522,23.7095,20.6233,18.3311,14.9382,12.8145,9.97778,8.4082,6.61473,5.75092,4.81117,4.34894,3.81727,3.53926,3.20214,3.01726,2.78431,2.59192,2.48113,2.33555,2.17174,2.06647,1.94429,1.8386,1.74592,1.64462,1.57304,1.49309,1.42194,1.35805,1.30027,1.23774,1.18144,1.13042,1.08392,1.03456,0.995887,0.954436,0.911266,0.871971,0.836029,0.803016,0.768934,0.737689,0.708933,0.679556,0.649961,0.625238,0.600153,0.57501,0.551908,0.528904,0.507755,0.486804,0.467523,0.448499,0.429849,0.412694,0.395912,0.380445,0.364532,0.3499,0.335718,0.322643,0.30939,0.296653,0.284925,0.273637,0.262377
0.0357,17.885,21.7812,25.1387,25.6887,24.4186,21.3411,19.068,15.7095,13.6039,10.7613,9.15227,7.26208,6.33199,5.30999,4.80488,4.2226,3.91767,3.54755,3.3444,3.08825,2.87655,2.75454,2.5942,2.41363,2.29751,2.16264,2.04584,1.94337,1.83126,1.75194,1.66333,1.5844,1.51351,1.44934,1.37984,1.31725,1.2605,1.20876,1.15383,1.11077,1.06461,1.01653,0.972747,0.932696,0.895913,0.857921,0.823088,0.791024,0.758254,0.72525,0.697676,0.669697,0.641651,0.61588,0.590217,0.566623,0.543248,0.521736,0.500509,0.4797,0.460559,0.441832,0.424573,0.406816,0.390489,0.374663,0.360072,0.345283,0.331069,0.31798,0.305383,0.292818
0.041,18.5154,22.5232,25.9227,26.393,25.0976,22.0305,19.7761,16.452,14.367,11.5314,9.8964,7.92473,6.93178,5.82741,5.27818,4.64333,4.31047,3.90601,3.68388,3.40362,3.17192,3.03836,2.86276,2.6649,2.53761,2.38967,2.26146,2.14887,2.02563,1.93836,1.84078,1.75381,1.67562,1.60483,1.52812,1.45899,1.3963,1.33912,1.27839,1.23077,1.17972,1.12651,1.07805,1.03372,0.992977,0.950908,0.912329,0.876815,0.840513,0.803949,0.773398,0.742395,0.711317,0.682758,0.654317,0.628167,0.60226,0.578416,0.554888,0.531822,0.510604,0.489845,0.470712,0.451028,0.432928,0.415383,0.399208,0.382812,0.367054,0.352544,0.338578,0.324647
0.0472,19.1578,23.2767,26.7027,27.0911,25.7717,22.7169,20.4822,17.1933,15.1312,12.3124,10.6631,8.62424,7.57144,6.38266,5.7866,5.09514,4.73196,4.29031,4.04758,3.7413,3.48804,3.34206,3.15013,2.93383,2.79464,2.63279,2.49244,2.3691,2.23397,2.13823,2.03111,1.93557,1.84962,1.77176,1.68734,1.61124,1.54218,1.47917,1.41223,1.35972,1.3034,1.2447,1.19123,1.1423,1.09733,1.05088,1.00828,0.969062,0.928967,0.888579,0.854829,0.820578,0.78624,0.754684,0.723258,0.694361,0.665731,0.63938,0.613377,0.587884,0.564433,0.541488,0.520342,0.498584,0.478577,0.459184,0.441305,0.423182,0.405763,0.389723,0.374285,0.358886
0.0543,19.7978,24.0248,27.4608,27.7676,26.4259,23.3851,21.1709,17.9176,15.8796,13.085,11.4316,9.34274,8.23647,6.96503,6.32063,5.56955,5.17408,4.6927,4.42802,4.09398,3.81792,3.65879,3.44967,3.21403,3.06241,2.88607,2.7331,2.59861,2.45115,2.34662,2.2296,2.12515,2.03115,1.94594,1.85351,1.77015,1.69448,1.6254,1.55199,1.49439,1.43259,1.36817,1.30947,1.25575,1.20636,1.15534,1.10855,1.06546,1.0214,0.977022,0.939933,0.902288,0.864547,0.82986,0.795314,0.763547,0.732072,0.703101,0.674513,0.646484,0.620699,0.595471,0.572219,0.548295,0.526295,0.50497,0.485309,0.46538,0.446226,0.428587,0.411611,0.394677
0.0624,20.4319,24.7638,28.1934,28.4195,27.057,24.0322,21.8396,18.6225,16.609,13.8439,12.1948,10.0729,8.9216,7.57198,6.87874,6.06535,5.6356,5.11182,4.82365,4.45998,4.1596,3.98659,3.75936,3.50348,3.33888,3.1475,2.98147,2.83544,2.6753,2.56171,2.43449,2.32087,2.21857,2.12579,2.02511,1.93426,1.85177,1.77644,1.69635,1.63351,1.56606,1.49574,1.43165,1.37297,1.31903,1.26329,1.21217,1.16508,1.11694,1.06843,1.02789,0.986741,0.945483,0.907562,0.869793,0.83506,0.800646,0.768968,0.737707,0.707057,0.678861,0.651272,0.625844,0.599681,0.575621,0.5523,0.530798,0.509003,0.488054,0.468763,0.450196,0.431675
0.0718,21.0702,25.5063,28.913,29.0581,27.6757,24.669,22.4995,19.3203,17.3323,14.6009,12.9629,10.8238,9.63661,8.21459,7.47219,6.59328,6.1266,5.55656,5.2426,4.84648,4.51956,4.3315,4.08465,3.80706,3.62867,3.42132,3.24148,3.08333,2.90985,2.78675,2.64884,2.52563,2.41465,2.31397,2.20465,2.10598,2.01635,1.93449,1.84743,1.7791,1.70575,1.62924,1.55951,1.49566,1.43695,1.37629,1.32063,1.26936,1.21694,1.16412,1.11997,1.07515,1.03021,0.988905,0.947763,0.909926,0.872434,0.837924,0.803866,0.770472,0.739751,0.709692,0.681986,0.653478,0.627263,0.601852,0.578422,0.554673,0.531845,0.510825,0.490593,0.470411
0.0825,21.6998,26.2377,29.6058,29.6714,28.2702,25.2831,23.1379,19.9982,18.0364,15.341,13.7196,11.5776,10.3654,8.88118,8.09156,7.14582,6.64028,6.02073,5.679,5.24775,4.89223,4.68789,4.42013,4.11948,3.92653,3.70248,3.50829,3.33755,3.15027,3.01738,2.86848,2.7354,2.6155,2.50671,2.38855,2.28187,2.18492,2.09636,2.00216,1.9282,1.84881,1.76598,1.69047,1.62132,1.55773,1.49202,1.43171,1.37617,1.31937,1.26212,1.21428,1.1657,1.117,1.07222,1.02763,0.986611,0.945968,0.908555,0.871632,0.835424,0.802117,0.769528,0.739489,0.708581,0.680157,0.652605,0.627205,0.601454,0.576703,0.55391,0.531973,0.510089
0.0949,22.3302,26.9696,30.2829,30.2693,28.8502,25.8841,23.765,20.6672,18.7328,16.0762,14.4753,12.3432,11.1165,9.58203,8.74836,7.73504,7.18825,6.51488,6.14247,5.67231,5.28514,5.06299,4.77232,4.44668,4.23804,3.99614,3.78664,3.60257,3.40075,3.25755,3.09711,2.95371,2.8245,2.70723,2.57983,2.46479,2.36025,2.26472,2.16306,2.08326,1.99757,1.90816,1.82665,1.75198,1.68332,1.61235,1.54722,1.48723,1.42587,1.36403,1.31234,1.25986,1.20723,1.15886,1.11067,1.06635,1.02243,0.981996,0.942094,0.90297,0.866974,0.831753,0.799288,0.765883,0.735164,0.705385,0.677925,0.650093,0.623341,0.598707,0.574996,0.551344
0.109,22.9496,27.6879,30.932,30.8412,29.405,26.4608,24.3688,21.315,19.409,16.793,15.2156,13.1033,11.8726,10.3028,9.43101,8.35284,7.76389,7.03351,6.62792,6.11529,5.69347,5.45184,5.1363,4.78372,4.55839,4.29756,4.07203,3.87407,3.65716,3.50332,3.33096,3.17694,3.03814,2.91217,2.77532,2.65171,2.53936,2.43669,2.32744,2.24164,2.14952,2.05339,1.96572,1.88542,1.81157,1.73523,1.66518,1.60064,1.53462,1.46809,1.41247,1.35601,1.29938,1.24732,1.19546,1.14777,1.1005,1.05699,1.01405,0.971938,0.933197,0.895289,0.860347,0.824393,0.791329,0.759278,0.729725,0.699768,0.670974,0.644458,0.618937,0.593478
0.125,23.5571,28.3916,31.5533,31.3874,29.9351,27.0132,24.9491,21.941,20.0647,17.4911,15.9395,13.8549,12.6293,11.0397,10.1377,8.99992,8.36901,7.57918,7.13795,6.57901,6.11922,5.85627,5.51357,5.13186,4.8886,4.60763,4.36515,4.15258,3.91989,3.75497,3.57027,3.40526,3.25657,3.12164,2.97505,2.84265,2.72232,2.61233,2.49529,2.40337,2.30466,2.20165,2.10772,2.02166,1.94251,1.86069,1.7856,1.71641,1.64565,1.57432,1.51469,1.45415,1.39344,1.33762,1.28202,1.23088,1.1802,1.13354,1.08749,1.04234,1.0008,0.960145,0.922674,0.884118,0.84866,0.814289,0.782597,0.750471,0.719592,0.691155,0.663786,0.636483
0.144,24.179,29.1103,32.1736,31.9318,30.4633,27.565,25.5305,22.572,20.7282,18.2008,16.6781,14.6295,13.4174,11.8231,10.8991,9.70777,9.03472,8.1813,7.70038,7.08876,6.58536,6.29788,5.92408,5.50921,5.24572,4.94222,4.68091,4.45224,4.20224,4.02521,3.82708,3.65015,3.49077,3.34616,3.18908,3.0472,2.91825,2.8004,2.67498,2.57649,2.47072,2.36033,2.25967,2.16745,2.08262,1.99493,1.91444,1.84029,1.76443,1.68798,1.62406,1.55916,1.49407,1.43423,1.37462,1.31979,1.26546,1.21543,1.16606,1.11765,1.07311,1.02953,0.98935,0.948011,0.909992,0.873139,0.839158,0.804712,0.771602,0.741112,0.711765,0.68249
0.166,24.7981,29.8234,32.7754,32.459,30.9749,28.1004,26.0963,23.1898,21.3803,18.9023,17.411,15.4045,14.2134,12.6298,11.6943,10.46,9.74777,8.83006,8.30671,7.6371,7.08486,6.76981,6.36111,5.90926,5.62339,5.29519,5.01341,4.76734,4.49877,4.30881,4.09637,3.9068,3.7361,3.58126,3.41311,3.26127,3.12326,2.99715,2.86295,2.75756,2.64438,2.52627,2.41856,2.31988,2.22911,2.13527,2.04914,1.96978,1.88861,1.80679,1.73838,1.66892,1.59926,1.53522,1.47142,1.41273,1.35458,1.30104,1.24819,1.19637,1.1487,1.10205,1.05904,1.01479,0.9741,0.934652,0.898279,0.861407,0.825967,0.793329,0.761916,0.730579
0.191,25.4022,30.5158,33.3475,32.9594,31.4606,28.6092,26.6353,23.7817,22.0081,19.5817,18.1235,16.1639,14.9995,13.4405,12.5042,11.2406,10.4948,9.5156,8.94868,8.21717,7.61161,7.26622,6.81908,6.32668,6.0165,5.66163,5.35792,5.09335,4.80515,4.60159,4.37417,4.17139,3.98891,3.82344,3.6438,3.48163,3.33428,3.19962,3.05635,2.94384,2.82302,2.69694,2.58197,2.47664,2.37975,2.27958,2.18765,2.10294,2.01628,1.92894,1.85592,1.78177,1.70741,1.63904,1.57093,1.50828,1.4462,1.38904,1.33263,1.27731,1.22641,1.1766,1.13069,1.08345,1.04001,0.997893,0.95906,0.919695,0.881858,0.847013,0.813476,0.78002
0.219,25.9854,31.18,33.8854,33.4297,31.9169,29.0877,27.1431,24.3424,22.6053,20.2322,18.8085,16.8993,15.7662,14.2431,13.3158,12.0375,11.2656,10.2307,9.62079,8.82494,8.1622,7.78392,7.29497,6.75866,6.42229,6.03891,5.71198,5.42791,5.11915,4.90139,4.65842,4.44196,4.2473,4.07089,3.87945,3.70667,3.54969,3.40629,3.25373,3.13393,3.0053,2.87108,2.74869,2.63656,2.53342,2.4268,2.32893,2.23876,2.14652,2.05354,1.97581,1.89688,1.81772,1.74494,1.67243,1.60574,1.53965,1.4788,1.41874,1.35985,1.30567,1.25265,1.20377,1.15348,1.10723,1.06239,1.02105,0.979145,0.938863,0.901768,0.866064,0.830446
0.252,26.5767,31.848,34.4167,33.8938,32.367,29.5601,27.6453,24.8995,23.2011,20.8857,19.4999,17.6469,16.5506,15.0752,14.1666,12.8875,12.0968,11.0119,10.3588,9.49428,8.76791,8.35243,7.81592,7.2296,6.86355,6.44812,6.09524,5.78955,5.45808,5.22476,4.96478,4.73341,4.52552,4.33722,4.13299,3.94873,3.78139,3.62854,3.46596,3.33831,3.20126,3.05827,2.92789,2.80845,2.69858,2.58501,2.48077,2.38472,2.28647,2.18744,2.10464,2.02057,1.93626,1.85873,1.78151,1.71047,1.64007,1.57526,1.51129,1.44856,1.39084,1.33436,1.2823,1.22873,1.17946,1.13171,1.08767,1.04303,1.00012,0.960609,0.922577,0.884637
0.29,27.1625,32.5025,34.9285,34.3407,32.8005,30.0152,28.1296,25.4389,23.7806,21.5259,20.1803,18.3885,17.3336,15.916,15.0345,13.7685,12.9676,11.8418,11.148,10.2136,9.41928,8.96313,8.37405,7.73233,7.33351,6.88282,6.50161,6.17243,5.81646,5.56641,5.28817,5.04089,4.81892,4.618,4.40019,4.20378,4.02545,3.86262,3.68945,3.55351,3.40758,3.25534,3.11654,2.98939,2.87244,2.75155,2.64059,2.53836,2.43378,2.32837,2.24024,2.15076,2.06101,1.9785,1.8963,1.82069,1.74575,1.67677,1.60868,1.54191,1.48048,1.42036,1.36495,1.30793,1.25549,1.20466,1.15778,1.11027,1.0646,1.02254,0.982057,0.941674
0.334,27.7448,33.1445,35.4231,34.7724,33.2191,30.4548,28.5981,25.9626,24.3453,22.1542,20.8518,19.1262,18.1174,16.7672,15.9206,14.6804,13.8776,12.7209,11.9902,10.9867,10.121,9.62091,8.97424,8.2713,7.83628,7.34682,6.93461,6.57986,6.19734,5.92922,5.63137,5.36702,5.12996,4.91556,4.6833,4.47395,4.28396,4.11051,3.92611,3.78138,3.62603,3.46398,3.31625,3.18094,3.05648,2.92785,2.80977,2.70099,2.58971,2.47755,2.38378,2.28856,2.19307,2.10527,2.01781,1.93736,1.85763,1.78422,1.71177,1.64073,1.57536,1.5114,1.45244,1.39177,1.33597,1.28188,1.23201,1.18145,1.13285,1.0881,1.04503,1.00206
0.384,28.3141,33.7626,35.893,35.1825,33.6168,30.8725,29.0434,26.462,24.8857,22.7599,21.5024,19.8472,18.8883,17.6134,16.8082,15.6041,14.8067,13.6296,12.8672,11.7985,10.8609,10.3152,9.60753,8.83892,8.3649,7.83374,7.38827,7.00623,6.59545,6.30818,5.9896,5.70727,5.45436,5.22581,4.97838,4.7555,4.55331,4.36878,4.17264,4.01874,3.85356,3.68129,3.52425,3.38043,3.24817,3.11145,2.98597,2.87037,2.75211,2.63292,2.53327,2.43209,2.33061,2.23731,2.14436,2.05887,1.97414,1.89614,1.81915,1.74365,1.67419,1.60622,1.54356,1.47909,1.4198,1.36232,1.30932,1.25559,1.20395,1.15639,1.11062,1.06495
0.441,28.8729,34.3587,36.341,35.5736,33.996,31.2707,29.4683,26.9397,25.4044,23.3452,22.1346,20.5541,19.6492,18.4574,17.6991,16.5401,15.754,14.5648,13.7758,12.6469,11.6389,11.0467,10.2756,9.4373,8.92161,8.34578,7.8648,7.4536,7.01275,6.70516,6.36463,6.06331,5.7937,5.55028,5.28694,5.04986,4.83488,4.63873,4.43031,4.26681,4.09135,3.90839,3.74163,3.58892,3.44848,3.30333,3.17011,3.04737,2.92183,2.79529,2.68949,2.58207,2.47434,2.3753,2.27662,2.18586,2.09591,2.01311,1.93137,1.85123,1.77748,1.70532,1.63881,1.57036,1.50741,1.44639,1.39013,1.33309,1.27826,1.22778,1.17918,1.13071
0.508,29.438,34.9497,36.7808,35.9576,34.3683,31.6616,29.8856,27.4101,25.9166,23.9269,22.7664,21.2673,20.422,19.3236,18.6194,17.5142,16.7445,15.55,14.7379,13.5526,12.475,11.8355,10.9978,10.0849,9.524,8.89946,8.37963,7.9366,7.46289,7.13311,6.7687,6.44677,6.15907,5.89955,5.619,5.3666,5.13784,4.9292,4.70756,4.53371,4.34719,4.15272,3.9755,3.81322,3.66399,3.50976,3.36822,3.23781,3.10443,2.96998,2.85758,2.74346,2.629,2.52377,2.41894,2.32251,2.22695,2.13897,2.05214,1.96699,1.88864,1.81197,1.7413,1.66858,1.60171,1.53688,1.4771,1.4165,1.35825,1.30461,1.25298,1.20148
0.584,29.9894,35.514,37.1971,36.3213,34.7209,32.0319,30.281,27.8567,26.4044,24.4844,23.3752,21.961,21.1793,20.1813,19.5355,18.4902,17.7404,16.5453,15.7138,14.4779,13.3354,12.6503,11.7471,10.7586,10.151,9.47575,8.91524,8.43879,7.93061,7.57759,7.18817,6.84468,6.5381,6.26182,5.9634,5.69508,5.452,5.23038,4.99502,4.81045,4.61246,4.40606,4.21799,4.04579,3.88745,3.72382,3.57364,3.43529,3.29378,3.15115,3.0319,2.91083,2.7894,2.67776,2.56654,2.46424,2.36285,2.26952,2.17739,2.08705,2.00394,1.9226,1.84762,1.77047,1.69952,1.63074,1.56732,1.50303,1.44123,1.38432,1.32955,1.27491
0.671,30.5322,36.057,37.5949,36.669,35.0579,32.3857,30.6589,28.2845,26.8728,25.0231,23.9666,22.6415,21.9273,21.0373,20.4543,19.4742,18.747,17.5545,16.7057,15.4235,14.2206,13.4923,12.5255,11.4614,10.8062,10.0785,9.47555,8.96404,8.41954,8.04201,7.62626,7.26012,6.93373,6.63989,6.32275,6.03779,5.77976,5.54459,5.29491,5.09915,4.8892,4.67035,4.47097,4.28843,4.1206,3.94716,3.78799,3.64135,3.49136,3.34019,3.2138,3.08548,2.95678,2.83845,2.72058,2.61215,2.5047,2.40577,2.30813,2.21238,2.12428,2.03807,1.95861,1.87684,1.80163,1.72873,1.66151,1.59337,1.52787,1.46755,1.4095,1.35158
0.772,31.0739,36.586,37.98,37.0057,35.3843,32.7284,31.0252,28.7,27.3289,25.5506,24.5488,23.3178,22.6762,21.9026,21.3873,20.4778,19.7752,18.5874,17.7228,16.3974,15.1378,14.3685,13.3402,12.2013,11.4977,10.7157,10.0683,9.51971,8.93664,8.53299,8.08919,7.69896,7.35154,7.03908,6.70213,6.39957,6.12574,5.87626,5.61147,5.4039,5.18132,4.94935,4.73803,4.54458,4.36673,4.18295,4.01429,3.85891,3.69998,3.5398,3.40588,3.2699,3.13353,3.00816,2.88325,2.76836,2.6545,2.54968,2.44621,2.34475,2.2514,2.16005,2.07585,1.9892,1.90951,1.83226,1.76103,1.68882,1.61942,1.5555,1.49398,1.43261
0.888,31.6086,37.0952,38.3488,37.3281,35.6968,33.0565,31.3761,29.0988,27.7679,26.0614,25.1155,23.9825,23.4173,22.7667,22.3228,21.4872,20.8108,19.629,18.7497,17.3843,16.0723,15.265,14.179,12.9679,12.2165,11.3798,10.6868,10.0998,9.47632,9.04528,8.57199,8.15646,7.78698,7.45501,7.09735,6.77643,6.48612,6.22173,5.94119,5.72133,5.4856,5.23996,5.01622,4.81142,4.62314,4.42859,4.25005,4.08558,3.91735,3.74778,3.60602,3.46209,3.31773,3.18501,3.05279,2.93117,2.81064,2.69967,2.59015,2.48274,2.38392,2.28722,2.19808,2.10635,2.02199,1.94021,1.8648,1.78836,1.71488,1.64722,1.58209,1.51712
0.999,32.0562,37.5116,38.6491,37.5908,35.9515,33.3239,31.6623,29.4247,28.1273,26.482,25.5844,24.5371,24.0398,23.4978,23.1157,22.3446,21.6918,20.5165,19.6259,18.2289,16.8757,16.0385,14.9069,13.6376,12.8467,11.9639,11.2316,10.611,9.95198,9.49662,8.99716,8.55916,8.17014,7.82095,7.445,7.10788,6.80306,6.52555,6.23116,6.00048,5.75319,5.49554,5.26087,5.04609,4.84866,4.64465,4.45743,4.28497,4.10856,3.93075,3.7821,3.63117,3.47979,3.34062,3.20197,3.07444,2.94804,2.83167,2.71682,2.60419,2.50056,2.39915,2.30567,2.20947,2.12101,2.03525,1.95617,1.87601,1.79895,1.72799,1.65969,1.59156
