,0.5,0.55,0.6,0.65,0.7,0.75,0.8,0.85,0.9,0.95,1,1.05,1.1,1.15,1.2,1.25,1.333,1.4,1.47,1.544,1.622,1.704,1.79,1.88,1.974,2.073,2.177,2.286,2.401,2.522,2.649,2.782,2.922,3.069,3.223,3.385,3.555,3.733,3.92,4.116,4.322,4.539,4.766,5.005,5.256,5.519,5.795,6.085,6.39,6.71,7.046,7.399,7.769,8.158,8.566,8.995,9.445,9.918,10.414,10.935
2.31e-07,6.43725,7.01916,6.8364,6.10435,5.51811,3.94471,2.16683,0.946365,0.310035,0.175928,0.119657,0.0874961,0.0667134,0.0524061,0.0421434,0.0345582,0.0257475,0.0208501,0.0170797,0.0141075,0.0117498,0.00986658,0.0083514,0.0071235,0.00612114,0.00528971,0.00459693,0.00401716,0.00352577,0.00310831,0.00275258,0.00244834,0.00218544,0.00195779,0.00176025,0.00158737,0.00143582,0.00130273,0.001185,0.00108073,0.000987809,0.000904556,0.000830318,0.000763488,0.000703331,0.000649157,0.000600168,0.000555708,0.000515229,0.000478372,0.000444698,0.000413827,0.000385511,0.000359382,0.000335286,0.000312976,0.000292366,0.00027332,0.000255817,0.000239792
7.94e-07,6.89732,7.29752,7.13862,6.60551,6.31367,5.80299,4.76759,3.22314,1.3586,0.710522,0.462185,0.328225,0.245424,0.190153,0.151365,0.123224,0.0910251,0.0733677,0.0598761,0.0493057,0.0409641,0.0343319,0.0290124,0.024714,0.0212129,0.0183151,0.0159041,0.0138888,0.0121826,0.0107349,0.0095028,0.00844963,0.00753978,0.0067521,0.00606914,0.00547188,0.00494858,0.00448921,0.00408301,0.00372332,0.00340277,0.00311536,0.00285931,0.0026289,0.00242157,0.0022349,0.00206612,0.00191297,0.00177354,0.0016466,0.00153064,0.00142432,0.0013268,0.00123677,0.00115378,0.00107695,0.00100599,0.000940425,0.000880177,0.00082502
2.06e-06,7.13134,7.45817,7.31045,6.8971,6.75495,6.6276,6.1592,5.26737,3.60224,2.00873,1.38774,0.997101,0.734787,0.557511,0.435273,0.349016,0.252734,0.201447,0.162974,0.133261,0.110095,0.0918644,0.0773575,0.0657133,0.0562668,0.0485095,0.0420381,0.0366499,0.0321022,0.0282556,0.0249909,0.0222043,0.0197985,0.0177163,0.0159143,0.0143413,0.0129644,0.0117569,0.0106901,0.00974592,0.00890449,0.00814851,0.00747655,0.00687257,0.00632944,0.00584064,0.00539886,0.00499803,0.00463327,0.00430126,0.003998,0.00371996,0.00346491,0.00322922,0.00301209,0.00281121,0.00262574,0.00245441,0.00229702,0.00215296
4.17e-06,7.2689,7.55576,7.41427,7.07971,7.04872,7.16648,6.96459,6.50831,5.43295,3.33343,2.28654,1.82336,1.48986,1.20849,0.971827,0.785011,0.562412,0.44311,0.354362,0.286757,0.234835,0.194564,0.162829,0.1376,0.11731,0.100881,0.0871897,0.0758301,0.0662675,0.0582205,0.051421,0.0456322,0.0406275,0.0362999,0.03257,0.0293251,0.0264904,0.0240094,0.0218203,0.0198847,0.0181596,0.0166048,0.0152279,0.0139925,0.0128829,0.011885,0.0109837,0.0101662,0.00942267,0.00874612,0.00812831,0.00756184,0.00704222,0.00656118,0.00611856,0.00570945,0.00533192,0.00498335,0.00466327,0.00437046
7.15e-06,7.36033,7.6216,7.4842,7.20653,7.27223,7.56198,7.50011,7.33415,6.71078,5.13048,3.0431,2.37154,2.02322,1.75879,1.5269,1.31902,1.0133,0.818161,0.658197,0.531084,0.432166,0.355589,0.295572,0.248232,0.210463,0.18021,0.155149,0.134444,0.117119,0.102629,0.0904678,0.080136,0.0712347,0.0635394,0.0569311,0.051206,0.0462131,0.0418516,0.0380111,0.0346201,0.0315903,0.0288484,0.0264349,0.0242758,0.0223403,0.020602,0.0190333,0.0176113,0.0163193,0.0151441,0.0140715,0.0130879,0.0121856,0.0113482,0.010579,0.00986902,0.00921436,0.00861034,0.00805606,0.00754933
1.11e-05,7.42773,7.67084,7.53649,7.30356,7.46124,7.86238,7.86706,7.89283,7.56832,6.60679,4.29784,2.85769,2.40199,2.12275,1.90295,1.71371,1.42748,1.22671,1.03583,0.862628,0.7134,0.590382,0.490674,0.410736,0.346646,0.295601,0.253465,0.218726,0.189786,0.165776,0.145776,0.128846,0.114276,0.101676,0.0909209,0.0816487,0.0735923,0.0665829,0.0604198,0.0549889,0.0501407,0.0457235,0.0418613,0.0384178,0.035338,0.0325735,0.0300815,0.0278244,0.0257758,0.0239119,0.0222118,0.0206511,0.0192198,0.0178869,0.016666,0.0155412,0.0145053,0.0135507,0.0126755,0.0118761
1.62e-05,7.48016,7.70967,7.5777,7.38175,7.62864,8.07766,8.12789,8.28243,8.15584,7.50773,6.23951,3.49391,2.74683,2.40587,2.17201,1.98519,1.7179,1.53605,1.35726,1.1852,1.02259,0.873676,0.741765,0.627817,0.532125,0.454283,0.389279,0.33503,0.28971,0.25229,0.221358,0.195205,0.172705,0.153193,0.13666,0.122507,0.11025,0.0996254,0.0903178,0.0821195,0.0748051,0.0680727,0.0622469,0.0570768,0.0524622,0.0483306,0.0446117,0.0412459,0.0381936,0.0354212,0.0328922,0.0305732,0.0284442,0.026453,0.0246337,0.0229612,0.0214233,0.0200077,0.0187103,0.0175279
3.03e-05,7.55894,7.76892,7.64083,7.50448,7.92302,8.35562,8.4847,8.81623,9.00004,8.6308,7.99169,6.84143,3.73826,2.96035,2.61353,2.38441,2.10296,1.93134,1.76945,1.61873,1.47585,1.33855,1.20969,1.08399,0.96448,0.855883,0.757699,0.665517,0.582165,0.510431,0.450106,0.397678,0.351717,0.310565,0.276004,0.246753,0.221501,0.199755,0.18079,0.164115,0.149132,0.134946,0.123007,0.112539,0.103274,0.0950123,0.0875976,0.080895,0.0748424,0.0693509,0.0643528,0.0597562,0.055536,0.0515277,0.0479042,0.0445925,0.041561,0.03878,0.0362411,0.033933
4.91e-05,7.61353,7.81084,7.68559,7.59353,8.16669,8.52553,8.71334,9.19648,9.96632,9.64493,8.89676,8.16247,6.86931,3.777,3.07064,2.72995,2.38039,2.18979,2.02104,1.87166,1.73484,1.60562,1.48781,1.37209,1.26084,1.15726,1.06419,0.969859,0.877956,0.793485,0.718935,0.64979,0.586289,0.523724,0.469452,0.422589,0.381256,0.345239,0.313483,0.285225,0.259213,0.233355,0.212273,0.193976,0.17789,0.163563,0.150721,0.139105,0.128646,0.119157,0.11052,0.102536,0.0951801,0.0880416,0.0816727,0.0759065,0.0706536,0.0658608,0.0614995,0.0575529
7.31e-05,7.65484,7.84305,7.72006,7.66398,8.39773,8.64719,8.87963,9.62353,10.6259,10.3912,9.75523,8.90564,8.06329,6.42573,3.74561,3.12784,2.64249,2.41052,2.21984,2.05939,1.91755,1.78667,1.67056,1.55767,1.45019,1.35024,1.26309,1.17334,1.08468,1.0018,0.927839,0.857633,0.793119,0.724706,0.662986,0.607783,0.557354,0.512123,0.471142,0.433573,0.397355,0.358883,0.327832,0.300753,0.276827,0.255323,0.235895,0.218176,0.202169,0.187567,0.174217,0.161702,0.150079,0.138425,0.12818,0.118991,0.110658,0.103088,0.0962265,0.090046
0.000103,7.68803,7.86918,7.7483,7.72247,8.73247,8.74222,9.01048,10.5297,10.984,10.7724,10.3714,9.53726,8.72498,7.75597,5.54304,3.70214,2.93654,2.63403,2.40628,2.22477,2.07035,1.93168,1.81157,1.69657,1.58844,1.48831,1.40284,1.31475,1.22782,1.14627,1.0734,1.00405,0.941558,0.873623,0.811454,0.754915,0.702476,0.654736,0.610808,0.569791,0.528888,0.483776,0.446851,0.414048,0.384619,0.357686,0.332942,0.310023,0.28908,0.269723,0.251816,0.234641,0.21841,0.201512,0.186752,0.173543,0.161565,0.150685,0.140822,0.131959
0.000139,7.71577,7.89139,7.77225,7.77307,8.96729,8.82046,9.11875,10.9523,11.236,11.0326,10.7257,10.1251,9.2301,8.41888,7.29799,4.86927,3.31164,2.8879,2.60223,2.38831,2.21397,2.06232,1.93398,1.81343,1.70165,1.59878,1.51219,1.42342,1.33625,1.25442,1.18123,1.11164,1.04992,0.982483,0.920442,0.863544,0.810502,0.761915,0.716934,0.674656,0.631996,0.584999,0.545911,0.510667,0.478675,0.44901,0.421404,0.395538,0.371645,0.349311,0.328426,0.307982,0.288336,0.267392,0.248976,0.232369,0.2172,0.203337,0.190698,0.179311
0.000183,7.7398,7.91074,7.79329,7.81802,9.06673,8.88769,9.21223,11.2155,11.4335,11.2341,10.9788,10.5318,9.68995,8.89367,8.04209,6.75269,3.86425,3.20675,2.82816,2.56554,2.3621,2.19161,2.05084,1.92159,1.80364,1.69604,1.60628,1.51515,1.42628,1.34293,1.26831,1.1975,1.13536,1.06764,1.00518,0.94757,0.89373,0.84422,0.798213,0.754844,0.710983,0.663393,0.623259,0.58671,0.553285,0.522056,0.492779,0.465199,0.439537,0.415402,0.392691,0.370245,0.348489,0.32527,0.304631,0.285817,0.268492,0.25253,0.237871,0.224586
0.000232,7.75996,7.92691,7.81113,7.85673,9.11876,8.94374,9.29111,11.4039,11.5891,11.3912,11.169,10.8002,10.0919,9.26743,8.51582,7.60296,4.77877,3.61777,3.09057,2.75846,2.51575,2.32056,2.16343,2.02279,1.89662,1.78264,1.6884,1.59369,1.50209,1.41637,1.33959,1.26694,1.20357,1.13496,1.07159,1.01291,0.957999,0.907363,0.860186,0.815642,0.77065,0.722607,0.681625,0.644048,0.609502,0.577081,0.546555,0.517719,0.490756,0.465311,0.441284,0.417465,0.394313,0.36984,0.347881,0.32769,0.308986,0.291647,0.275629,0.261031
0.00029,7.77796,7.94185,7.82713,7.89221,9.14934,8.99361,9.36182,11.5564,11.7217,11.5245,11.3273,11.0068,10.4125,9.60521,8.88659,8.13237,6.15265,4.22636,3.42744,2.98831,2.68993,2.46126,2.28245,2.12684,1.98991,1.86766,1.76736,1.66793,1.57259,1.48371,1.40412,1.32904,1.26382,1.1938,1.12911,1.06904,1.01278,0.960809,0.912291,0.86644,0.820251,0.77164,0.729763,0.691169,0.655542,0.622007,0.590338,0.560373,0.53225,0.505651,0.480475,0.455511,0.431232,0.405865,0.382927,0.361695,0.34194,0.32354,0.306464,0.290825
0.000357,7.79431,7.95531,7.84208,7.92502,9.16921,9.03879,9.42712,11.6848,11.8379,11.6409,11.4641,11.1766,10.6573,9.92157,9.20505,8.53123,7.06385,5.19671,3.89135,3.27611,2.8962,2.62137,2.41361,2.2385,2.08768,1.95493,1.84688,1.74136,1.64122,1.54831,1.46522,1.3872,1.31963,1.24773,1.18134,1.11957,1.06172,1.00821,0.958187,0.910902,0.863427,0.814092,0.771231,0.731579,0.694857,0.660221,0.627446,0.596399,0.56718,0.539502,0.513259,0.487264,0.461992,0.435875,0.41211,0.389997,0.369354,0.350056,0.332086,0.315559
0.000436,7.80949,7.96786,7.85601,7.9563,9.18955,9.08059,9.48912,11.7983,11.9426,11.7457,11.5863,11.3233,10.854,10.2076,9.50131,8.86714,7.63927,6.29008,4.58301,3.65986,3.1535,2.81247,2.56503,2.36397,2.19502,2.04881,1.93088,1.81765,1.71142,1.61349,1.5261,1.44444,1.3739,1.29964,1.23115,1.16737,1.10767,1.05239,1.00068,0.951801,0.902917,0.852684,0.808723,0.767936,0.730068,0.694304,0.660413,0.628287,0.597988,0.569256,0.54198,0.515006,0.488804,0.46199,0.437462,0.414543,0.393092,0.372983,0.354204,0.336875
0.000553,7.82697,7.98245,7.87216,7.99316,9.2217,9.1285,9.5629,11.923,12.0601,11.8631,11.7227,11.4825,11.0551,10.5018,9.85836,9.24418,8.15878,7.16607,5.76723,4.36057,3.58455,3.11444,2.79454,2.54818,2.34845,2.17997,2.04592,1.92023,1.80417,1.69829,1.60424,1.517,1.44185,1.36384,1.29209,1.22527,1.16282,1.105,1.0509,0.999821,0.948997,0.8974,0.851907,0.809587,0.770189,0.732951,0.697627,0.664131,0.632478,0.602437,0.573892,0.545729,0.518413,0.490749,0.465307,0.441435,0.419039,0.397987,0.378275,0.360023
0.000792,7.85219,8.00364,7.89605,8.04806,9.26714,9.19423,9.67718,12.0934,12.2248,12.0271,11.9129,11.6978,11.3126,10.8552,10.3778,9.87053,8.80327,8.006,7.09242,5.95217,4.70887,3.84767,3.31456,2.9444,2.66502,2.44131,2.26865,2.11374,1.97494,1.85109,1.74234,1.64299,1.55779,1.47158,1.39284,1.31971,1.25166,1.1888,1.13003,1.07471,1.02018,0.965702,0.917278,0.87212,0.829995,0.790175,0.75238,0.716544,0.682622,0.650415,0.619792,0.589714,0.560619,0.531547,0.504638,0.479274,0.455413,0.432918,0.411794,0.392151
0.00112,7.87526,8.02325,7.91178,8.10033,9.34577,9.25441,9.8007,12.2377,12.3709,12.1728,12.0817,11.8838,11.5253,11.128,10.7975,12.1691,9.47767,8.62036,7.84927,7.04575,6.12315,5.08319,4.19483,3.58018,3.14738,2.82137,2.58129,2.37661,2.20006,2.04729,1.91557,1.79774,1.69746,1.59887,1.50976,1.42754,1.35162,1.28182,1.21677,1.15582,1.09641,1.03789,0.985568,0.936802,0.891291,0.848331,0.807578,0.768979,0.732427,0.697748,0.664787,0.632573,0.601515,0.570811,0.542265,0.515279,0.489854,0.465838,0.443243,0.422176
0.00158,7.89699,8.04202,7.93142,8.15194,9.37274,9.31196,9.97647,12.3582,12.5066,12.3078,12.2383,12.0525,11.7128,11.3591,11.1706,12.8961,12.2158,9.24086,8.42106,7.73469,7.04027,6.28744,5.45596,4.63732,3.95799,3.43997,3.07356,2.77703,2.53224,2.329,2.15847,2.01009,1.88553,1.76701,1.66148,1.5652,1.47738,1.39733,1.32314,1.25415,1.18777,1.12327,1.06551,1.0118,0.961736,0.914623,0.870002,0.827826,0.787936,0.750159,0.714306,0.679462,0.645995,0.613219,0.582653,0.553712,0.526425,0.500628,0.47633,0.453628
0.00223,7.91839,8.06043,7.94364,8.20418,9.41205,9.36816,10.7805,12.4587,12.6357,12.4365,12.3884,12.2107,11.8852,11.5674,11.7148,13.2935,12.731,11.5886,8.96309,8.27197,7.66732,7.06694,6.4408,5.78966,5.1121,4.44135,3.89955,3.44596,3.07615,2.77923,2.53783,2.33443,2.16749,2.01435,1.88077,1.76077,1.65343,1.5569,1.46822,1.38669,1.30954,1.23556,1.16957,1.1085,1.0518,0.998715,0.948567,0.901317,0.856766,0.814723,0.77494,0.736541,0.699831,0.664167,0.630873,0.599348,0.56963,0.541538,0.515065,0.490302
0.0032,7.93927,8.07863,7.96508,8.25782,9.45515,9.42481,11.2419,12.5852,12.761,12.561,12.5342,12.3616,12.0473,11.7625,13.3298,13.6038,13.0954,12.2736,9.8133,8.76851,8.17465,7.6359,7.10482,6.579,6.04924,5.49308,4.97356,4.44977,3.95603,3.52887,3.17359,2.87335,2.6308,2.41508,2.23071,2.06736,1.92535,1.8004,1.68693,1.5841,1.48882,1.3987,1.31918,1.2462,1.17896,1.11653,1.05777,1.00264,0.950971,0.902503,0.856884,0.813238,0.771753,0.731725,0.694413,0.65915,0.625957,0.594626,0.565105,0.537486
0.00459,7.9593,8.09626,7.99168,8.3117,9.49693,9.47772,11.4783,12.6873,12.8795,12.6792,12.6732,12.5028,12.1974,11.946,13.6397,13.8605,13.3855,12.6812,11.6857,9.35174,8.63748,8.10334,7.60743,7.13407,6.67584,6.20727,5.78097,5.34175,4.8962,4.46596,4.0648,3.6842,3.35577,3.05725,2.79851,2.56326,2.36272,2.18972,2.03422,1.89505,1.7686,1.65042,1.54782,1.45479,1.3702,1.29257,1.21974,1.15172,1.08855,1.02985,0.9751,0.923304,0.87434,0.827371,0.783801,0.742817,0.704368,0.668194,0.634143,0.602321
0.00651,7.97783,8.11271,8.01758,8.36394,9.53618,9.53161,11.6084,12.7913,12.9885,12.7875,12.8014,12.6308,12.3327,12.1181,13.8767,14.0742,13.6227,12.9837,12.1763,11.3159,9.13999,8.52846,8.02601,7.56703,7.13596,6.70336,6.31982,5.92991,5.53892,5.16411,4.8111,4.45856,4.13343,3.81898,3.53032,3.24254,2.98492,2.75856,2.55289,2.36657,2.19611,2.03588,1.89725,1.77273,1.66101,1.55958,1.46473,1.37619,1.29464,1.21961,1.15044,1.0859,1.02538,0.967328,0.913935,0.864076,0.817541,0.773996,0.73308,0.694909
0.00894,7.99401,8.12712,8.05333,8.40974,9.57094,9.58657,11.6976,12.8775,13.0832,12.8813,12.913,12.7408,12.4485,12.2773,14.0609,14.2469,13.8126,13.2147,12.4952,11.9788,11.148,8.96471,8.39984,7.92627,7.49704,7.07455,6.70626,6.33469,5.96583,5.61622,5.29064,4.96608,4.66614,4.37542,4.10573,3.82876,3.5686,3.33152,3.11004,2.90361,2.70688,2.51542,2.34217,2.18583,2.04498,1.91675,1.79672,1.68348,1.57863,1.48197,1.39336,1.31177,1.23542,1.16178,1.09453,1.03216,0.974237,0.920302,0.869734,0.822683
0.0119,8.00788,8.13957,8.05923,8.45122,9.60121,9.62966,11.7602,12.9454,13.1639,12.9619,13.0087,12.8341,12.5466,12.4336,14.207,14.3866,13.9657,13.3961,12.7302,12.3591,12.2241,9.57758,8.77853,8.25342,7.80537,7.37709,7.0098,6.64193,6.27979,5.93871,5.62325,5.30972,5.02038,4.74147,4.48282,4.21818,3.96764,3.73759,3.52148,3.31898,3.12324,2.92952,2.74583,2.57804,2.42418,2.28176,2.14735,2.01881,1.89743,1.78323,1.67675,1.57925,1.48747,1.39794,1.31599,1.23995,1.16932,1.10355,1.04199,0.984728
0.0156,8.02092,8.15136,8.07159,8.49204,9.63281,9.66415,11.836,13.0144,13.24,13.0371,13.0987,12.9211,12.6381,12.6416,14.3367,14.5123,14.1031,13.5562,12.9311,12.666,12.7335,12.6349,9.30234,8.62424,8.1242,7.67234,7.29429,6.92032,6.55612,6.2151,5.90155,5.59077,5.30406,5.02877,4.77328,4.51314,4.26655,4.03956,3.82615,3.62613,3.43276,3.24128,3.05724,2.88805,2.73158,2.58536,2.44677,2.31374,2.18691,2.06596,1.95045,1.84409,1.74308,1.6437,1.55169,1.46563,1.38514,1.30968,1.23889,1.17286
0.02,8.03229,8.16163,8.08324,8.52918,9.65818,9.70109,11.8871,13.0718,13.3064,13.1029,13.1774,12.9965,12.7178,13.4495,14.4446,14.618,14.2188,13.6894,13.0954,12.9135,13.1164,13.107,12.6271,9.08011,8.46544,7.96455,7.562,7.17226,6.79846,6.45111,6.1339,5.82058,5.53172,5.25521,4.99841,4.73797,4.49102,4.2633,4.04901,3.84798,3.65372,3.46149,3.27656,3.10571,2.94703,2.79807,2.65672,2.52101,2.3915,2.26773,2.14855,2.03799,1.93259,1.82878,1.73207,1.64106,1.55553,1.47494,1.39906,1.32807
0.0252,8.0425,8.17081,8.09118,8.56872,9.6802,9.72818,11.9531,13.1237,13.3662,13.1623,13.2483,13.0643,12.7893,13.6932,14.5382,14.7104,14.3201,13.805,13.2368,13.1274,13.4516,13.4499,13.0519,9.82309,8.8837,8.29021,7.84279,7.4247,7.03277,6.6728,6.34715,6.02719,5.73277,5.45192,5.19114,4.92768,4.67796,4.44739,4.23032,4.02643,3.82948,3.63467,3.44762,3.27405,3.11237,2.96011,2.81555,2.67674,2.54425,2.41762,2.2955,2.18148,2.07256,1.96541,1.86526,1.77072,1.68164,1.59746,1.51803,1.44354
0.0311,8.05159,8.17907,8.08891,8.60102,9.72193,9.75575,11.9949,13.1696,13.4196,13.2154,13.3118,13.1244,12.8533,13.8442,14.6196,14.7908,14.4082,13.9053,13.3593,13.315,13.7615,13.7222,13.3451,12.9052,9.44253,8.67467,8.15509,7.69244,7.27179,6.89179,6.55259,6.22186,5.9187,5.63084,5.36397,5.0955,4.84131,4.6065,4.38542,4.17761,3.97696,3.77857,3.58861,3.41172,3.2466,3.09074,2.94275,2.80061,2.66496,2.53533,2.41036,2.29308,2.18091,2.07067,1.96745,1.86983,1.77769,1.69045,1.60805,1.53063
0.0378,8.05965,8.18636,8.10202,8.63062,9.7412,9.78399,12.0456,13.21,13.4674,13.2628,13.3684,13.1781,12.9105,13.9562,14.6904,14.861,14.4853,13.9926,13.4663,13.4821,14.0419,13.9474,13.5715,13.1915,12.9528,12.4355,8.51133,7.98785,7.52708,7.1185,6.75985,6.41378,6.09838,5.80082,5.52582,5.25054,4.99039,4.75019,4.52412,4.31161,4.10656,3.90393,3.71049,3.5299,3.36108,3.20149,3.04998,2.90446,2.7656,2.63294,2.50515,2.38476,2.26952,2.15637,2.0503,1.94986,1.85495,1.76499,1.67994,1.59995
0.0452,8.06687,8.193,8.10523,8.65811,9.7596,9.80662,12.0911,13.2468,13.5107,13.3057,13.4196,13.2263,12.9624,14.0468,14.7534,14.9233,14.5539,14.0701,13.562,13.6362,14.2715,14.1403,13.7577,13.4115,13.2659,13.0727,8.9239,8.32037,7.81033,7.36496,6.98051,6.61385,6.28208,5.97167,5.68617,5.40203,5.13427,4.88741,4.65528,4.43722,4.22704,4.01953,3.82207,3.63736,3.46454,3.30103,3.14588,2.99687,2.85475,2.71901,2.58838,2.46492,2.34668,2.23068,2.12187,2.01875,1.92123,1.82874,1.74124,1.65889
0.0536,8.07347,8.19888,8.10855,8.67842,9.7755,9.82763,12.1346,13.2805,13.5505,13.3454,13.4668,13.2708,13.0105,14.1242,14.8106,14.9799,14.6164,14.1404,13.6495,13.7853,14.4487,14.3097,13.9174,13.5936,13.5123,13.4038,13.0277,8.69842,8.12688,7.63914,7.22395,6.83182,6.47915,6.15234,5.85349,5.55804,5.28065,5.02556,4.786,4.56131,4.34509,4.13192,3.92976,3.74037,3.56313,3.39539,3.23633,3.08364,2.93809,2.79913,2.66555,2.53897,2.41769,2.2988,2.18724,2.08145,1.98139,1.88642,1.79657,1.71196
0.0602,8.07787,8.20321,8.11777,8.70188,9.78551,9.84252,12.1667,13.3026,13.5774,13.3724,13.4987,13.3007,13.043,14.174,14.8489,15.0176,14.6582,14.1873,13.7085,13.8943,14.5516,14.4197,14.0198,13.7085,13.6668,13.5921,13.2811,12.7034,8.37736,7.85402,7.4149,7.00267,6.63276,6.29218,5.98193,5.67668,5.39093,5.12877,4.88286,4.65256,4.43131,4.21347,4.00741,3.81422,3.63344,3.46237,3.30028,3.14474,2.99656,2.85516,2.71933,2.59041,2.46686,2.34581,2.23222,2.12449,2.02256,1.92582,1.83427,1.74805
0.0664,8.08148,8.20644,8.13366,8.71112,9.79423,9.8536,12.1943,13.3209,13.5999,13.3946,13.5253,13.3258,13.0703,14.2141,14.88,15.0486,14.692,14.2259,13.7575,13.9935,14.6288,14.5082,14.1021,13.7998,13.7904,13.7353,13.4522,13.0906,8.61772,8.05322,7.59106,7.16068,6.77502,6.42165,6.10055,5.78575,5.49179,5.22267,4.97047,4.73464,4.50849,4.28612,4.07627,3.87942,3.69526,3.52105,3.35612,3.19793,3.04733,2.90368,2.76579,2.63472,2.50912,2.38611,2.2707,2.16122,2.05764,1.95931,1.86628,1.77864
0.0734,8.08512,8.20971,8.13832,8.72653,9.80419,9.86687,12.217,13.3414,13.6224,13.4172,13.5526,13.3513,13.098,14.2541,14.9115,15.0799,14.7268,14.2648,13.8076,14.1074,14.701,14.5955,14.1834,13.8896,13.9134,13.872,13.6062,13.3169,8.91629,8.28189,7.78893,7.33758,6.9347,6.56743,6.23426,5.9086,5.60511,5.32781,5.06818,4.82578,4.59386,4.36618,4.15184,3.95068,3.76257,3.58474,3.41652,3.25531,3.10195,2.95576,2.81554,2.68208,2.55417,2.42897,2.31151,2.20011,2.09471,1.99465,1.9,1.81083
0.0812,8.08864,8.21298,8.14482,8.74768,9.81368,9.8789,12.2411,13.36,13.6446,13.4394,13.5786,13.3759,13.1254,14.2922,14.9421,15.1102,14.7605,14.3026,13.8568,14.2313,14.7663,14.6781,14.2606,13.9745,14.0312,13.9983,13.743,13.495,9.32507,8.54502,8.00535,7.52764,7.10576,6.72405,6.37838,6.04129,5.72759,5.44136,5.17348,4.92371,4.68534,4.45174,4.23234,4.02632,3.83374,3.65186,3.48,3.31544,3.15905,3.01007,2.86731,2.73123,2.60082,2.47324,2.35359,2.24011,2.13276,2.03088,1.9345,1.84372
0.09,8.09214,8.21628,8.15015,8.75754,9.82282,9.88995,12.2715,13.378,13.6671,13.4621,13.6055,13.4012,13.1536,14.3304,14.9731,15.1409,14.7949,14.341,13.9075,14.3521,14.8289,14.7597,14.3374,14.0588,14.1497,14.1214,13.8728,13.6539,13.4687,13.1405,8.26401,7.74535,7.2986,6.90003,6.54055,6.19102,5.86623,5.57008,5.29295,5.03474,4.78899,4.54858,4.32325,4.1115,3.91367,3.72703,3.55088,3.38241,3.2225,3.0703,2.92459,2.7855,2.65222,2.5219,2.39973,2.28388,2.17433,2.07037,1.97206,1.87947
0.1,8.09607,8.21937,8.16092,8.77387,9.83054,9.90098,12.2965,13.3998,13.6914,13.4855,13.6332,13.4268,13.1825,14.3688,15.0047,15.1721,14.8296,14.3806,13.9598,14.4497,14.8884,14.8403,14.4141,14.1428,14.2688,14.2418,13.9971,13.8005,13.6572,13.427,8.60116,8.00595,7.52055,7.09928,6.72302,6.35935,6.02248,5.71552,5.42835,5.16078,4.90683,4.65885,4.42673,4.20838,4.00438,3.81219,3.63102,3.45797,3.29394,3.138,2.98887,2.8463,2.70968,2.57618,2.45109,2.33252,2.22042,2.11409,2.01357,1.91894
0.114,8.11527,8.22297,8.17075,8.79288,9.84122,9.91699,12.3304,13.4269,13.718,13.5121,13.6648,13.4568,13.2158,14.4119,15.0406,15.2075,14.8691,14.4244,14.0202,14.534,14.9528,14.9294,14.4997,14.2366,14.4032,14.3743,14.1317,13.955,13.8462,13.6637,9.20888,8.3982,7.82724,7.36339,6.95958,6.57489,6.22173,5.9009,5.60142,5.32236,5.05842,4.80121,4.56054,4.33385,4.12189,3.92248,3.73471,3.55563,3.38619,3.22532,3.07169,2.92456,2.78355,2.64586,2.51691,2.39473,2.27928,2.16984,2.06643,1.96911
0.128,8.11968,8.22625,8.1719,8.81149,9.85198,9.93101,12.3689,13.4469,13.7431,13.5377,13.6955,13.4852,13.2482,14.4506,15.075,15.2414,14.9069,14.467,14.0788,14.5977,15.0109,15.012,14.5803,14.325,14.5305,14.4972,14.2547,14.0938,14.011,13.8548,13.6792,13.4646,8.22967,7.68261,7.23177,6.81506,6.43973,6.10179,5.78834,5.49685,5.2224,4.95569,4.70601,4.47071,4.25038,4.04329,3.84839,3.66277,3.48741,3.32115,3.16259,3.01052,2.86469,2.72239,2.58915,2.46295,2.34377,2.23087,2.12422,2.02392
0.146,8.12388,8.22953,8.17637,8.83031,9.86328,9.94674,12.4017,13.4703,13.7697,13.5636,13.7255,13.5137,13.2812,14.5037,15.1091,15.2749,14.9445,14.5094,14.1373,14.6512,15.0664,15.0913,14.6586,14.4113,14.6549,14.6154,14.3718,14.2243,14.1633,14.0246,13.8762,13.7188,13.508,8.13613,7.58663,7.11013,6.6974,6.33357,6.00087,5.6936,5.40637,5.12857,4.86851,4.62384,4.39445,4.17902,3.97634,3.7835,3.60161,3.42938,3.26534,3.10791,2.95681,2.80943,2.67137,2.54064,2.41723,2.3004,2.19006,2.08634
0.165,8.12804,8.23228,8.18075,8.84944,9.87337,9.95929,12.4279,13.4881,13.7952,13.5893,13.7556,13.5419,13.3146,14.5457,15.143,15.3082,14.9821,14.5531,14.1958,14.699,15.1189,15.1681,14.7353,14.4964,14.7767,14.7301,14.4845,14.349,14.3073,14.1808,14.05,13.9245,13.7687,13.6011,8.12186,7.51997,7.03235,6.62195,6.25735,5.92618,5.62049,5.32739,5.05356,4.79738,4.55743,4.33241,4.12092,3.91991,3.73061,3.55168,3.3815,3.21827,3.06146,2.90856,2.76519,2.62944,2.50131,2.38007,2.26557,2.15797
0.181,8.1302,8.23426,8.18392,8.86929,9.88043,9.96906,12.4436,13.5056,13.8124,13.6069,13.7766,13.5616,13.3378,14.5686,15.1662,15.3309,15.0074,14.5809,14.2361,14.7296,15.1538,15.2191,14.7869,14.5546,14.8584,14.8069,14.5595,14.4317,14.4022,14.2819,14.16,14.0505,13.9159,13.7821,8.63388,7.9251,7.34731,6.88012,6.47813,6.12068,5.79544,5.48677,5.19954,4.93274,4.68366,4.45059,4.23192,4.02426,3.82904,3.64483,3.46982,3.30223,3.14115,2.98413,2.83679,2.69728,2.5656,2.44104,2.32342,2.21288
0.193,8.13223,8.23578,8.19453,8.87923,9.88579,9.97315,12.4585,13.516,13.826,13.6198,13.7919,13.5761,13.3553,14.5881,15.1833,15.3476,15.0261,14.6024,14.2657,14.7514,15.1786,15.2561,14.8245,14.5973,14.9177,14.8625,14.6136,14.4912,14.4704,14.3539,14.2373,14.1378,14.0152,13.8973,9.02333,8.29381,7.64895,7.12371,6.68043,6.29434,5.9481,5.62308,5.32228,5.04508,4.78746,4.54708,4.32209,4.10862,3.90828,3.71955,3.54047,3.36928,3.20474,3.0444,2.89386,2.75133,2.61683,2.48963,2.36952,2.25665
0.225,8.13633,8.23831,8.19509,8.90149,9.8964,9.99301,12.5083,13.5418,13.8551,13.6487,13.8258,13.6079,13.3937,14.6284,15.2207,15.3843,15.0669,14.6481,14.3312,14.7979,15.2323,15.3361,14.9065,14.6911,15.0459,14.9832,14.7306,14.6199,14.6174,14.5069,14.3999,14.3192,14.2162,14.1218,14.0293,9.09505,8.44456,7.8535,7.31659,6.83917,6.41408,6.02639,5.67426,5.35855,5.07123,4.8065,4.56164,4.33006,4.11414,3.91205,3.72113,3.53981,3.36576,3.19629,3.03718,2.88668,2.74477,2.61076,2.48428,2.3655
0.244,8.13852,8.23878,8.19468,8.90674,9.90237,10.0007,12.5228,13.5597,13.8705,13.6643,13.844,13.6253,13.4154,14.6515,15.2409,15.4039,15.0897,14.6739,14.3666,14.8223,15.2609,15.378,14.95,14.7424,15.1134,15.0469,14.7922,14.6876,14.6948,14.5863,14.4834,14.4115,14.3167,14.2313,14.1504,9.48909,8.84487,8.266,7.73122,7.23339,6.76997,6.33811,5.94295,5.59155,5.27716,4.99066,4.729,4.48228,4.25348,4.04066,3.84047,3.65141,3.47025,3.29401,3.12873,2.97258,2.82553,2.68685,2.55611,2.43344
0.291,8.14233,8.24151,8.19018,8.93195,9.91338,10.0155,12.5548,13.6198,13.902,13.6962,13.8813,13.6612,13.4601,14.6979,15.2824,15.4443,15.1353,14.7253,14.4397,14.8713,15.3169,15.4629,15.0386,14.8521,15.2495,15.1762,14.9168,14.825,14.8519,14.7451,14.649,14.5936,14.5121,14.4408,14.3779,14.2857,14.1937,9.04865,8.51368,8.02163,7.5594,7.10891,6.67996,6.27374,5.89901,5.55225,5.24094,4.94573,4.67174,4.42072,4.18775,3.97158,3.76573,3.56603,3.38008,3.20546,3.04181,2.88855,2.745,2.61098
0.323,8.1442,8.2423,8.19714,8.95402,9.92032,10.0264,12.5886,13.5866,13.921,13.7152,13.9031,13.6816,13.487,14.7241,15.3063,15.4676,15.1613,14.7559,14.4824,14.8988,15.3486,15.5106,15.089,14.9184,15.3261,15.2495,14.9874,14.9032,14.9417,14.8342,14.7413,14.6948,14.6193,14.5543,14.4997,14.4163,14.3341,14.2583,8.96395,8.44903,7.97762,7.52412,7.09723,6.692,6.31239,5.95466,5.63062,5.319,5.02313,4.74806,4.49122,4.25293,4.02526,3.80347,3.59771,3.40498,3.22475,3.05707,2.90132,2.75673
0.368,8.14602,8.24146,8.18946,8.9647,9.92844,10.0386,12.6173,13.6226,13.9428,13.7381,13.9295,13.7064,13.5204,14.7603,15.3351,15.4953,15.1927,14.792,14.5337,14.9314,15.386,15.5673,15.1493,14.9975,15.417,15.337,15.0715,14.9968,15.0496,14.9396,14.8499,14.8139,14.7444,14.6859,14.64,14.5652,14.4927,14.4268,14.367,14.308,8.51242,8.02969,7.58445,7.16825,6.77954,6.41393,6.08243,5.76504,5.46304,5.1782,4.9094,4.65684,4.41292,4.17228,3.94691,3.73358,3.53177,3.34315,3.1686,3.00731
0.425,8.14763,8.24262,8.17486,8.98398,9.93645,10.0542,12.6745,13.5956,13.967,13.7619,13.9571,13.7331,13.5576,14.7979,15.3656,15.5246,15.2262,14.8307,14.5887,14.9643,15.4248,15.6268,15.2127,15.0792,15.5116,15.429,15.1599,15.0958,15.1649,15.0498,14.963,14.9379,14.8736,14.8208,14.7831,14.716,14.652,14.5945,14.5433,14.4937,14.446,14.3877,8.18443,7.72332,7.30132,6.90992,6.5573,6.222,5.90728,5.611,5.33127,5.06719,4.81244,4.56154,4.32581,4.10188,3.8891,3.68802,3.50069,3.32666
0.476,8.14814,8.24185,8.17445,9.0064,9.94249,10.0634,12.7001,13.6183,13.9838,13.7798,13.9782,13.7527,13.5868,14.8284,15.3885,15.5466,15.2509,14.8601,14.6305,14.99,15.4536,15.67,15.26,15.1397,15.5818,15.4974,15.2256,15.17,15.2524,15.1313,15.0465,15.0298,14.9684,14.9195,14.8875,14.8253,14.767,14.7148,14.6689,14.6252,14.5832,14.5308,14.4788,14.427,7.79706,7.35935,6.97323,6.60899,6.27182,5.95769,5.66243,5.38392,5.1157,4.8526,4.60557,4.37133,4.14946,3.93944,3.74305,3.5601
0.526,8.14827,8.23859,8.17164,9.01126,9.94662,10.0702,12.7001,13.6364,14.0007,13.795,13.9961,13.7698,13.6126,14.856,15.4082,15.5653,15.2728,14.8857,14.6667,15.0112,15.4779,15.7072,15.3006,15.1915,15.6418,15.5558,15.2822,15.2345,15.3291,15.2014,15.1181,15.1087,15.0494,15.0034,14.9762,14.9178,14.8639,14.8158,14.774,14.7349,14.6973,14.6494,14.6017,14.5543,14.5095,14.4638,7.45943,7.04343,6.66596,6.32176,6.00262,5.70401,5.41718,5.13688,4.87442,4.62637,4.39241,4.17144,3.96448,3.7713
0.575,8.14745,8.23694,8.17996,9.0297,9.9508,10.0802,12.7001,13.6265,14.014,13.8083,14.0121,13.7848,13.6365,14.8771,15.4254,15.5817,15.2921,14.9078,14.6988,15.0296,15.499,15.7398,15.3361,15.2367,15.6937,15.6077,15.3318,15.2915,15.3977,15.2625,15.1806,15.1779,15.1198,15.0764,15.0532,14.9979,14.9477,14.9029,14.8644,14.8289,14.7949,14.7504,14.7061,14.6621,14.6207,14.5782,14.5438,14.5081,7.17465,6.77038,6.40705,6.07457,5.75866,5.45141,5.16597,4.89821,4.64719,4.41158,4.19119,3.98555
0.625,8.14671,8.23737,8.17074,9.03384,9.95385,10.0833,12.7001,13.6071,14.0262,13.8204,14.0258,13.7984,13.6585,14.8995,15.4407,15.5962,15.3081,14.9279,14.7278,15.046,15.5176,15.7688,15.3677,15.2773,15.7406,15.6536,15.3761,15.3432,15.46,15.3172,15.2364,15.2398,15.1826,15.1414,15.1216,15.0689,15.0218,14.9799,14.9441,14.9116,14.8805,14.839,14.7975,14.7563,14.7176,14.6778,14.6459,14.6127,14.5828,14.555,6.96337,6.57644,6.21243,5.85857,5.53259,5.23118,4.95199,4.69299,4.45284,4.22985
0.675,8.14555,8.23537,8.16843,9.04863,9.95617,10.1051,12.7001,13.5812,14.0365,13.831,14.0383,13.8103,13.679,14.9134,15.4543,15.609,15.3235,14.9457,14.7538,15.0596,15.5341,15.7942,15.396,15.3134,15.7821,15.6946,15.4157,15.3898,15.5166,15.3659,15.2861,15.2952,15.2383,15.199,15.1823,15.1317,15.0874,15.0477,15.0143,14.9844,14.9558,14.9167,14.8775,14.8387,14.8022,14.7646,14.7348,14.7037,14.6758,14.6501,14.6257,14.6022,14.576,6.38166,6.01769,5.67581,5.35694,5.06207,4.79118,4.54195
0.726,8.144,8.23315,8.16565,9.05139,9.95807,10.0939,12.7001,13.5753,14.0456,13.8405,14.0494,13.8209,13.6984,14.9234,15.4666,15.6207,15.3369,14.9621,14.7778,15.0728,15.5489,15.8171,15.4216,15.3464,15.82,15.7317,15.4518,15.433,15.5689,15.4104,15.3315,15.346,15.2891,15.2516,15.2376,15.1889,15.1471,15.1094,15.078,15.0504,15.0239,14.9869,14.9498,14.913,14.8784,14.8427,14.8147,14.7854,14.7593,14.7354,14.7126,14.6908,14.6662,14.6362,14.6079,14.5813,5.82572,5.50803,5.21365,4.94139
0.775,8.14248,8.23077,8.15416,9.05794,9.95962,10.0951,12.7001,13.5405,14.0545,13.8491,14.0597,13.8301,13.7164,14.9308,15.4776,15.6312,15.349,14.9771,14.7994,15.0853,15.5617,15.8379,15.4446,15.3765,15.8537,15.7659,15.4844,15.4725,15.6167,15.4505,15.3725,15.392,15.3349,15.2989,15.2874,15.2402,15.2007,15.1647,15.1351,15.1094,15.0848,15.0497,15.0143,14.9792,14.9463,14.9123,14.8858,14.8579,14.8334,14.811,14.7897,14.7693,14.746,14.7173,14.6902,14.6648,14.6409,14.6189,14.5991,5.33987
0.825,8.14041,8.22569,8.21409,9.06869,9.96089,10.1007,12.7001,13.5261,14.0624,13.8568,14.0687,13.8394,13.7342,14.9384,15.4876,15.6405,15.3594,14.9908,14.8194,15.0959,15.5735,15.8563,15.4655,15.4041,15.8847,15.7966,15.5142,15.5093,15.6608,15.4871,15.4099,15.4342,15.3766,15.3421,15.3328,15.287,15.2496,15.215,15.187,15.1631,15.1402,15.1066,15.0727,15.0392,15.0078,14.9751,14.95,14.9235,14.9003,14.8791,14.8592,14.84,14.8179,14.7903,14.7643,14.7398,14.717,14.6959,14.677,14.6607
0.876,8.13827,8.22291,8.14377,9.07844,9.96192,10.1062,12.7001,13.576,14.0691,13.864,14.0769,13.8473,13.7507,14.9465,15.4967,15.649,15.3701,15.0037,14.838,15.1057,15.5841,15.8719,15.4848,15.43,15.9138,15.8252,15.5419,15.5442,15.702,15.5212,15.4441,15.4735,15.4155,15.3822,15.375,15.3305,15.2949,15.2617,15.2351,15.2128,15.1913,15.1592,15.1268,15.0945,15.0645,15.0331,15.0092,14.9838,14.9619,14.9419,14.923,14.905,14.8839,14.8573,14.8322,14.8087,14.7867,14.7665,14.7484,14.7329
0.925,8.13586,8.2227,8.13908,9.08542,9.9621,10.084,12.7001,13.5926,14.0757,13.87,14.0842,13.8543,13.7664,14.9555,15.5048,15.657,15.3791,15.0156,14.855,15.1145,15.5925,15.8875,15.5022,15.4537,15.9401,15.8508,15.5671,15.5766,15.7397,15.5521,15.4759,15.5095,15.4506,15.4186,15.4134,15.3698,15.3359,15.3039,15.2786,15.2577,15.2376,15.2068,15.1756,15.1445,15.1156,15.0854,15.0625,15.0381,15.0172,14.9983,14.9805,14.9633,14.9432,14.9175,14.8932,14.8705,14.8492,14.8298,14.8124,14.7976
0.951,8.13452,8.22173,8.20493,9.09262,9.9625,10.0846,12.7001,13.572,14.0784,13.8728,14.0877,13.8577,13.7745,14.9613,15.5087,15.6603,15.3828,15.0216,14.8635,15.1188,15.5964,15.8952,15.5105,15.4655,15.9529,15.8635,15.5798,15.5931,15.7585,15.5677,15.4919,15.5277,15.4682,15.4369,15.4326,15.3896,15.3564,15.325,15.3003,15.2801,15.2606,15.2304,15.1998,15.1693,15.141,15.1113,15.0889,15.0651,15.0447,15.0262,15.0089,14.9922,14.9725,14.9472,14.9234,14.901,14.8801,14.861,14.844,14.8295
0.966,8.13376,8.21811,8.15788,9.09357,9.96242,10.1157,12.7001,13.6293,14.0803,13.8745,14.0899,13.8596,13.7798,14.9635,15.5108,15.6622,15.3843,15.0249,14.8679,15.1211,15.5989,15.8986,15.5148,15.4719,15.9594,15.8702,15.5866,15.6023,15.7684,15.576,15.5003,15.5373,15.4777,15.4466,15.4428,15.4,15.3674,15.3363,15.312,15.2922,15.273,15.2432,15.2128,15.1827,15.1546,15.1252,15.1031,15.0795,15.0594,15.0412,15.0241,15.0077,14.9882,14.9632,14.9395,14.9173,14.8966,14.8777,14.8608,14.8465
0.973,8.13368,8.21766,8.13471,9.08288,9.96231,10.111,12.7001,13.5829,14.0807,13.8753,14.091,13.8604,13.7824,14.9643,15.512,15.6632,15.3859,15.0266,14.8704,15.1219,15.6002,15.9008,15.5171,15.4752,15.963,15.874,15.5891,15.6067,15.7724,15.5792,15.5038,15.5411,15.4815,15.4507,15.4471,15.4046,15.3722,15.3413,15.3171,15.2975,15.2785,15.2489,15.2187,15.1888,15.1609,15.1317,15.1098,15.0864,15.0664,15.0484,15.0314,15.0152,14.9958,14.9709,14.9474,14.9254,14.9048,14.886,14.8692,14.855
