,2,2.2,2.4,2.6,2.8,3,3.2,3.4,3.6,3.8,4,4.2,4.4,4.6,4.8,5,5.2,5.4,5.6,5.8,6,6.2,6.4,6.6,6.8,7,7.2,7.4,7.6,7.8,8,8.2,8.4,8.6,8.8,9,9.2,9.4,9.6,9.8,10
1e-06,2.10934e-06,2.98736e-06,4.29293e-06,6.24803e-06,9.1947e-06,1.36619e-05,2.04704e-05,3.08972e-05,4.69375e-05,7.17052e-05,0.000110093,0.00016979,0.000262908,0.00040857,0.000637034,0.000996269,0.00156251,0.0024572,0.00387451,0.00612614,0.00971558,0.0154637,0.0247278,0.0398036,0.0647173,0.106961,0.181889,0.326116,0.636381,1.11819,1.44031,1.62459,1.73912,1.8139,1.86357,1.89623,1.91683,1.9286,1.93372,1.93378,1.92991
1.05925e-06,2.23432e-06,3.16437e-06,4.54731e-06,6.61825e-06,9.73952e-06,1.44714e-05,2.16833e-05,3.2728e-05,4.97188e-05,7.59542e-05,0.000116617,0.000179851,0.000278488,0.000432786,0.000674796,0.00105534,0.00165519,0.00260305,0.00410474,0.00649082,0.0102956,0.0163915,0.0262235,0.0422439,0.0687768,0.11394,0.194615,0.351887,0.691311,1.16946,1.47119,1.64531,1.75431,1.82569,1.87306,1.90408,1.92347,1.93429,1.93867,1.93812,1.93375
1.12202e-06,2.36672e-06,3.35187e-06,4.81675e-06,7.01041e-06,1.03166e-05,1.53289e-05,2.29682e-05,3.46673e-05,5.26649e-05,8.04549e-05,0.000123527,0.000190509,0.000294992,0.000458437,0.000714797,0.00111792,0.00175337,0.00275757,0.00434869,0.00687731,0.0109106,0.0173757,0.0278115,0.0448391,0.0731064,0.121421,0.208382,0.380193,0.749599,1.21792,1.50058,1.66528,1.76907,1.83719,1.88236,1.9118,1.93,1.9399,1.94355,1.94241,1.93755
1.1885e-06,2.50695e-06,3.55048e-06,5.10216e-06,7.4258e-06,1.09279e-05,1.62372e-05,2.43291e-05,3.67215e-05,5.57856e-05,8.52223e-05,0.000130847,0.000201799,0.000312475,0.000485608,0.000757171,0.0011842,0.00185739,0.00292129,0.00460718,0.00728694,0.0115626,0.0184197,0.029498,0.0476,0.0777259,0.129446,0.223298,0.41133,0.810393,1.26364,1.52861,1.68455,1.78341,1.84843,1.89148,1.91938,1.93642,1.94543,1.94836,1.94664,1.94131
1.25893e-06,2.6555e-06,3.76086e-06,5.40449e-06,7.86581e-06,1.15754e-05,1.71994e-05,2.57707e-05,3.88974e-05,5.90911e-05,9.02723e-05,0.000138601,0.000213757,0.000330993,0.000514391,0.000802057,0.00125443,0.00196759,0.00309474,0.00488109,0.0077211,0.012254,0.0195275,0.0312893,0.0505377,0.0826573,0.138063,0.239484,0.445617,0.872585,1.30676,1.55538,1.70316,1.79737,1.85941,1.90041,1.92683,1.94275,1.95088,1.95312,1.95083,1.94503
1.33352e-06,2.81285e-06,3.9837e-06,5.72472e-06,8.33189e-06,1.22613e-05,1.82185e-05,2.72978e-05,4.12022e-05,6.25926e-05,9.56215e-05,0.000146814,0.000226425,0.000350609,0.00054488,0.000849606,0.00132882,0.00208433,0.00327852,0.00517135,0.00818128,0.0129871,0.0207029,0.0331921,0.0536646,0.0879241,0.147322,0.257079,0.483385,0.934971,1.34746,1.581,1.72115,1.81095,1.87015,1.90918,1.93416,1.94899,1.95626,1.95782,1.95497,1.94871
1.41254e-06,2.97952e-06,4.21975e-06,6.06394e-06,8.82559e-06,1.29879e-05,1.9298e-05,2.89153e-05,4.36437e-05,6.63016e-05,0.000101288,0.000155514,0.000239843,0.000371388,0.000577176,0.000899975,0.00140762,0.00220801,0.00347323,0.00547893,0.00866905,0.0137644,0.0219503,0.0352139,0.0569939,0.0935522,0.157283,0.276239,0.524951,0.996436,1.38591,1.60554,1.73857,1.82418,1.88066,1.91778,1.94137,1.95513,1.96157,1.96245,1.95907,1.95235
1.49624e-06,3.15607e-06,4.46979e-06,6.42325e-06,9.34854e-06,1.37575e-05,2.04415e-05,3.06286e-05,4.62298e-05,7.02303e-05,0.00010729,0.00016473,0.000254056,0.000393399,0.000611388,0.000953332,0.00149111,0.00233904,0.00367953,0.00580487,0.00918609,0.0145888,0.0232741,0.0373624,0.0605397,0.09957,0.168011,0.297142,0.570578,1.05609,1.42228,1.62909,1.75544,1.83707,1.89093,1.92622,1.94845,1.96118,1.9668,1.96704,1.96311,1.95595
1.58489e-06,3.34308e-06,4.73464e-06,6.80385e-06,9.90248e-06,1.45726e-05,2.16527e-05,3.24435e-05,4.89691e-05,7.43919e-05,0.000113647,0.000174491,0.000269112,0.000416715,0.000647629,0.00100985,0.00157955,0.00247785,0.00389813,0.00615029,0.00973419,0.0154632,0.0246793,0.039646,0.0643175,0.106008,0.179576,0.31999,0.620414,1.11332,1.45675,1.65171,1.7718,1.84965,1.90099,1.93451,1.95542,1.96714,1.97197,1.97156,1.96711,1.95952
1.6788e-06,3.54117e-06,5.01519e-06,7.207e-06,1.04892e-05,1.54361e-05,2.29358e-05,3.43659e-05,5.18708e-05,7.88e-05,0.000120382,0.000184832,0.00028506,0.000441413,0.000686018,0.00106973,0.00167324,0.00262492,0.00412974,0.00651636,0.0103152,0.0163905,0.026171,0.0420739,0.0683439,0.112902,0.192061,0.345011,0.674412,1.16779,1.48947,1.67348,1.78767,1.86191,1.91085,1.94264,1.96228,1.97301,1.97707,1.97603,1.97107,1.96305
1.77828e-06,3.75099e-06,5.31235e-06,7.63405e-06,1.11108e-05,1.63508e-05,2.42948e-05,3.64023e-05,5.49444e-05,8.34694e-05,0.000127515,0.000195785,0.000301954,0.000467575,0.000726684,0.00113316,0.00177249,0.00278074,0.00437515,0.00690432,0.0109312,0.0173742,0.0277548,0.0446556,0.0726371,0.120287,0.205556,0.372465,0.732242,1.21938,1.52059,1.69444,1.80308,1.87388,1.9205,1.95063,1.96903,1.9788,1.9821,1.98045,1.97498,1.96654
1.88365e-06,3.97325e-06,5.62713e-06,8.08639e-06,1.17691e-05,1.73196e-05,2.57344e-05,3.85593e-05,5.82001e-05,8.84154e-05,0.000135071,0.000207387,0.000319849,0.000495288,0.000769761,0.00120035,0.00187764,0.00294582,0.0046352,0.00731549,0.0115843,0.0184178,0.0294366,0.0474015,0.0772167,0.128205,0.220164,0.402638,0.793236,1.26809,1.55023,1.71466,1.81805,1.88557,1.92996,1.95848,1.97567,1.98451,1.98707,1.98481,1.97885,1.96999
1.99526e-06,4.20868e-06,5.96056e-06,8.56554e-06,1.24665e-05,1.83459e-05,2.72592e-05,4.08441e-05,6.16488e-05,9.36546e-05,0.000143075,0.000219677,0.000338804,0.000524644,0.000815394,0.00127153,0.00198903,0.00312072,0.00491075,0.00775127,0.0122767,0.0195249,0.0312226,0.050323,0.082104,0.136703,0.236,0.435846,0.856405,1.31404,1.57851,1.73417,1.83261,1.89699,1.93923,1.9662,1.98221,1.99014,1.99197,1.98913,1.98268,1.97341
2.11349e-06,4.45806e-06,6.31375e-06,9.07308e-06,1.32052e-05,1.9433e-05,2.88745e-05,4.32643e-05,6.53018e-05,9.92042e-05,0.000151554,0.000232695,0.000358883,0.00055574,0.000863732,0.00134693,0.00210704,0.00330602,0.00520273,0.00821317,0.013011,0.0206996,0.0331198,0.053432,0.0873221,0.145829,0.253198,0.472425,0.92055,1.35738,1.60554,1.75303,1.84678,1.90816,1.94832,1.97378,1.98866,1.99569,1.99681,1.99339,1.98646,1.9768
2.23872e-06,4.72222e-06,6.68786e-06,9.6107e-06,1.39876e-05,2.05845e-05,3.05854e-05,4.58279e-05,6.91713e-05,0.000105083,0.000160535,0.000246484,0.000380153,0.000588681,0.000914938,0.00142681,0.00223206,0.00350236,0.00551214,0.00870275,0.0137895,0.0219461,0.0351353,0.0567417,0.0928965,0.155641,0.271904,0.512712,0.984445,1.3983,1.63142,1.77127,1.86058,1.91907,1.95724,1.98124,1.995,2.00117,2.00159,1.99761,1.99021,1.98015
2.37137e-06,5.00203e-06,7.08414e-06,1.01802e-05,1.48165e-05,2.18042e-05,3.23977e-05,4.85435e-05,7.32701e-05,0.00011131,0.000170048,0.000261092,0.000402683,0.000623574,0.000969182,0.00151143,0.00236452,0.00371038,0.00584003,0.00922171,0.0146151,0.0232689,0.037277,0.0602659,0.0988547,0.166201,0.292289,0.557021,1.04702,1.43698,1.65622,1.78893,1.87401,1.92976,1.96599,1.98857,2.00125,2.00657,2.00632,2.00178,1.99392,1.98347
2.51189e-06,5.29842e-06,7.50391e-06,1.07834e-05,1.56944e-05,2.30962e-05,3.43175e-05,5.14199e-05,7.76118e-05,0.000117905,0.000180125,0.000276564,0.000426549,0.000660536,0.00102664,0.00160107,0.00250484,0.00393079,0.0061875,0.00977181,0.0154908,0.0246729,0.0395531,0.06402,0.105227,0.177578,0.314546,0.605586,1.10745,1.47359,1.68003,1.80604,1.88711,1.94021,1.97458,1.99578,2.00741,2.0119,2.01098,2.0059,1.99758,1.98676
2.66073e-06,5.61237e-06,7.94854e-06,1.14223e-05,1.66244e-05,2.44647e-05,3.63509e-05,5.44668e-05,8.22107e-05,0.000124892,0.000190799,0.000292954,0.00045183,0.00069969,0.00108751,0.00169604,0.0026535,0.00416432,0.00655573,0.010355,0.0164194,0.0261633,0.0419726,0.0680203,0.112047,0.18985,0.338892,0.658494,1.16524,1.5083,1.70292,1.82263,1.89988,1.95044,1.98301,2.00288,2.01348,2.01716,2.01559,2.00997,2.00121,1.99001
2.81838e-06,5.94493e-06,8.41952e-06,1.20992e-05,1.76094e-05,2.59143e-05,3.85049e-05,5.76942e-05,8.70822e-05,0.000132293,0.000202105,0.000310315,0.000478609,0.000741166,0.00115199,0.00179664,0.002811,0.00441177,0.00694598,0.0109732,0.0174045,0.0277455,0.0445451,0.0722846,0.11935,0.203105,0.365576,0.715596,1.22011,1.54128,1.72495,1.83874,1.91235,1.96046,1.99129,2.00986,2.01946,2.02235,2.02014,2.014,2.0048,1.99323
2.98538e-06,6.29719e-06,8.91841e-06,1.28161e-05,1.86528e-05,2.74499e-05,4.07865e-05,6.11129e-05,9.22423e-05,0.000140132,0.000214082,0.000328706,0.000506976,0.000785102,0.0012203,0.00190322,0.00297787,0.00467397,0.00735957,0.0116286,0.0184494,0.0294255,0.0472809,0.0768323,0.127177,0.21744,0.394874,0.776424,1.27201,1.57265,1.74618,1.85438,1.92452,1.97028,1.99942,2.01673,2.02536,2.02748,2.02464,2.01798,2.00836,1.99643
3.16228e-06,6.67032e-06,9.44686e-06,1.35755e-05,1.97581e-05,2.90764e-05,4.32032e-05,6.47342e-05,9.77083e-05,0.000148436,0.000226768,0.000348186,0.000537024,0.000831643,0.00129266,0.00201612,0.00315467,0.0049518,0.00779791,0.0123235,0.0195579,0.0312096,0.0501911,0.0816841,0.135572,0.232967,0.427096,0.840156,1.32099,1.60256,1.76666,1.86958,1.9364,1.9799,2.00741,2.0235,2.03117,2.03254,2.02909,2.02192,2.01188,1.99959
3.34965e-06,7.06556e-06,1.00066e-05,1.43799e-05,2.09289e-05,3.07993e-05,4.57632e-05,6.857e-05,0.000103498,0.000157232,0.000240207,0.000368821,0.000568854,0.000880945,0.00136932,0.00213574,0.00334198,0.00524619,0.00826251,0.0130603,0.020734,0.0331044,0.0532877,0.086863,0.144585,0.249812,0.462574,0.905673,1.36718,1.63112,1.78644,1.88437,1.94802,1.98934,2.01527,2.03016,2.03691,2.03753,2.03348,2.02582,2.01536,2.00272
3.54813e-06,7.48422e-06,1.05996e-05,1.5232e-05,2.2169e-05,3.26243e-05,4.8475e-05,7.26332e-05,0.000109631,0.00016655,0.000254442,0.00039068,0.000602572,0.000933171,0.00145052,0.00226246,0.00354043,0.00555816,0.00875495,0.0138416,0.0219819,0.0351173,0.0565835,0.0923938,0.154268,0.268116,0.50166,0.971706,1.41077,1.65843,1.80555,1.89876,1.95937,1.99859,2.02299,2.03672,2.04256,2.04246,2.03782,2.02968,2.01881,2.00582
3.75837e-06,7.92769e-06,1.12276e-05,1.61345e-05,2.34826e-05,3.45574e-05,5.13473e-05,7.69371e-05,0.000116127,0.000176419,0.00026952,0.000413834,0.000638288,0.000988494,0.00153654,0.00239671,0.0037507,0.00588874,0.00927692,0.0146701,0.0233062,0.0372559,0.0600924,0.0983034,0.164683,0.28804,0.544696,1.03703,1.45193,1.68458,1.82405,1.91278,1.97048,2.00767,2.03058,2.04318,2.04814,2.04734,2.04212,2.03349,2.02222,2.00889
3.98107e-06,8.39744e-06,1.18929e-05,1.70905e-05,2.4874e-05,3.66051e-05,5.43899e-05,8.1496e-05,0.000123009,0.000186873,0.000285492,0.00043836,0.000676122,0.0010471,0.00162767,0.00253893,0.00397349,0.00623907,0.00983021,0.0155487,0.0247117,0.0395285,0.0638294,0.104622,0.175896,0.30977,0.591981,1.10064,1.49085,1.70967,1.84197,1.92643,1.98134,2.01658,2.03805,2.04955,2.05365,2.05215,2.04636,2.03727,2.0256,2.01194
4.21697e-06,8.89502e-06,1.25976e-05,1.81032e-05,2.63479e-05,3.87741e-05,5.76128e-05,8.63251e-05,0.000130298,0.000197947,0.000302411,0.00046434,0.0007162,0.00110918,0.00172421,0.00268962,0.00420955,0.00661032,0.0104167,0.0164805,0.0262035,0.041944,0.0678108,0.111381,0.187984,0.333513,0.643709,1.16181,1.52772,1.73376,1.85933,1.93975,1.99197,2.02532,2.04539,2.05582,2.05908,2.0569,2.05056,2.041,2.02895,2.01496
4.46684e-06,9.42208e-06,1.33441e-05,1.91759e-05,2.79091e-05,4.10717e-05,6.10266e-05,9.14404e-05,0.000138019,0.000209677,0.000320333,0.000491861,0.000758654,0.00117495,0.00182649,0.00284925,0.00445966,0.00700377,0.0110385,0.0174688,0.0277872,0.0445119,0.0720539,0.118616,0.201029,0.359506,0.699886,1.22012,1.5627,1.75693,1.87617,1.95273,2.00239,2.0339,2.05262,2.062,2.06443,2.06159,2.05471,2.0447,2.03226,2.01795
4.73151e-06,9.98038e-06,1.41348e-05,2.03122e-05,2.95629e-05,4.35053e-05,6.46428e-05,9.68588e-05,0.000146198,0.000222103,0.000339317,0.000521013,0.000803626,0.00124461,0.00193483,0.00301839,0.00472468,0.00742075,0.0116977,0.0185172,0.0294686,0.0472425,0.0765778,0.126368,0.215126,0.388017,0.76024,1.27539,1.59596,1.77925,1.89253,1.96541,2.01259,2.04234,2.05973,2.0681,2.06972,2.06623,2.05881,2.04836,2.03555,2.02091
5.01187e-06,1.05718e-05,1.49723e-05,2.15158e-05,3.13146e-05,4.60833e-05,6.84732e-05,0.000102598,0.000154861,0.000235265,0.000359426,0.000551894,0.000851265,0.00131841,0.00204961,0.00319757,0.0050055,0.00786267,0.0123965,0.0196293,0.0312539,0.0501468,0.0814032,0.134677,0.230382,0.419345,0.824148,1.3276,1.62762,1.80075,1.90842,1.97778,2.02258,2.05062,2.06673,2.07411,2.07495,2.07081,2.06287,2.05198,2.0388,2.02385
5.30884e-06,1.11982e-05,1.58595e-05,2.27907e-05,3.31701e-05,4.88139e-05,7.25306e-05,0.000108678,0.000164038,0.000249207,0.000380727,0.000584605,0.000901729,0.00139659,0.00217121,0.00338742,0.00530307,0.00833105,0.0131375,0.0208092,0.03315,0.0532366,0.0865525,0.143594,0.246917,0.453818,0.89063,1.37686,1.65782,1.82151,1.92386,1.98987,2.03238,2.05876,2.07362,2.08003,2.0801,2.07535,2.06689,2.05556,2.04202,2.02676
5.62341e-06,1.18617e-05,1.67992e-05,2.41411e-05,3.51356e-05,5.17064e-05,7.68284e-05,0.000115118,0.000173758,0.000263975,0.000403291,0.000619256,0.000955186,0.00147942,0.00230003,0.00358857,0.00561838,0.00882749,0.0139232,0.0220611,0.035164,0.0565246,0.09205,0.153169,0.264867,0.49179,0.95845,1.42332,1.68666,1.84157,1.93889,2.00169,2.04199,2.06676,2.08041,2.08588,2.08519,2.07982,2.07086,2.05911,2.04521,2.02964
5.95662e-06,1.25646e-05,1.77946e-05,2.55716e-05,3.72176e-05,5.47702e-05,8.13809e-05,0.000121939,0.000184055,0.000279618,0.000427192,0.000655961,0.00101181,0.00156715,0.0024365,0.00380168,0.00595252,0.0093537,0.0147563,0.0233895,0.0373036,0.0600247,0.0979224,0.163461,0.284386,0.533624,1.02629,1.46716,1.71427,1.86096,1.95352,2.01324,2.05141,2.07463,2.0871,2.09164,2.09022,2.08425,2.07479,2.06263,2.04837,2.0325
6.30957e-06,1.33091e-05,1.8849e-05,2.70868e-05,3.94228e-05,5.80156e-05,8.62032e-05,0.000129165,0.000194962,0.000296189,0.000452511,0.000694842,0.0010718,0.00166009,0.00258108,0.00402748,0.0063066,0.00991146,0.0156398,0.0247992,0.0395771,0.0637516,0.104199,0.174536,0.30565,0.57966,1.09296,1.50859,1.74073,1.87973,1.96776,2.02455,2.06065,2.08236,2.09368,2.09732,2.09518,2.08862,2.07868,2.06611,2.0515,2.03534
6.68344e-06,1.40977e-05,1.99659e-05,2.86918e-05,4.17588e-05,6.14533e-05,9.13113e-05,0.000136819,0.000206515,0.000313741,0.00047933,0.000736029,0.00113535,0.00175855,0.00273426,0.00426673,0.00668183,0.0105027,0.0165768,0.0262955,0.0419932,0.0677213,0.11091,0.186466,0.328859,0.630174,1.15754,1.54779,1.76611,1.89792,1.98165,2.03561,2.06973,2.08997,2.10017,2.10293,2.10008,2.09295,2.08252,2.06955,2.05461,2.03815
7.07946e-06,1.4933e-05,2.1149e-05,3.03919e-05,4.42333e-05,6.50948e-05,9.6722e-05,0.000144926,0.000218753,0.000332335,0.000507738,0.000779659,0.00120266,0.00186286,0.00289654,0.00452023,0.00707948,0.0111295,0.0175705,0.0278837,0.0445615,0.0719513,0.118093,0.199331,0.354239,0.685302,1.2194,1.58494,1.79051,1.91555,1.99519,2.04643,2.07863,2.09745,2.10657,2.10847,2.10493,2.09723,2.08633,2.07296,2.05768,2.04093
7.49894e-06,1.58179e-05,2.24021e-05,3.21927e-05,4.68543e-05,6.8952e-05,0.000102453,0.000153514,0.000231716,0.00035203,0.000537831,0.000825875,0.00127397,0.00197336,0.00306847,0.00478883,0.00750091,0.0117939,0.0186246,0.0295698,0.0472921,0.0764602,0.125784,0.213224,0.382048,0.744947,1.27821,1.62022,1.81398,1.93266,2.0084,2.05704,2.08738,2.10482,2.11287,2.11393,2.10971,2.10146,2.0901,2.07634,2.06073,2.04369
7.94328e-06,1.67551e-05,2.37295e-05,3.41003e-05,4.96306e-05,7.30377e-05,0.000108524,0.000162611,0.000245447,0.000372892,0.000569709,0.000874833,0.00134951,0.00209042,0.00325063,0.00507343,0.00794755,0.0124984,0.0197427,0.0313601,0.050196,0.0812684,0.134025,0.228247,0.412574,0.808691,1.33387,1.65377,1.83659,1.94927,2.0213,2.06743,2.09597,2.11207,2.11908,2.11933,2.11444,2.10564,2.09383,2.07969,2.06375,2.04643
8.41395e-06,1.77479e-05,2.51356e-05,3.61209e-05,5.25715e-05,7.73656e-05,0.000114955,0.000172247,0.000259993,0.000394992,0.000603475,0.000926694,0.00142954,0.00221444,0.00344362,0.00537501,0.00842092,0.0132453,0.0209289,0.0332613,0.053285,0.086398,0.142864,0.244514,0.446139,0.87574,1.38641,1.68574,1.8584,1.96542,2.0339,2.07761,2.10441,2.11921,2.12521,2.12465,2.11912,2.10978,2.09752,2.083,2.06674,2.04915
8.91251e-06,1.87996e-05,2.6625e-05,3.82612e-05,5.56866e-05,8.195e-05,0.000121767,0.000182454,0.0002754,0.000418401,0.000639244,0.00098163,0.00151431,0.00234582,0.00364809,0.00569458,0.00892264,0.0140372,0.0221874,0.0352805,0.0565717,0.091873,0.152351,0.262158,0.483094,0.944961,1.43597,1.71625,1.87946,1.98112,2.0462,2.08759,2.11271,2.12623,2.13125,2.1299,2.12374,2.11388,2.10118,2.08629,2.06971,2.05184
9.44061e-06,1.99135e-05,2.82027e-05,4.05284e-05,5.89863e-05,8.68059e-05,0.000128982,0.000193266,0.00029172,0.000443197,0.000677134,0.00103983,0.00160411,0.00248501,0.00386472,0.00603321,0.00945442,0.0148769,0.0235228,0.0374254,0.0600697,0.0977196,0.162543,0.281325,0.523811,1.01502,1.48271,1.74542,1.89981,1.9964,2.05823,2.09737,2.12086,2.13315,2.13721,2.13509,2.1283,2.11793,2.1048,2.08954,2.07265,2.05451
1e-05,2.10935e-05,2.98738e-05,4.29298e-05,6.24815e-05,9.19497e-05,0.000136626,0.000204719,0.000309008,0.000469464,0.00071727,0.00110147,0.00169925,0.00263246,0.00409426,0.00639205,0.0100181,0.0157673,0.0249398,0.0397043,0.0637939,0.103966,0.173504,0.302183,0.56866,1.08458,1.52684,1.77334,1.91949,2.01128,2.07,2.10697,2.12888,2.13997,2.14308,2.14022,2.13282,2.12193,2.10838,2.09276,2.07557,2.05716
1.05925e-05,2.23434e-05,3.16439e-05,4.54736e-05,6.61838e-05,9.73982e-05,0.000144722,0.00021685,0.000327321,0.000497288,0.000759786,0.00116678,0.00180003,0.00278868,0.00433745,0.00677233,0.0106156,0.0167116,0.0264437,0.042126,0.0677599,0.110645,0.185304,0.324925,0.617973,1.15252,1.56856,1.80012,1.93855,2.02577,2.08151,2.1164,2.13677,2.14668,2.14888,2.14528,2.13728,2.1259,2.11193,2.09596,2.07846,2.05979
1.12202e-05,2.36673e-05,3.3519e-05,4.81682e-05,7.01056e-05,0.00010317,0.000153297,0.000229701,0.000346719,0.000526761,0.000804824,0.00123596,0.00190679,0.00295419,0.00459514,0.00717532,0.011249,0.0177131,0.02804,0.0446999,0.0719851,0.117788,0.198021,0.349767,0.671989,1.218,1.60806,1.82583,1.95702,2.03991,2.09278,2.12564,2.14453,2.1533,2.1546,2.15028,2.14169,2.12982,2.11544,2.09912,2.08132,2.0624
1.1885e-05,2.50697e-05,3.55051e-05,5.10223e-05,7.42597e-05,0.000109283,0.000162381,0.000243313,0.000367266,0.000557981,0.000852532,0.00130924,0.00201989,0.00312953,0.00486817,0.0076024,0.0119204,0.0187754,0.0297346,0.0474362,0.076488,0.125435,0.211743,0.376957,0.730761,1.28052,1.64553,1.85054,1.97494,2.05369,2.10381,2.13472,2.15216,2.15982,2.16025,2.15523,2.14606,2.13371,2.11892,2.10226,2.08416,2.06498
1.25893e-05,2.65552e-05,3.76089e-05,5.40457e-05,7.866e-05,0.000115759,0.000172004,0.000257731,0.000389032,0.000591052,0.000903069,0.00138687,0.00213971,0.0033153,0.00515747,0.00805502,0.0126323,0.0199022,0.0315337,0.0503457,0.0812887,0.133626,0.226569,0.406772,0.794067,1.33982,1.68112,1.87434,1.99233,2.06714,2.11461,2.14364,2.15967,2.16625,2.16582,2.16011,2.15037,2.13755,2.12236,2.10536,2.08698,2.06755
1.33352e-05,2.81287e-05,3.98374e-05,5.72482e-05,8.3321e-05,0.000122618,0.000182196,0.000273004,0.000412087,0.000626084,0.000956604,0.00146911,0.00226665,0.00351212,0.00546402,0.00853473,0.013387,0.0210975,0.0334441,0.0534403,0.0864091,0.142406,0.242611,0.439527,0.861322,1.39587,1.715,1.89727,2.00922,2.08027,2.1252,2.1524,2.16706,2.17259,2.17132,2.16493,2.15464,2.14136,2.12578,2.10844,2.08977,2.07009
1.41254e-05,2.97954e-05,4.2198e-05,6.06404e-05,8.82582e-05,0.000129884,0.000192993,0.000289183,0.000436509,0.000663193,0.00101331,0.00155622,0.00240112,0.00372065,0.00578885,0.00904316,0.0141872,0.0223655,0.0354729,0.0567325,0.0918729,0.151826,0.259993,0.475566,0.93155,1.44875,1.7473,1.9194,2.02565,2.0931,2.13558,2.16101,2.17434,2.17884,2.17675,2.1697,2.15886,2.14512,2.12916,2.1115,2.09254,2.07262
1.49624e-05,3.15609e-05,4.46984e-05,6.42336e-05,9.3488e-05,0.000137581,0.000204429,0.00030632,0.000462379,0.000702502,0.00107339,0.00164851,0.00254359,0.00394158,0.00613306,0.00958204,0.0150356,0.023711,0.0376279,0.0602358,0.097706,0.161941,0.278859,0.515265,1.00347,1.49863,1.77815,1.94077,2.04162,2.10563,2.14575,2.16947,2.18151,2.185,2.18212,2.17441,2.16304,2.14885,2.13251,2.11452,2.09529,2.07512
1.58489e-05,3.3431e-05,4.7347e-05,6.80397e-05,9.90277e-05,0.000145733,0.000216543,0.000324473,0.000489783,0.000744142,0.00113702,0.00174627,0.00269451,0.00417567,0.00649781,0.0101532,0.0159353,0.0251388,0.0399173,0.0639649,0.103936,0.172812,0.299371,0.559008,1.07569,1.54568,1.80766,1.96143,2.05717,2.11789,2.15573,2.17779,2.18857,2.19108,2.18741,2.17907,2.16717,2.15254,2.13583,2.11752,2.09801,2.07761
1.6788e-05,3.5412e-05,5.01525e-05,7.20715e-05,0.000104896,0.000154369,0.000229375,0.000343702,0.000518811,0.000788251,0.00120443,0.00184984,0.00285441,0.00442369,0.00688433,0.0107587,0.0168894,0.0266539,0.0423498,0.0679357,0.110595,0.184509,0.321711,0.607171,1.14689,1.59013,1.83593,1.98143,2.07231,2.12988,2.16552,2.18597,2.19553,2.19708,2.19265,2.18368,2.17126,2.1562,2.13912,2.1205,2.10072,2.08008
1.77828e-05,3.75103e-05,5.31243e-05,7.63421e-05,0.000111111,0.000163516,0.000242968,0.000364071,0.000549559,0.000834975,0.00127584,0.00195956,0.00302381,0.00468648,0.00729395,0.0114005,0.0179013,0.0282621,0.044935,0.0721651,0.117715,0.197107,0.346088,0.660066,1.21601,1.63217,1.86305,2.0008,2.08707,2.14161,2.17513,2.19401,2.20238,2.203,2.19781,2.18824,2.17531,2.15982,2.14238,2.12345,2.1034,2.08252
1.88365e-05,3.97329e-05,5.62722e-05,8.08657e-05,0.000117695,0.000173206,0.000257366,0.000385646,0.000582131,0.00088447,0.00135149,0.00207579,0.00320328,0.00496492,0.00772804,0.0120809,0.0189744,0.0299691,0.047683,0.0766716,0.125334,0.210692,0.372739,0.717871,1.28235,1.672,1.88911,2.01958,2.10146,2.15309,2.18456,2.20193,2.20913,2.20884,2.20292,2.19274,2.17931,2.16341,2.14561,2.12637,2.10606,2.08495
1.99526e-05,4.20873e-05,5.96066e-05,8.56575e-05,0.00012467,0.00018347,0.000272618,0.000408501,0.000616633,0.0009369,0.00143162,0.00219892,0.00339342,0.00525995,0.00818809,0.0128021,0.0201127,0.0317813,0.0506047,0.0814751,0.133492,0.225359,0.401934,0.78054,1.34548,1.7098,1.91417,2.03779,2.1155,2.16434,2.19382,2.20972,2.21579,2.2146,2.20796,2.19719,2.18328,2.16696,2.14881,2.12927,2.1087,2.08737
2.11349e-05,4.45811e-05,6.31385e-05,9.07331e-05,0.000132057,0.000194342,0.000288773,0.00043271,0.000653181,0.000992439,0.00151651,0.00232937,0.00359487,0.00557257,0.00867566,0.0135668,0.0213203,0.0337054,0.0537118,0.0865974,0.142234,0.241215,0.433976,0.847693,1.40527,1.74575,1.93831,2.05548,2.1292,2.17536,2.20292,2.21738,2.22235,2.22029,2.21295,2.2016,2.1872,2.17048,2.15198,2.13215,2.11132,2.08976
2.23872e-05,4.72227e-05,6.68798e-05,9.61096e-05,0.000139882,0.000205858,0.000305886,0.000458355,0.000691896,0.00105127,0.00160644,0.00246756,0.0038083,0.00590383,0.00919241,0.0143776,0.0226012,0.0357487,0.0570168,0.0920619,0.151608,0.258384,0.469204,0.918556,1.46172,1.77999,1.96159,2.07267,2.14258,2.18615,2.21186,2.22493,2.22882,2.22591,2.21787,2.20596,2.19109,2.17396,2.15512,2.135,2.11392,2.09214
2.37137e-05,5.00209e-05,7.08428e-05,0.000101805,0.000148171,0.000218057,0.000324013,0.000485519,0.000732906,0.0011136,0.00170171,0.00261396,0.00403444,0.00625484,0.00974012,0.0152372,0.0239603,0.0379189,0.0605333,0.0978942,0.161669,0.277,0.507989,0.991974,1.51497,1.81265,1.98405,2.08939,2.15565,2.19674,2.22064,2.23236,2.2352,2.23145,2.22274,2.21027,2.19493,2.17741,2.15824,2.13783,2.11649,2.0945
2.51189e-05,5.29849e-05,7.50405e-05,0.000107837,0.000156951,0.000230979,0.000343215,0.000514294,0.000776348,0.00117962,0.00180262,0.00276906,0.00427402,0.0066268,0.0103206,0.0161487,0.0254024,0.0402242,0.0642759,0.104122,0.172477,0.297221,0.550726,1.06654,1.56518,1.84387,2.00576,2.10565,2.16843,2.20712,2.22928,2.23968,2.2415,2.23693,2.22756,2.21454,2.19874,2.18084,2.16133,2.14063,2.11905,2.09684
2.66073e-05,5.61245e-05,7.9487e-05,0.000114227,0.000166252,0.000244666,0.000363554,0.000544775,0.000822365,0.00124955,0.00190953,0.00293338,0.00452787,0.00702096,0.010936,0.0171154,0.0269328,0.0426735,0.0682603,0.110776,0.184099,0.319223,0.597815,1.14082,1.61258,1.87374,2.02676,2.12148,2.18093,2.2173,2.23777,2.24689,2.24771,2.24234,2.23231,2.21876,2.20251,2.18423,2.1644,2.14342,2.12159,2.09916
2.81838e-05,5.94501e-05,8.41971e-05,0.000120996,0.000176103,0.000259165,0.000385099,0.000577062,0.000871112,0.00132364,0.00202279,0.00310746,0.00479683,0.00743867,0.0115883,0.0181404,0.0285569,0.0452762,0.0725035,0.117889,0.196608,0.343207,0.649624,1.21356,1.65737,1.90238,2.04709,2.13691,2.19315,2.22729,2.24612,2.25399,2.25383,2.24768,2.23702,2.22293,2.20625,2.18759,2.16744,2.14618,2.12411,2.10147
2.98538e-05,6.29728e-05,8.91862e-05,0.000128165,0.000186539,0.000274523,0.000407921,0.000611264,0.000922749,0.00140212,0.00214277,0.00329189,0.00508181,0.00788133,0.0122797,0.0192276,0.0302808,0.0480425,0.0770239,0.125498,0.210089,0.3694,0.706429,1.28379,1.69976,1.92988,2.06679,2.15194,2.20512,2.2371,2.25434,2.26099,2.25988,2.25296,2.24167,2.22707,2.20995,2.19091,2.17045,2.14892,2.12661,2.10377
3.16228e-05,6.67043e-05,9.4471e-05,0.00013576,0.000197593,0.000290791,0.000432096,0.000647493,0.000977448,0.00148525,0.00226987,0.00348728,0.00538377,0.00835045,0.0130127,0.0203807,0.0321109,0.0509834,0.0818414,0.133642,0.224634,0.398064,0.768331,1.35093,1.73996,1.9563,2.08589,2.16661,2.21684,2.24672,2.26242,2.26789,2.26584,2.25818,2.24627,2.23116,2.21361,2.19421,2.17343,2.15163,2.12909,2.10604
3.34965e-05,7.06568e-05,0.000100069,0.000143805,0.000209302,0.000308023,0.000457704,0.00068587,0.00103539,0.00157332,0.00240452,0.0036943,0.00570373,0.00884763,0.0137898,0.0216039,0.0340538,0.0541104,0.0869773,0.142365,0.240347,0.429491,0.835146,1.41468,1.77814,1.98174,2.10443,2.18091,2.22831,2.25618,2.27037,2.27469,2.27173,2.26333,2.25083,2.23521,2.21724,2.19748,2.1764,2.15433,2.13156,2.10831
3.54813e-05,7.48436e-05,0.000105999,0.000152326,0.000221704,0.000326277,0.000484829,0.000726522,0.00109677,0.00166661,0.00254717,0.00391362,0.00604276,0.00937457,0.0146137,0.0229015,0.0361169,0.0574363,0.0924552,0.151715,0.257347,0.464013,0.906314,1.47495,1.81447,2.00624,2.12244,2.19489,2.23955,2.26547,2.2782,2.2814,2.27754,2.26842,2.25533,2.23922,2.22083,2.20073,2.17934,2.15701,2.13401,2.11055
3.75837e-05,7.92784e-05,0.00011228,0.000161352,0.000234842,0.000345612,0.000513563,0.000769584,0.00116179,0.00176545,0.00269829,0.00414599,0.00640201,0.00993305,0.0154873,0.0242781,0.038308,0.0609746,0.0983004,0.161746,0.275765,0.501994,0.980857,1.53182,1.84909,2.02988,2.13994,2.20853,2.25057,2.2746,2.28591,2.28801,2.28328,2.27346,2.25978,2.24319,2.2244,2.20394,2.18225,2.15966,2.13643,2.11278
3.98107e-05,8.39761e-05,0.000118933,0.000170914,0.000248759,0.000366094,0.000544,0.0008152,0.00123067,0.00187014,0.00285839,0.0043922,0.00678269,0.010525,0.0164136,0.0257387,0.0406353,0.0647398,0.104541,0.172517,0.295753,0.543834,1.05744,1.58545,1.88215,2.05272,2.15697,2.22187,2.26138,2.28357,2.29351,2.29453,2.28895,2.27843,2.26419,2.24712,2.22792,2.20713,2.18514,2.1623,2.13885,2.115
4.21697e-05,8.89521e-05,0.00012598,0.000181041,0.0002635,0.000387789,0.000576241,0.00086352,0.00130363,0.00198105,0.003028,0.00465305,0.00718609,0.0111524,0.0173958,0.0272886,0.0431077,0.0687477,0.111206,0.184092,0.31748,0.589947,1.13458,1.63604,1.91376,2.07479,2.17354,2.2349,2.27198,2.2924,2.30099,2.30096,2.29455,2.28336,2.26855,2.25102,2.23142,2.21029,2.18801,2.16491,2.14124,2.1172
4.46684e-05,9.4223e-05,0.000133445,0.000191769,0.000279115,0.000410771,0.000610393,0.000914706,0.00138092,0.00209855,0.00320769,0.00492944,0.00761358,0.0118175,0.0184374,0.0289335,0.0457348,0.0730152,0.118328,0.196545,0.341141,0.640739,1.21082,1.68381,1.94404,2.09614,2.18967,2.24766,2.28237,2.30107,2.30835,2.30731,2.30008,2.28822,2.27287,2.25487,2.23489,2.21342,2.19086,2.16751,2.14362,2.11939
4.73151e-05,9.98062e-05,0.000141353,0.000203133,0.000295655,0.000435114,0.00064657,0.000968926,0.00146279,0.00222302,0.00339807,0.00522228,0.00806661,0.0125225,0.019542,0.0306792,0.0485267,0.0775607,0.125945,0.209957,0.366957,0.696562,1.28499,1.72898,1.97308,2.11683,2.2054,2.26014,2.29258,2.3096,2.31561,2.31357,2.30554,2.29303,2.27714,2.25869,2.23832,2.21653,2.19368,2.17009,2.14598,2.12156
5.01187e-05,0.00010572,0.000149729,0.00021517,0.000313175,0.0004609,0.000684891,0.00102636,0.00154953,0.00235488,0.00359976,0.00553257,0.00854671,0.0132699,0.0207137,0.0325324,0.0514945,0.082404,0.134095,0.224418,0.395177,0.757635,1.35628,1.77177,2.00097,2.13688,2.22073,2.27235,2.3026,2.318,2.32277,2.31975,2.31094,2.29779,2.28136,2.26247,2.24173,2.21961,2.19648,2.17265,2.14833,2.12372
5.30884e-05,0.000111985,0.000158601,0.000227921,0.000331734,0.000488215,0.000725485,0.0010872,0.00164141,0.00249457,0.00381344,0.00586135,0.00905553,0.0140622,0.0219564,0.0344997,0.0546499,0.0875665,0.142821,0.24003,0.426087,0.823949,1.42419,1.81236,2.0278,2.15633,2.23569,2.28431,2.31243,2.32626,2.32982,2.32585,2.31627,2.3025,2.28555,2.26622,2.2451,2.22266,2.19926,2.17519,2.15066,2.12586
5.62341e-05,0.00011862,0.000167999,0.000241427,0.000351393,0.000517149,0.000768485,0.00115166,0.00173874,0.00264256,0.00403983,0.00620973,0.00959478,0.0149022,0.0232747,0.0365886,0.0580055,0.0930716,0.152171,0.256908,0.460008,0.895156,1.48853,1.85095,2.05363,2.17521,2.25028,2.29603,2.3221,2.33439,2.33677,2.33187,2.32155,2.30715,2.28969,2.26993,2.24845,2.2257,2.20202,2.17771,2.15298,2.128
5.95662e-05,0.000125649,0.000177954,0.000255734,0.000372217,0.000547798,0.000814035,0.00121993,0.00184184,0.00279934,0.00427969,0.00657888,0.0101663,0.0157929,0.0246732,0.0388069,0.0615749,0.0989444,0.162198,0.275179,0.497301,0.970484,1.5493,1.8877,2.07853,2.19356,2.26454,2.30752,2.33159,2.3424,2.34363,2.33782,2.32676,2.31176,2.2938,2.27361,2.25177,2.2287,2.20476,2.18021,2.15528,2.13012
6.30957e-05,0.000133095,0.000188499,0.000270888,0.000394275,0.000580264,0.000862285,0.00129225,0.00195107,0.00296543,0.00453382,0.00697005,0.0107721,0.0167372,0.0261571,0.041163,0.0653728,0.105213,0.172959,0.294991,0.538361,1.04874,1.60661,1.92275,2.10257,2.2114,2.27847,2.31878,2.34093,2.35029,2.35039,2.34369,2.33191,2.31632,2.29786,2.27726,2.25506,2.23169,2.20748,2.1827,2.15756,2.13222
6.68344e-05,0.000140982,0.000199669,0.000286941,0.000417641,0.000614654,0.000913396,0.00136886,0.00206678,0.00314139,0.00480308,0.00738457,0.0114142,0.0177385,0.0277315,0.0436657,0.0694149,0.111906,0.184518,0.316507,0.583611,1.12845,1.66065,1.95623,2.12579,2.22876,2.29209,2.32982,2.3501,2.35805,2.35706,2.34949,2.337,2.32083,2.30188,2.28087,2.25832,2.23465,2.21018,2.18517,2.15983,2.13432
7.07946e-05,0.000149336,0.000211501,0.000303945,0.000442391,0.000651083,0.000967538,0.00145002,0.00218936,0.00332781,0.00508836,0.00782383,0.0120948,0.0188004,0.0294024,0.0463248,0.0737182,0.119057,0.196947,0.339917,0.633484,1.20805,1.71165,1.98827,2.14825,2.24565,2.3054,2.34065,2.35912,2.3657,2.36365,2.35522,2.34204,2.32529,2.30587,2.28445,2.26155,2.23759,2.21286,2.18763,2.16209,2.1364
7.49894e-05,0.000158185,0.000224034,0.000321956,0.000468608,0.000689671,0.00102489,0.00153599,0.00231921,0.00352531,0.00539063,0.00828933,0.0128162,0.0199265,0.0311756,0.0491506,0.078301,0.126701,0.210326,0.365433,0.688383,1.28614,1.75983,2.01898,2.16999,2.26212,2.31843,2.35128,2.36799,2.37324,2.37014,2.36088,2.34701,2.32971,2.30982,2.288,2.26476,2.2405,2.21552,2.19007,2.16433,2.13847
7.94328e-05,0.000167558,0.00023731,0.000341035,0.00049638,0.000730548,0.00108564,0.00162707,0.00245678,0.00373454,0.00571091,0.00878264,0.013581,0.0211209,0.0330578,0.052154,0.0831833,0.134878,0.224743,0.393298,0.748626,1.36167,1.80543,2.04845,2.19105,2.27816,2.33117,2.36171,2.37672,2.38067,2.37655,2.36647,2.35194,2.33408,2.31373,2.29152,2.26795,2.24339,2.21816,2.19249,2.16656,2.14053
8.41395e-05,0.000177487,0.000251373,0.000361245,0.000525797,0.000773847,0.00115,0.00172354,0.00260251,0.00395622,0.00605027,0.00930545,0.0143918,0.0223877,0.035056,0.0553469,0.0883864,0.143631,0.240297,0.423789,0.814348,1.43395,1.84865,2.07678,2.21148,2.29381,2.34366,2.37195,2.38531,2.38799,2.38287,2.37199,2.35681,2.33841,2.3176,2.29501,2.2711,2.24626,2.22079,2.1949,2.16878,2.14257
8.91251e-05,0.000188004,0.000266269,0.000382653,0.000556958,0.000819714,0.00121817,0.00182574,0.0027569,0.00419108,0.00640986,0.00985954,0.0152513,0.0237315,0.0371774,0.058742,0.0939337,0.153005,0.2571,0.457219,0.885399,1.50261,1.88969,2.10404,2.2313,2.30908,2.35588,2.38202,2.39376,2.39521,2.38912,2.37746,2.36163,2.3427,2.32144,2.29846,2.27424,2.24912,2.22339,2.19729,2.17098,2.14461
9.44061e-05,0.000199145,0.000282047,0.00040533,0.000589966,0.0008683,0.00129039,0.00193401,0.00292046,0.00443991,0.00679088,0.0104468,0.0161626,0.025157,0.0394301,0.0623531,0.0998502,0.163054,0.275277,0.493939,0.961227,1.56755,1.92873,2.1303,2.25056,2.32399,2.36786,2.3919,2.40209,2.40233,2.39529,2.38285,2.3664,2.34694,2.32525,2.30189,2.27734,2.25195,2.22598,2.19966,2.17317,2.14664
0.0001,0.000210945,0.000298761,0.00042935,0.000624932,0.000919767,0.00136689,0.0020487,0.00309374,0.00470355,0.00719464,0.0110692,0.0171289,0.0266694,0.0418225,0.0661949,0.106164,0.173835,0.294971,0.534342,1.04083,1.62882,1.96593,2.15563,2.26927,2.33856,2.37961,2.40162,2.41028,2.40935,2.40138,2.38819,2.37112,2.35115,2.32902,2.3053,2.28043,2.25476,2.22855,2.20203,2.17535,2.14865
0.000105925,0.000223446,0.000316465,0.000454794,0.000661969,0.000974285,0.00144793,0.0021702,0.00327731,0.00498287,0.00762248,0.0117289,0.0181534,0.0282741,0.0443637,0.0702831,0.112904,0.18541,0.316342,0.578855,1.1228,1.6866,2.00144,2.18009,2.28747,2.35279,2.39112,2.41117,2.41836,2.41627,2.40739,2.39347,2.37579,2.35531,2.33275,2.30867,2.28349,2.25755,2.23111,2.20437,2.17751,2.15066
0.000112202,0.000236686,0.000335219,0.000481746,0.000701202,0.00103204,0.00153377,0.00229891,0.00347178,0.00527883,0.00807587,0.0124282,0.0192399,0.0299769,0.0470634,0.0746349,0.120103,0.19785,0.339573,0.627925,1.20555,1.7411,2.03539,2.20373,2.30518,2.3667,2.40242,2.42056,2.42631,2.4231,2.41333,2.39869,2.38041,2.35944,2.33646,2.31202,2.28653,2.26032,2.23364,2.20671,2.17967,2.15265
0.00011885,0.000250712,0.000355084,0.000510296,0.000742761,0.00109321,0.00162471,0.00243526,0.00367782,0.0055924,0.00855633,0.0131694,0.0203921,0.0317841,0.0499321,0.0792687,0.127797,0.211234,0.36487,0.681996,1.2875,1.79255,2.0679,2.22661,2.32244,2.38031,2.4135,2.42979,2.43414,2.42985,2.4192,2.40385,2.38499,2.36352,2.34013,2.31534,2.28954,2.26307,2.23617,2.20903,2.18181,2.15464
0.000125893,0.000265569,0.000376126,0.000540538,0.000786784,0.00115802,0.00172104,0.00257971,0.00389611,0.00592465,0.00906549,0.0139552,0.021614,0.0337022,0.0529809,0.0842045,0.136024,0.225647,0.39247,0.741456,1.36734,1.8412,2.09908,2.24876,2.33925,2.39363,2.42438,2.43888,2.44186,2.4365,2.425,2.40895,2.38952,2.36757,2.34377,2.31863,2.29254,2.2658,2.23867,2.21133,2.18394,2.15661
0.000133352,0.000281306,0.000398416,0.000572573,0.000833417,0.00122666,0.00182309,0.00273274,0.00412737,0.0062767,0.0096051,0.0147882,0.0229101,0.0357383,0.0562217,0.0894638,0.144827,0.241189,0.422642,0.806563,1.44415,1.88726,2.12902,2.27024,2.35564,2.40667,2.43506,2.44782,2.44947,2.44307,2.43074,2.41401,2.39401,2.37159,2.34738,2.3219,2.29551,2.26852,2.24116,2.21363,2.18606,2.15858
0.000141254,0.000297975,0.000422026,0.000606506,0.000882815,0.00129938,0.00193119,0.00289485,0.00437239,0.00664973,0.010177,0.0156712,0.0242848,0.0378999,0.0596675,0.0950698,0.154254,0.257967,0.455689,0.877339,1.51737,1.93096,2.15781,2.29107,2.37163,2.41944,2.44554,2.45662,2.45698,2.44956,2.4364,2.419,2.39845,2.37556,2.35097,2.32514,2.29846,2.27122,2.24364,2.21591,2.18817,2.16054
0.000149624,0.000315633,0.000447036,0.000642451,0.000935141,0.00137641,0.00204571,0.00306659,0.00463198,0.00704499,0.0107831,0.0166075,0.0257431,0.0401952,0.0633321,0.101048,0.164354,0.276106,0.491958,0.953448,1.58676,1.97248,2.18554,2.31129,2.38724,2.43195,2.45585,2.46528,2.46438,2.45596,2.442,2.42395,2.40285,2.3795,2.35452,2.32836,2.30139,2.2739,2.2461,2.21818,2.19027,2.16249
0.000158489,0.000334337,0.000473528,0.000680527,0.00099057,0.00145801,0.00216703,0.00324853,0.00490701,0.00746383,0.0114255,0.0176002,0.0272903,0.0426326,0.0672302,0.107426,0.175185,0.295743,0.531834,1.0341,1.65231,2.01202,2.21226,2.33094,2.40248,2.44422,2.46597,2.47381,2.47168,2.46228,2.44754,2.42884,2.40721,2.38341,2.35804,2.33155,2.3043,2.27656,2.24855,2.22044,2.19236,2.16443
0.00016788,0.00035415,0.00050159,0.000720859,0.00104929,0.00154445,0.00229554,0.00344129,0.00519841,0.00790766,0.0121063,0.0186527,0.0289318,0.0452215,0.071378,0.114233,0.186811,0.317035,0.575745,1.11805,1.71413,2.04972,2.23806,2.35005,2.41738,2.45624,2.47593,2.48221,2.47888,2.46853,2.45302,2.43369,2.41152,2.38728,2.36154,2.33473,2.30719,2.27921,2.25099,2.22269,2.19444,2.16636
0.000177828,0.000375136,0.000531316,0.000763583,0.00111148,0.00163602,0.00243169,0.0036455,0.00550716,0.00837798,0.012828,0.0197688,0.0306736,0.0479717,0.0757926,0.121502,0.199299,0.340161,0.624147,1.2037,1.77242,2.08573,2.26297,2.36864,2.43194,2.46803,2.48571,2.49048,2.48598,2.4747,2.45844,2.43848,2.4158,2.39112,2.36501,2.33788,2.31007,2.28184,2.25341,2.22492,2.19652,2.16829
0.000188365,0.000397367,0.000562804,0.000808839,0.00117737,0.00173302,0.00257592,0.00386184,0.00583429,0.00887639,0.013593,0.0209524,0.0325221,0.0508938,0.0804927,0.129269,0.212727,0.365323,0.67751,1.28938,1.82741,2.12019,2.28707,2.38674,2.44617,2.4796,2.49534,2.49864,2.49299,2.4808,2.46379,2.44323,2.42004,2.39493,2.36845,2.341,2.31292,2.28446,2.25582,2.22715,2.19858,2.17021
0.000199526,0.000420915,0.000596157,0.000856779,0.00124716,0.00183577,0.00272871,0.00409104,0.0061809,0.00940457,0.014404,0.0222077,0.0344839,0.0539991,0.0854983,0.137572,0.227182,0.392749,0.736279,1.37355,1.87937,2.15322,2.3104,2.40437,2.46011,2.49095,2.50481,2.50668,2.49991,2.48683,2.4691,2.44793,2.42424,2.39871,2.37186,2.34411,2.31576,2.28706,2.25821,2.22936,2.20064,2.17212
0.000211349,0.000445859,0.000631488,0.00090756,0.00132109,0.00194462,0.00289057,0.00433387,0.00654816,0.00996431,0.0152636,0.023539,0.0365664,0.0572997,0.0908311,0.146454,0.242759,0.422703,0.800807,1.45504,1.92852,2.18491,2.333,2.42156,2.47374,2.5021,2.51412,2.5146,2.50674,2.49278,2.47434,2.45259,2.4284,2.40246,2.37525,2.34719,2.31858,2.28965,2.2606,2.23157,2.20268,2.17403
0.000223872,0.000472281,0.000668914,0.000961353,0.00139941,0.00205993,0.00306204,0.00459115,0.00693731,0.0105575,0.016175,0.0249511,0.0387771,0.0608087,0.0965147,0.155961,0.259566,0.455481,0.871264,1.53306,1.9751,2.21536,2.35492,2.43833,2.4871,2.51305,2.52329,2.52241,2.51348,2.49867,2.47953,2.4572,2.43253,2.40617,2.37862,2.35026,2.32138,2.29222,2.26297,2.23377,2.20472,2.17594
0.000237137,0.000500269,0.000708557,0.00101833,0.00148237,0.00218209,0.0032437,0.00486372,0.00734965,0.0111863,0.0171412,0.0264491,0.0411244,0.0645402,0.102574,0.166145,0.277723,0.491422,0.947512,1.6072,2.01933,2.24467,2.37619,2.45469,2.50018,2.5238,2.53232,2.53011,2.52014,2.50449,2.48467,2.46177,2.43662,2.40986,2.38196,2.3533,2.32416,2.29478,2.26533,2.23595,2.20676,2.17783
0.000251189,0.000529916,0.000750551,0.00107869,0.00157025,0.00231149,0.00343615,0.00515251,0.00778659,0.0118526,0.0181656,0.0280382,0.0436169,0.0685091,0.109038,0.177062,0.297367,0.530907,1.02899,1.67733,2.0614,2.2729,2.39685,2.47066,2.513,2.53437,2.54121,2.53771,2.52672,2.51025,2.48975,2.46629,2.44068,2.41352,2.38528,2.35632,2.32693,2.29733,2.26768,2.23813,2.20879,2.17973
0.000266073,0.000561321,0.000795034,0.00114263,0.00166334,0.00244857,0.00364004,0.00545848,0.00824959,0.0125589,0.0192518,0.0297242,0.0462641,0.0727317,0.115935,0.188774,0.318652,0.57436,1.11463,1.74351,2.10148,2.30013,2.41694,2.48627,2.52557,2.54476,2.54996,2.54521,2.53322,2.51594,2.49479,2.47078,2.44471,2.41715,2.38858,2.35933,2.32969,2.29986,2.27002,2.24031,2.21081,2.18161
0.000281838,0.000594586,0.000842154,0.00121036,0.00176196,0.00259379,0.00385604,0.00578267,0.00874023,0.0133075,0.0204036,0.0315132,0.0490761,0.0772254,0.123299,0.201351,0.341751,0.622243,1.20295,1.80591,2.13973,2.32642,2.43647,2.50152,2.53789,2.55497,2.55859,2.5526,2.53964,2.52158,2.49977,2.47522,2.4487,2.42076,2.39185,2.36232,2.33243,2.30238,2.27236,2.24247,2.21283,2.1835
0.000298538,0.000629824,0.000892068,0.00128211,0.00186643,0.00274763,0.00408488,0.00612615,0.00926016,0.014101,0.0216249,0.0334116,0.0520637,0.0820091,0.131165,0.214868,0.366862,0.675045,1.29221,1.86475,2.1763,2.35184,2.45548,2.51644,2.54999,2.56501,2.56709,2.5599,2.54598,2.52715,2.50471,2.47963,2.45266,2.42434,2.3951,2.36529,2.33515,2.3049,2.27468,2.24463,2.21484,2.18538
0.000316228,0.000667149,0.000944941,0.00135811,0.00197709,0.00291061,0.00432732,0.0064901,0.00981114,0.0149422,0.0229202,0.0354264,0.0552383,0.087103,0.139572,0.229412,0.394211,0.733249,1.3807,1.9203,2.21132,2.37644,2.474,2.53103,2.56185,2.5749,2.57547,2.56711,2.55226,2.53266,2.5096,2.484,2.45658,2.42789,2.39833,2.36824,2.33787,2.3074,2.277,2.24678,2.21684,2.18726
0.000334965,0.000706688,0.00100095,0.00143862,0.00209432,0.00308326,0.00458417,0.00687572,0.0103951,0.0158338,0.024294,0.0375649,0.0586123,0.0925292,0.148563,0.245076,0.424053,0.797287,1.46697,1.97282,2.2449,2.40025,2.49205,2.54531,2.57351,2.58462,2.58373,2.57422,2.55846,2.53812,2.51444,2.48833,2.46048,2.43142,2.40155,2.37118,2.34057,2.30989,2.2793,2.24893,2.21885,2.18914
0.000354813,0.00074857,0.00106028,0.00152391,0.00221851,0.00326617,0.0048563,0.00728432,0.0110139,0.0167791,0.0257511,0.0398351,0.0621991,0.0983114,0.158184,0.261968,0.456679,0.867449,1.55001,2.02254,2.27715,2.42334,2.50965,2.55929,2.58495,2.59419,2.59187,2.58125,2.56459,2.54352,2.51924,2.49263,2.46435,2.43492,2.40474,2.3741,2.34325,2.31237,2.2816,2.25107,2.22085,2.19101
0.000375837,0.000792935,0.00112312,0.00161425,0.00235007,0.00345994,0.00514461,0.00771729,0.0116697,0.0177813,0.0272967,0.0422454,0.0660129,0.104475,0.168486,0.280207,0.492423,0.943774,1.62919,2.0697,2.30817,2.44575,2.52682,2.57299,2.59619,2.60361,2.5999,2.58819,2.57065,2.54887,2.524,2.49688,2.46819,2.43841,2.40791,2.37701,2.34593,2.31484,2.2839,2.2532,2.22285,2.19289
0.000398107,0.00083993,0.00118969,0.00170995,0.00248943,0.00366522,0.00545007,0.00817606,0.0123649,0.0188438,0.0289363,0.0448047,0.0700691,0.111049,0.179527,0.299926,0.531659,1.02592,1.70423,2.11452,2.33803,2.4675,2.54358,2.58642,2.60724,2.61289,2.60783,2.59504,2.57665,2.55417,2.52871,2.50111,2.47201,2.44187,2.41107,2.3799,2.34859,2.3173,2.28619,2.25534,2.22484,2.19477
0.000421697,0.000889711,0.00126021,0.00181133,0.00263707,0.0038827,0.00577372,0.00866221,0.0131016,0.0199704,0.0306759,0.0475228,0.074384,0.118062,0.191367,0.321278,0.574808,1.11304,1.77512,2.15718,2.36682,2.48863,2.55996,2.59957,2.61809,2.62204,2.61565,2.60182,2.58258,2.55941,2.53338,2.5053,2.47579,2.4453,2.41421,2.38278,2.35124,2.31976,2.28847,2.25747,2.22684,2.19664
0.000446684,0.000942443,0.00133491,0.00191872,0.00279347,0.0041131,0.00611662,0.00917737,0.0138825,0.021165,0.0325216,0.0504098,0.0789756,0.125548,0.204077,0.344433,0.622335,1.2038,1.84196,2.19787,2.3946,2.50918,2.57596,2.61248,2.62877,2.63104,2.62336,2.60851,2.58845,2.56461,2.53802,2.50947,2.47955,2.44872,2.41733,2.38565,2.35389,2.32221,2.29074,2.25959,2.22883,2.19852
0.000473151,0.000998301,0.00141404,0.00203248,0.00295916,0.00435719,0.00647994,0.00972329,0.0147102,0.0224318,0.0344802,0.0534768,0.0838628,0.133543,0.217731,0.369585,0.674741,1.29647,1.90499,2.23673,2.42145,2.52918,2.59161,2.62514,2.63927,2.63992,2.63098,2.61513,2.59426,2.56975,2.54261,2.51359,2.48329,2.45212,2.42044,2.3885,2.35652,2.32465,2.29302,2.26172,2.23083,2.2004
0.000501187,0.00105747,0.00149787,0.00215299,0.00313468,0.00461579,0.0068649,0.0103018,0.0155877,0.0237752,0.0365588,0.0567357,0.0890664,0.142086,0.232416,0.396957,0.73254,1.38922,1.96446,2.27392,2.44741,2.54866,2.60691,2.63757,2.6496,2.64867,2.6385,2.62168,2.60001,2.57485,2.54717,2.51769,2.487,2.4555,2.42353,2.39135,2.35915,2.32709,2.29529,2.26384,2.23282,2.20228
0.000530884,0.00112015,0.00158666,0.00228066,0.00332063,0.00488977,0.00727279,0.0109149,0.0165178,0.0251999,0.038765,0.0601991,0.0946087,0.15122,0.248225,0.426799,0.796221,1.48037,2.02063,2.30956,2.47255,2.56764,2.62189,2.64977,2.65977,2.6573,2.64593,2.62815,2.60571,2.57991,2.55169,2.52177,2.49069,2.45886,2.42661,2.39418,2.36177,2.32952,2.29756,2.26597,2.23482,2.20417
0.000562341,0.00118654,0.00168072,0.0024159,0.00351762,0.00518004,0.00770498,0.0115647,0.0175038,0.0267111,0.0411069,0.0638806,0.100514,0.160992,0.265265,0.459399,0.866176,1.56863,2.07377,2.34376,2.49691,2.58614,2.63656,2.66175,2.66978,2.66581,2.65327,2.63455,2.61135,2.58492,2.55617,2.52581,2.49435,2.4622,2.42967,2.397,2.36438,2.33195,2.29982,2.26809,2.23682,2.20606
0.000595662,0.00125687,0.00178036,0.00255916,0.00372631,0.00548757,0.00816294,0.0122533,0.0185492,0.028314,0.0435932,0.0677948,0.106808,0.171452,0.283652,0.495082,0.942596,1.65314,2.12413,2.37663,2.52053,2.60419,2.65093,2.67352,2.67963,2.6742,2.66051,2.64088,2.61693,2.58988,2.56063,2.52982,2.498,2.46553,2.43272,2.39982,2.36699,2.33437,2.30209,2.27022,2.23882,2.20796
0.000630957,0.00133137,0.00188591,0.00271093,0.0039474,0.0058134,0.0086482,0.0129831,0.0196575,0.0300144,0.0462332,0.0719574,0.113519,0.182659,0.303521,0.53422,1.02534,1.73345,2.17194,2.40826,2.54346,2.62181,2.66501,2.68508,2.68934,2.68248,2.66768,2.64714,2.62246,2.59481,2.56504,2.53381,2.50162,2.46884,2.43576,2.40262,2.36959,2.33679,2.30435,2.27235,2.24083,2.20986
0.000668344,0.00141029,0.00199773,0.0028717,0.00418162,0.00615862,0.00916242,0.0137567,0.0208326,0.0318184,0.0490367,0.0763852,0.120678,0.194674,0.325021,0.57723,1.11379,1.80941,2.21742,2.43873,2.56574,2.63902,2.67881,2.69646,2.69891,2.69066,2.67476,2.65334,2.62795,2.5997,2.56943,2.53778,2.50523,2.47214,2.43879,2.40542,2.37218,2.33921,2.30662,2.27448,2.24285,2.21177
0.000707946,0.00149389,0.00211617,0.00304202,0.00442976,0.00652439,0.00970732,0.0145766,0.0220786,0.0337324,0.0520143,0.0810964,0.128318,0.207566,0.348321,0.624579,1.2068,1.88108,2.26075,2.46814,2.5874,2.65584,2.69234,2.70764,2.70833,2.69873,2.68176,2.65948,2.63338,2.60454,2.57379,2.54172,2.50882,2.47542,2.44181,2.40821,2.37478,2.34163,2.30889,2.27661,2.24487,2.21369
0.000749894,0.00158245,0.00224164,0.00322245,0.00469265,0.00691193,0.0102847,0.0154457,0.0233999,0.0357634,0.0551775,0.0861104,0.136476,0.221412,0.373614,0.676777,1.30273,1.94865,2.30211,2.49653,2.60847,2.67228,2.70562,2.71864,2.71762,2.7067,2.68868,2.66556,2.63876,2.60935,2.57812,2.54564,2.51239,2.47869,2.44483,2.411,2.37737,2.34405,2.31116,2.27876,2.2469,2.21562
0.000794328,0.00167625,0.00237456,0.0034136,0.00497116,0.00732255,0.0108967,0.0163669,0.0248011,0.0379188,0.0585384,0.0914485,0.145192,0.236297,0.401117,0.734359,1.39969,2.01238,2.34165,2.52398,2.62899,2.68837,2.71866,2.72946,2.72678,2.71457,2.69553,2.67158,2.6441,2.61413,2.58241,2.54954,2.51594,2.48195,2.44783,2.41378,2.37996,2.34647,2.31344,2.2809,2.24893,2.21757
0.000841395,0.00177563,0.00251536,0.00361609,0.00526624,0.00775763,0.0115452,0.0173435,0.0262872,0.0402065,0.0621099,0.0971334,0.154508,0.252314,0.43108,0.797862,1.49578,2.07254,2.37953,2.55055,2.64898,2.70411,2.73146,2.74012,2.73582,2.72234,2.7023,2.67754,2.6494,2.61887,2.58669,2.55341,2.51948,2.4852,2.45082,2.41656,2.38255,2.3489,2.31572,2.28306,2.25098,2.21952
0.000891251,0.00188089,0.00266452,0.00383061,0.00557886,0.00821864,0.0122324,0.0183787,0.0278633,0.0426348,0.0659062,0.10319,0.164472,0.269569,0.463785,0.867757,1.58946,2.1294,2.41585,2.57629,2.66846,2.71952,2.74403,2.75061,2.74473,2.73002,2.709,2.68345,2.65465,2.62357,2.59093,2.55727,2.523,2.48843,2.45382,2.41933,2.38514,2.35133,2.318,2.28523,2.25304,2.22149
0.000944061,0.0019924,0.00282253,0.00405787,0.00591008,0.00870713,0.0129608,0.0194763,0.0295351,0.0452127,0.0699421,0.109644,0.175137,0.288181,0.499555,0.944365,1.6796,2.18325,2.45073,2.60124,2.68747,2.73462,2.75638,2.76094,2.75352,2.73762,2.71564,2.6893,2.65986,2.62825,2.59516,2.56111,2.52651,2.49166,2.4568,2.42211,2.38773,2.35376,2.3203,2.2874,2.25511,2.22347
0.001,0.00211052,0.00298992,0.00429864,0.006261,0.00922475,0.0137328,0.0206399,0.0313086,0.0479498,0.0742337,0.116525,0.186558,0.308281,0.538758,1.02772,1.76553,2.23433,2.48429,2.62546,2.70603,2.74941,2.76852,2.77112,2.76221,2.74512,2.7222,2.6951,2.66503,2.63289,2.59936,2.56493,2.53001,2.49489,2.45978,2.42488,2.39032,2.3562,2.3226,2.28959,2.2572,2.22547
0.00105925,0.00223565,0.00316725,0.00455371,0.0066328,0.00977325,0.0145509,0.0218736,0.03319,0.0508564,0.0787985,0.123864,0.1988,0.330019,0.581808,1.11745,1.84696,2.28288,2.51661,2.64898,2.72415,2.76391,2.78045,2.78115,2.77078,2.75255,2.72871,2.70086,2.67016,2.63751,2.60353,2.56874,2.5335,2.4981,2.46277,2.42766,2.39292,2.35864,2.32492,2.29179,2.2593,2.22749
0.00112202,0.00236821,0.0033551,0.00482394,0.00702674,0.0103545,0.0154182,0.0231818,0.0351862,0.0539434,0.0836551,0.131696,0.211932,0.353563,0.629174,1.21259,1.92386,2.3291,2.54777,2.67185,2.74185,2.77814,2.7922,2.79104,2.77924,2.75989,2.73515,2.70656,2.67526,2.6421,2.60769,2.57253,2.53698,2.50131,2.46574,2.43044,2.39553,2.3611,2.32724,2.294,2.26142,2.22954
0.0011885,0.00250863,0.0035541,0.00511022,0.00744412,0.0109704,0.0163374,0.024569,0.0373044,0.0572226,0.0888234,0.140056,0.22603,0.379104,0.681371,1.31167,1.99638,2.37318,2.57785,2.69409,2.75917,2.7921,2.80375,2.80079,2.78761,2.76716,2.74153,2.71222,2.68032,2.64666,2.61183,2.57631,2.54046,2.50452,2.46872,2.43322,2.39814,2.36357,2.32958,2.29623,2.26356,2.2316
0.00125893,0.00265738,0.00376493,0.00541353,0.00788637,0.0116231,0.0173118,0.0260401,0.0395522,0.0607066,0.0943252,0.148987,0.24118,0.406859,0.738956,1.41278,2.06475,2.4153,2.60693,2.71574,2.7761,2.80581,2.81512,2.81041,2.79587,2.77435,2.74786,2.71784,2.68535,2.65119,2.61595,2.58008,2.54392,2.50773,2.4717,2.43601,2.40076,2.36604,2.33194,2.29848,2.26573,2.23369
0.00133352,0.00281496,0.00398827,0.00573487,0.00835497,0.0123149,0.0183447,0.0276002,0.0419378,0.0644088,0.100184,0.15853,0.257477,0.437074,0.802497,1.51389,2.12926,2.45561,2.63506,2.73684,2.79268,2.81927,2.82631,2.8199,2.80404,2.78147,2.75413,2.72342,2.69035,2.65571,2.62006,2.58384,2.54738,2.51093,2.47469,2.43881,2.4034,2.36853,2.33431,2.30075,2.26791,2.2358
0.00141254,0.00298189,0.00422488,0.00607532,0.00885148,0.0130479,0.0194397,0.0292549,0.0444701,0.0683437,0.106424,0.168736,0.275027,0.47003,0.872535,1.61319,2.1902,2.49424,2.6623,2.7574,2.80891,2.83249,2.83734,2.82927,2.81211,2.78852,2.76035,2.72895,2.69532,2.6602,2.62415,2.58759,2.55084,2.51414,2.47768,2.44161,2.40604,2.37104,2.3367,2.30305,2.27012,2.23795
0.00149624,0.00315872,0.00447554,0.00643602,0.0093776,0.0138249,0.0206006,0.0310101,0.0471583,0.0725268,0.113075,0.179656,0.293948,0.506048,0.949498,1.70926,2.24786,2.53134,2.68871,2.77746,2.82481,2.84548,2.84821,2.83852,2.8201,2.7955,2.76651,2.73445,2.70026,2.66468,2.62823,2.59133,2.55429,2.51734,2.48068,2.44442,2.4087,2.37357,2.33911,2.30536,2.27236,2.24012
0.00158489,0.00334606,0.00474109,0.00681819,0.00993509,0.0146483,0.0218314,0.0328719,0.0500125,0.0769747,0.120164,0.19135,0.314372,0.545493,1.03359,1.8012,2.30252,2.567,2.71434,2.79704,2.8404,2.85826,2.85892,2.84765,2.828,2.80242,2.77263,2.73991,2.70517,2.66913,2.6323,2.59506,2.55775,2.52056,2.48368,2.44725,2.41137,2.37611,2.34154,2.3077,2.27463,2.24233
0.0016788,0.00354451,0.00502242,0.00722309,0.0105258,0.0155211,0.0231363,0.0348471,0.0530433,0.0817053,0.127724,0.203879,0.336449,0.58878,1.12461,1.88852,2.35442,2.60132,2.73922,2.81616,2.85568,2.87083,2.86947,2.85667,2.83582,2.80927,2.77871,2.74534,2.71006,2.67357,2.63635,2.5988,2.5612,2.52377,2.48669,2.45009,2.41406,2.37867,2.344,2.31008,2.27693,2.24458
0.00177828,0.00375475,0.00532048,0.00765211,0.0111518,0.0164461,0.0245199,0.0369426,0.0562622,0.086738,0.13579,0.217316,0.360347,0.636378,1.22188,1.97109,2.40379,2.63441,2.76341,2.83485,2.87067,2.88319,2.87989,2.86559,2.84356,2.81607,2.78473,2.75074,2.71493,2.67799,2.6404,2.60253,2.56466,2.527,2.48972,2.45294,2.41677,2.38126,2.34649,2.31248,2.27927,2.24687
0.00188365,0.00397747,0.00563625,0.00810666,0.0118152,0.0174266,0.0259872,0.0391662,0.0596813,0.0920934,0.144399,0.231737,0.386258,0.68881,1.32405,2.049,2.45086,2.66634,2.78693,2.85312,2.88539,2.89536,2.89016,2.8744,2.85122,2.82281,2.79072,2.7561,2.71978,2.68241,2.64445,2.60626,2.56812,2.53023,2.49276,2.45582,2.4195,2.38387,2.349,2.31492,2.28164,2.2492
0.00199526,0.00421341,0.00597079,0.00858828,0.0125182,0.018466,0.0275431,0.0415259,0.0633138,0.0977939,0.153594,0.24723,0.414397,0.746645,1.42931,2.12244,2.49579,2.6972,2.80983,2.871,2.89984,2.90735,2.9003,2.88312,2.85881,2.8295,2.79667,2.76144,2.72461,2.68681,2.64848,2.60999,2.57159,2.53348,2.49581,2.45871,2.42226,2.38652,2.35155,2.31739,2.28406,2.25158
0.00211349,0.00446337,0.00632523,0.00909861,0.0132633,0.0195678,0.0291932,0.0440302,0.0671737,0.103864,0.163419,0.263889,0.445011,0.810486,1.53552,2.19171,2.53877,2.72704,2.83215,2.8885,2.91404,2.91915,2.91031,2.89174,2.86633,2.83613,2.80258,2.76675,2.72942,2.6912,2.65252,2.61372,2.57507,2.53674,2.49889,2.46162,2.42504,2.38919,2.35414,2.31991,2.28652,2.25401
0.00223872,0.00472817,0.00670074,0.00963934,0.0140528,0.0207358,0.0309433,0.0466884,0.071276,0.110329,0.173924,0.281823,0.47838,0.880927,1.64065,2.25711,2.57995,2.75594,2.8539,2.90564,2.92799,2.93079,2.92019,2.90026,2.87379,2.84272,2.80846,2.77204,2.73422,2.69559,2.65656,2.61746,2.57856,2.54001,2.50198,2.46457,2.42785,2.3919,2.35676,2.32247,2.28904,2.25649
0.00237137,0.00500871,0.0070986,0.0102123,0.0148896,0.0219741,0.0327996,0.0495103,0.0756368,0.117217,0.185162,0.301149,0.514825,0.958487,1.74298,2.31895,2.61946,2.78395,2.87511,2.92243,2.94171,2.94226,2.92996,2.90871,2.88118,2.84926,2.8143,2.77731,2.73901,2.69997,2.6606,2.62121,2.58206,2.5433,2.50509,2.46753,2.4307,2.39464,2.35943,2.32507,2.2916,2.25903
0.00251189,0.00530591,0.00752013,0.0108195,0.0157765,0.0232869,0.0347688,0.0525063,0.0802736,0.124559,0.197192,0.322004,0.55471,1.0435,1.84134,2.37752,2.65743,2.81112,2.89583,2.9389,2.9552,2.95357,2.93961,2.91707,2.88851,2.85576,2.82012,2.78256,2.74379,2.70435,2.66464,2.62497,2.58558,2.54662,2.50824,2.47053,2.43358,2.39743,2.36214,2.32773,2.29422,2.26164
0.00266073,0.00562078,0.00796675,0.0114628,0.0167165,0.0246789,0.0368578,0.0556877,0.0852048,0.132389,0.210081,0.344535,0.598453,1.13599,1.93503,2.43311,2.69396,2.83751,2.91606,2.95506,2.96848,2.96472,2.94915,2.92535,2.89578,2.86221,2.82591,2.78779,2.74855,2.70873,2.66869,2.62874,2.58911,2.54995,2.51141,2.47356,2.4365,2.40026,2.3649,2.33044,2.29691,2.26431
0.00281838,0.00595436,0.00843995,0.0121446,0.0177129,0.0261548,0.0390742,0.0590663,0.0904506,0.140741,0.223899,0.368915,0.646524,1.23545,2.02376,2.48595,2.72917,2.86315,2.93584,2.97091,2.98155,2.97574,2.95859,2.93355,2.903,2.86863,2.83167,2.79301,2.75332,2.71311,2.67275,2.63253,2.59267,2.55332,2.51461,2.47663,2.43946,2.40313,2.36771,2.33321,2.29966,2.26706
0.00298538,0.00630778,0.00894134,0.0128671,0.018769,0.0277199,0.041426,0.0626551,0.0960325,0.149656,0.238726,0.395333,0.699455,1.34078,2.10754,2.53628,2.76314,2.8881,2.95518,2.98648,2.99443,2.98661,2.96793,2.94168,2.91017,2.87502,2.83741,2.79822,2.75808,2.71749,2.67682,2.63633,2.59625,2.55671,2.51784,2.47974,2.44247,2.40606,2.37058,2.33605,2.30248,2.26988
0.00316228,0.0066822,0.00947259,0.0136327,0.0198885,0.0293796,0.0439217,0.0664678,0.101974,0.159175,0.25465,0.424008,0.75783,1.45025,2.18654,2.58432,2.79595,2.91239,2.97412,3.00178,3.00711,2.99735,2.97717,2.94975,2.91729,2.88138,2.84314,2.80342,2.76284,2.72189,2.6809,2.64015,2.59986,2.56013,2.52112,2.48289,2.44552,2.40904,2.37352,2.33895,2.30537,2.27279
0.00334965,0.0070789,0.0100355,0.0144441,0.0210752,0.0311397,0.0465703,0.070519,0.108299,0.169345,0.271769,0.455188,0.822278,1.56171,2.26102,2.63024,2.82769,2.93605,2.99266,3.01681,3.01962,3.00796,2.98632,2.95775,2.92437,2.8877,2.84884,2.80862,2.76761,2.72629,2.68501,2.644,2.60349,2.56359,2.52443,2.48609,2.44863,2.41209,2.37652,2.34193,2.30836,2.2758
0.00354813,0.00749918,0.010632,0.0153041,0.0223333,0.0330066,0.0493816,0.0748246,0.115036,0.180216,0.290191,0.489154,0.893441,1.67292,2.33132,2.67421,2.85841,2.95913,3.01082,3.03159,3.03195,3.01845,2.99539,2.96569,2.93141,2.894,2.85454,2.81381,2.77238,2.73071,2.68913,2.64788,2.60716,2.56709,2.52779,2.48934,2.4518,2.4152,2.37959,2.345,2.31143,2.2789
0.00375837,0.00794448,0.011264,0.0162155,0.023667,0.0349867,0.0523661,0.0794013,0.122214,0.191845,0.310038,0.526228,0.971917,1.78188,2.39775,2.71638,2.8882,2.98164,3.02863,3.04613,3.04411,3.02882,3.00437,2.97358,2.93841,2.90028,2.86022,2.819,2.77715,2.73514,2.69327,2.65178,2.61087,2.57063,2.5312,2.49265,2.45503,2.41837,2.38274,2.34814,2.31459,2.28211
0.00398107,0.00841628,0.0119337,0.0171814,0.0250811,0.0370872,0.0555346,0.0842675,0.129865,0.204292,0.331446,0.566779,1.05817,1.88712,2.46064,2.7569,2.91709,3.00363,3.04609,3.06045,3.05612,3.03909,3.01328,2.98141,2.94537,2.90654,2.8659,2.82419,2.78194,2.7396,2.69745,2.65572,2.61461,2.57422,2.53467,2.49602,2.45833,2.42163,2.38598,2.35138,2.31787,2.28544
0.00421697,0.00891616,0.0126434,0.0182052,0.0265804,0.0393156,0.0588991,0.0894426,0.138022,0.217625,0.354567,0.611226,1.15237,1.98769,2.52028,2.79588,2.94515,3.02511,3.06324,3.07454,3.06798,3.04924,3.02212,2.98919,2.95231,2.91278,2.87157,2.82939,2.78675,2.74408,2.70165,2.6597,2.6184,2.57786,2.53819,2.49945,2.4617,2.42497,2.38931,2.35473,2.32125,2.28889
0.00446684,0.00944581,0.0133955,0.0192904,0.0281702,0.0416799,0.0624724,0.0949475,0.146723,0.231916,0.379573,0.660047,1.25425,2.08313,2.57694,2.83343,2.97242,3.04612,3.08007,3.08843,3.0797,3.0593,3.03088,2.99693,2.95922,2.91902,2.87725,2.8346,2.79158,2.74858,2.70589,2.66372,2.62224,2.58156,2.54177,2.50296,2.46515,2.42839,2.39273,2.35818,2.32475,2.29247
0.00473151,0.010007,0.0141924,0.0204407,0.029856,0.0441885,0.0662677,0.100805,0.156009,0.247248,0.40666,0.713781,1.36292,2.17334,2.63089,2.86966,2.99896,3.06667,3.09661,3.10212,3.09127,3.06927,3.03959,3.00463,2.96611,2.92524,2.88292,2.83983,2.79642,2.75311,2.71016,2.66778,2.62614,2.58532,2.54543,2.50654,2.46869,2.43192,2.39627,2.36175,2.32839,2.2962
0.00501187,0.0106016,0.015037,0.02166,0.0316437,0.0468507,0.0702998,0.107039,0.165923,0.26371,0.436048,0.773029,1.47679,2.25843,2.68235,2.90465,3.02481,3.0868,3.11287,3.11562,3.10272,3.07915,3.04824,3.0123,2.97298,2.93146,2.88861,2.84507,2.8013,2.75768,2.71448,2.6719,2.63009,2.58914,2.54916,2.5102,2.47232,2.43554,2.39991,2.36545,2.33217,2.30009
0.00530884,0.0112317,0.0159321,0.0229526,0.0335397,0.049676,0.0745841,0.113677,0.176515,0.281403,0.467987,0.838447,1.59373,2.33866,2.73152,2.93849,3.04999,3.10652,3.12887,3.12894,3.11405,3.08894,3.05683,3.01993,2.97983,2.93768,2.8943,2.85033,2.8062,2.76229,2.71885,2.67607,2.6341,2.59304,2.55297,2.51396,2.47606,2.43928,2.40368,2.36928,2.3361,2.30415
0.00562341,0.0118993,0.0168808,0.0243229,0.0355506,0.0526749,0.0791374,0.120745,0.187836,0.300438,0.502762,0.91072,1.71134,2.41436,2.77858,2.97126,3.07456,3.12585,3.14461,3.14209,3.12526,3.09866,3.06537,3.02753,2.98667,2.9439,2.90001,2.85562,2.81114,2.76695,2.72327,2.6803,2.63819,2.59701,2.55687,2.51781,2.4799,2.44314,2.40759,2.37327,2.34019,2.30839
0.00595662,0.0126068,0.0178862,0.0257756,0.0376836,0.0558585,0.0839774,0.128276,0.199944,0.32094,0.540702,0.990518,1.82737,2.48586,2.82372,3.00303,3.09854,3.14481,3.16011,3.15508,3.13637,3.10831,3.07387,3.03511,2.99351,2.95013,2.90574,2.86094,2.81612,2.77165,2.72775,2.68459,2.64235,2.60107,2.56086,2.52177,2.48385,2.44712,2.41164,2.37741,2.34447,2.31283
0.00630957,0.0133565,0.0189518,0.0273159,0.0399462,0.0592385,0.0891233,0.136302,0.212903,0.343048,0.582178,1.07841,1.94002,2.55351,2.86707,3.03385,3.12197,3.16343,3.17539,3.16792,3.14737,3.11789,3.08233,3.04268,3.00035,2.95637,2.9115,2.86629,2.82114,2.7764,2.73229,2.68896,2.64659,2.60522,2.56496,2.52585,2.48794,2.45125,2.41584,2.38173,2.34894,2.31749
0.00668344,0.0141509,0.0200813,0.028949,0.0423467,0.0628276,0.0945959,0.14486,0.226781,0.366918,0.627618,1.17473,2.04808,2.61763,2.90876,3.06379,3.14487,3.18172,3.19044,3.18062,3.15828,3.12741,3.09076,3.05023,3.00719,2.96263,2.91728,2.87168,2.82622,2.78122,2.73689,2.69341,2.65092,2.60947,2.56916,2.53004,2.49216,2.45553,2.42022,2.38624,2.35362,2.32239
0.00707946,0.0149927,0.0212785,0.0306807,0.0448935,0.0666392,0.100417,0.153988,0.241655,0.392727,0.677508,1.2794,2.15085,2.67853,2.94894,3.09291,3.16728,3.19969,3.2053,3.19317,3.16909,3.13688,3.09916,3.05777,3.01404,2.96891,2.9231,2.87712,2.83135,2.7861,2.74158,2.69795,2.65535,2.61383,2.57349,2.53437,2.49653,2.45998,2.42478,2.39095,2.35853,2.32755
0.00749894,0.0158849,0.0225475,0.032517,0.0475959,0.0706879,0.106611,0.163728,0.257609,0.420672,0.7324,1.39175,2.24812,2.73649,2.98769,3.12125,3.18923,3.21737,3.21995,3.20561,3.17983,3.1463,3.10754,3.06531,3.0209,2.97522,2.92896,2.88261,2.83654,2.79105,2.74634,2.70258,2.65988,2.61831,2.57794,2.53885,2.50106,2.4646,2.42954,2.39588,2.36368,2.33298
0.00794328,0.0168304,0.0238927,0.0344644,0.0504637,0.0749891,0.113204,0.174127,0.274737,0.45098,0.792915,1.51036,2.33993,2.79175,3.02513,3.14886,3.21073,3.23476,3.23443,3.21792,3.1905,3.15568,3.1159,3.07285,3.02778,2.98156,2.93486,2.88815,2.84179,2.79608,2.7512,2.7073,2.66452,2.62291,2.58254,2.54348,2.50576,2.46942,2.43451,2.40106,2.36911,2.33872
0.00841395,0.0178324,0.0253188,0.0365298,0.0535074,0.0795595,0.120222,0.185236,0.293143,0.483908,0.859735,1.63316,2.4265,2.84454,3.06135,3.17578,3.23182,3.25189,3.24873,3.23012,3.2011,3.16503,3.12425,3.0804,3.03468,2.98794,2.94081,2.89376,2.84713,2.8012,2.75615,2.71214,2.66929,2.62764,2.58729,2.54828,2.51066,2.47444,2.43972,2.4065,2.37484,2.3448
0.00891251,0.0188943,0.0268307,0.0387204,0.0567381,0.0844167,0.127696,0.197109,0.312941,0.519746,0.93359,1.75763,2.50817,2.89507,3.09643,3.20206,3.25251,3.26877,3.26287,3.24222,3.21163,3.17434,3.13259,3.08797,3.04162,2.99436,2.94682,2.89944,2.85254,2.80641,2.76122,2.7171,2.67419,2.63253,2.5922,2.55326,2.51575,2.4797,2.44518,2.41222,2.38089,2.35125
0.00944061,0.0200199,0.0284335,0.041044,0.0601678,0.0895799,0.135659,0.209806,0.33426,0.558829,1.01522,1.88128,2.5853,2.94352,3.13044,3.22772,3.27283,3.28542,3.27686,3.25423,3.22212,3.18363,3.14094,3.09556,3.04859,3.00084,2.9529,2.9052,2.85805,2.81172,2.76639,2.72219,2.67923,2.63757,2.59729,2.55844,2.52107,2.4852,2.45092,2.41826,2.3873,2.3581
0.01,0.0212129,0.030133,0.043509,0.0638092,0.0950695,0.144146,0.223394,0.357245,0.601539,1.10528,2.00199,2.65824,2.99004,3.16346,3.25282,3.2928,3.30184,3.29072,3.26615,3.23256,3.19291,3.14929,3.10317,3.05561,3.00737,2.95904,2.91104,2.86365,2.81715,2.77169,2.72741,2.68443,2.64279,2.60257,2.56384,2.52662,2.49097,2.45696,2.42464,2.39409,2.3654
0.0105925,0.0224774,0.031935,0.046124,0.0676758,0.100907,0.153194,0.237944,0.382056,0.648314,1.20427,2.11822,2.72737,3.03481,3.19555,3.27738,3.31244,3.31805,3.30444,3.278,3.24296,3.20218,3.15766,3.11082,3.06267,3.01397,2.96527,2.91697,2.86936,2.82269,2.77713,2.73279,2.6898,2.6482,2.60807,2.56946,2.53244,2.49703,2.46333,2.4314,2.40132,2.37319
0.0112202,0.0238177,0.0338457,0.0488987,0.0717824,0.107118,0.162845,0.253538,0.408875,0.699653,1.31228,2.22907,2.793,3.07794,3.22677,3.30143,3.33176,3.33407,3.31804,3.28978,3.25333,3.21145,3.16605,3.1185,3.0698,3.02065,2.97159,2.92301,2.87518,2.82837,2.78271,2.73833,2.69535,2.65381,2.61379,2.57535,2.53854,2.50342,2.47007,2.43857,2.40901,2.38153
0.011885,0.0252386,0.035872,0.051843,0.0761445,0.113725,0.173143,0.270263,0.437908,0.756126,1.42885,2.33414,2.85544,3.11956,3.25718,3.325,3.3508,3.34991,3.33153,3.3015,3.26368,3.22072,3.17447,3.12624,3.07698,3.0274,2.978,2.92915,2.88113,2.83419,2.78845,2.74405,2.7011,2.65964,2.61975,2.58151,2.54495,2.51015,2.4772,2.44619,2.41724,2.39048
0.0125893,0.0267448,0.0380209,0.0549675,0.0807788,0.120758,0.184138,0.288216,0.469387,0.818377,1.55275,2.43339,2.91497,3.15978,3.28683,3.34813,3.36956,3.36558,3.34493,3.31317,3.27402,3.23001,3.18293,3.13403,3.08425,3.03425,2.98451,2.93542,2.88722,2.84016,2.79437,2.74996,2.70706,2.66571,2.62599,2.58797,2.55171,2.51727,2.48478,2.45432,2.42604,2.40011
0.0133352,0.0283415,0.0403001,0.0582838,0.0857031,0.128246,0.195882,0.307505,0.503578,0.887123,1.68199,2.52702,2.97183,3.1987,3.31577,3.37084,3.38806,3.3811,3.35824,3.32481,3.28435,3.23932,3.19143,3.14189,3.0916,3.04119,2.99115,2.94183,2.89346,2.8463,2.80047,2.75609,2.71326,2.67204,2.63252,2.59475,2.55883,2.52481,2.49283,2.463,2.43549,2.41051
0.0141254,0.0300344,0.0427175,0.061804,0.0909367,0.13622,0.208434,0.328253,0.540782,0.96314,1.81397,2.61535,3.02626,3.23642,3.34405,3.39315,3.40633,3.39647,3.37147,3.33641,3.29469,3.24867,3.19999,3.14983,3.09904,3.04825,2.99791,2.94837,2.89987,2.85263,2.80678,2.76244,2.71971,2.67866,2.63936,2.6019,2.56636,2.53281,2.50142,2.4723,2.44567,2.42177
0.0149624,0.0318292,0.0452819,0.0655411,0.0965002,0.144715,0.221857,0.350591,0.581344,1.04723,1.94598,2.69875,3.07845,3.27302,3.37169,3.41509,3.42437,3.41172,3.38463,3.34799,3.30504,3.25805,3.20861,3.15784,3.10658,3.05542,3.00481,2.95508,2.90645,2.85915,2.81331,2.76903,2.72644,2.68559,2.64656,2.60944,2.57434,2.54133,2.5106,2.4823,2.45667,2.43401
0.0158489,0.0337322,0.0480023,0.069509,0.102416,0.153769,0.236221,0.374671,0.625659,1.14016,2.07554,2.77763,3.1286,3.30858,3.39876,3.43669,3.44221,3.42685,3.39774,3.35956,3.31542,3.26749,3.21731,3.16596,3.11424,3.06273,3.01187,2.96196,2.91322,2.86589,2.82008,2.7759,2.73347,2.69285,2.65413,2.61742,2.58281,2.55041,2.52043,2.49307,2.46858,2.44737
0.016788,0.0357501,0.0508886,0.0737227,0.108707,0.163422,0.251603,0.400661,0.67418,1.24255,2.20082,2.85237,3.17685,3.34317,3.42528,3.45797,3.45987,3.44188,3.41081,3.37113,3.32582,3.27699,3.22609,3.17418,3.12203,3.07019,3.01909,2.96902,2.92021,2.87286,2.82711,2.78306,2.74083,2.70048,2.66213,2.62587,2.59182,2.56013,2.53101,2.5047,2.48155,2.46201
0.0177828,0.03789,0.0539511,0.0781979,0.115399,0.173719,0.268086,0.428752,0.727426,1.35467,2.32062,2.92332,3.22337,3.37686,3.45129,3.47895,3.47735,3.45682,3.42385,3.38271,3.33628,3.28656,3.23496,3.18252,3.12995,3.07781,3.02649,2.97629,2.92742,2.88009,2.83443,2.79054,2.74855,2.70852,2.67058,2.63484,2.60144,2.57054,2.54241,2.51733,2.49572,2.47815
0.0188365,0.0401593,0.0572009,0.0829519,0.12252,0.184707,0.285765,0.459157,0.785993,1.47626,2.43438,2.99083,3.26828,3.40971,3.47682,3.49966,3.49467,3.47168,3.43687,3.39431,3.34678,3.29621,3.24395,3.19099,3.13803,3.0856,3.03409,2.98378,2.93488,2.8876,2.84206,2.79836,2.75666,2.717,2.67954,2.64439,2.61173,2.58175,2.55475,2.53109,2.51127,2.49603
0.0199526,0.0425661,0.0606499,0.0880027,0.130099,0.196437,0.304742,0.492119,0.850554,1.60627,2.54195,3.0552,3.31172,3.44177,3.50191,3.52011,3.51186,3.48648,3.44988,3.40595,3.35736,3.30596,3.25306,3.1996,3.14627,3.09358,3.0419,2.99151,2.94261,2.89541,2.85002,2.80657,2.7652,2.72598,2.68905,2.65459,2.62277,2.59384,2.56814,2.54613,2.52843,2.51598
0.0211349,0.0451188,0.0643108,0.0933699,0.138169,0.208968,0.325131,0.527916,0.921865,1.74281,2.64348,3.1167,3.35379,3.47311,3.52659,3.54033,3.52893,3.50124,3.4629,3.41764,3.36802,3.31582,3.2623,3.20837,3.1547,3.10177,3.04995,2.99951,2.95064,2.90355,2.85836,2.8152,2.77421,2.73549,2.69919,2.66551,2.63466,2.60693,2.58275,2.56267,2.54749,2.5384
0.0223872,0.0478266,0.0681969,0.0990746,0.146764,0.222361,0.347059,0.566863,1.00076,1.88322,2.7393,3.17559,3.3946,3.50377,3.55089,3.56033,3.54589,3.51596,3.47593,3.42938,3.37877,3.3258,3.27169,3.21732,3.16333,3.11019,3.05825,3.00779,2.95898,2.91205,2.8671,2.82428,2.78374,2.74559,2.71001,2.67722,2.64749,2.62115,2.59875,2.58095,2.56879,2.56383
0.0237137,0.0506991,0.0723228,0.105139,0.155921,0.236685,0.370669,0.60932,1.08811,2.02456,2.82979,3.23208,3.43424,3.5338,3.57484,3.58015,3.56277,3.53067,3.489,3.44121,3.38963,3.33591,3.28124,3.22646,3.17218,3.11885,3.06684,3.01638,2.96768,2.92094,2.87629,2.83387,2.79385,2.75635,2.7216,2.68984,2.66139,2.63668,2.61635,2.60128,2.59279,2.59299
0.0251189,0.0537466,0.0767038,0.111588,0.165681,0.252012,0.396119,0.655701,1.18479,2.16404,2.91537,3.28639,3.4728,3.56326,3.59847,3.5998,3.57957,3.54537,3.50212,3.45312,3.40061,3.34619,3.29098,3.23581,3.18126,3.12779,3.07572,3.02532,2.97676,2.93026,2.88596,2.84401,2.80459,2.76785,2.73405,2.70347,2.67652,2.65371,2.63585,2.62406,2.6201,2.62683
0.0266073,0.05698,0.0813564,0.118446,0.176088,0.268426,0.423587,0.706483,1.29155,2.29945,2.99648,3.33869,3.51036,3.59217,3.62181,3.61931,3.59632,3.56009,3.51531,3.46513,3.41173,3.35663,3.30092,3.24539,3.19061,3.13702,3.08494,3.03462,2.98626,2.94006,2.89617,2.85476,2.81604,2.78017,2.74746,2.71826,2.69305,2.67249,2.65758,2.6498,2.65151,2.6667
0.0281838,0.0604112,0.0862982,0.125743,0.187188,0.286017,0.453275,0.762211,1.40883,2.42932,3.0735,3.38916,3.54699,3.62059,3.64488,3.63869,3.61304,3.57484,3.52858,3.47727,3.42301,3.36726,3.31108,3.25522,3.20025,3.14658,3.09452,3.04434,2.99622,2.95037,2.90697,2.8662,2.82827,2.79341,2.76197,2.73437,2.71121,2.69331,2.68198,2.67918,2.68813,2.71454
0.0298538,0.0640525,0.0915481,0.133508,0.199035,0.304884,0.485408,0.823513,1.53655,2.55287,3.14681,3.43794,3.58278,3.64855,3.66772,3.65796,3.62975,3.58964,3.54194,3.48954,3.43446,3.3781,3.32148,3.26533,3.2102,3.15648,3.1045,3.0545,3.00668,2.96126,2.91843,2.87838,2.84138,2.80769,2.77772,2.75199,2.73125,2.71657,2.70964,2.7131,2.73151,2.77302
0.0316228,0.0679172,0.0971264,0.141773,0.211684,0.325138,0.520245,0.891104,1.67386,2.66984,3.21674,3.48517,3.61777,3.67609,3.69034,3.67715,3.64645,3.6045,3.55542,3.50198,3.44611,3.38918,3.33215,3.27575,3.22049,3.16677,3.11491,3.06515,3.01769,2.97278,2.93061,2.89141,2.85548,2.82315,2.79489,2.77137,2.75353,2.74276,2.7413,2.75282,2.78381,2.84571
0.0334965,0.0720197,0.103055,0.150574,0.225197,0.3469,0.558079,0.965794,1.81894,2.78033,3.28361,3.53099,3.65205,3.70326,3.71278,3.69628,3.66318,3.61946,3.56904,3.51459,3.45798,3.40051,3.34312,3.2865,3.23116,3.17749,3.1258,3.07634,3.02932,2.98501,2.94361,2.90539,2.8707,2.83994,2.8137,2.79281,2.77847,2.77252,2.77801,2.80011,2.84808,2.93597
0.0354813,0.076375,0.109356,0.159948,0.239641,0.370307,0.599242,1.04848,1.9691,2.88466,3.34768,3.57549,3.68565,3.73009,3.73507,3.71538,3.67996,3.63452,3.58281,3.52741,3.47009,3.41212,3.3544,3.29761,3.24223,3.18866,3.1372,3.08812,3.04163,2.99801,2.9575,2.92042,2.88718,2.85827,2.83442,2.81668,2.80662,2.80672,2.82121,2.85745,2.928,3.04291
0.0375837,0.0809993,0.116056,0.169937,0.255089,0.395511,0.64412,1.14013,2.12115,2.98323,3.40921,3.6188,3.71865,3.75661,3.75722,3.73446,3.69681,3.64971,3.59677,3.54045,3.48246,3.42403,3.36604,3.30911,3.25376,3.20035,3.14919,3.10056,3.05468,3.01188,2.97241,2.93666,2.90511,2.87838,2.85738,2.84346,2.83872,2.84654,2.87289,2.92815,3.02607,3.15663
0.0398107,0.0859101,0.123181,0.180584,0.271623,0.422683,0.693152,1.24172,2.27196,3.07651,3.46842,3.661,3.75109,3.78286,3.77928,3.75355,3.71374,3.66505,3.61092,3.55374,3.49514,3.43629,3.37806,3.32106,3.26578,3.21259,3.16181,3.11372,3.06858,3.02672,2.98847,2.95427,2.92471,2.90056,2.883,2.87379,2.87574,2.89362,2.93586,3.01584,3.13854,3.26409
0.0421697,0.0911259,0.130759,0.191938,0.289332,0.452012,0.746845,1.35413,2.41894,3.16496,3.52553,3.7022,3.78304,3.80888,3.80127,3.77268,3.73079,3.68056,3.62531,3.56731,3.50813,3.44892,3.3905,3.33348,3.27834,3.22545,3.17513,3.12768,3.0834,3.04265,3.00582,2.97344,2.94624,2.92519,2.91181,2.90847,2.91904,2.95024,3.01368,3.12148,3.25324,3.35923
0.0446684,0.0966666,0.138823,0.204051,0.308312,0.483715,0.805783,1.478,2.5603,3.24901,3.58072,3.74248,3.81453,3.8347,3.82322,3.79187,3.74798,3.69629,3.63996,3.58118,3.52148,3.46196,3.40341,3.34643,3.2915,3.23898,3.18923,3.14255,3.09927,3.05981,3.02465,2.99441,2.97002,2.95273,2.94453,2.94863,2.97047,3.01952,3.10951,3.23816,3.35885,3.44221
0.0473151,0.102553,0.147405,0.21698,0.328672,0.518036,0.870639,1.61344,2.69504,3.32908,3.63415,3.78192,3.84561,3.86036,3.84515,3.81116,3.76534,3.71224,3.65489,3.5954,3.53523,3.47545,3.41683,3.35996,3.30531,3.25327,3.20419,3.15842,3.11631,3.07838,3.04517,3.01749,2.99648,2.98379,2.98209,2.99581,3.03263,3.10509,3.22208,3.35272,3.45178,3.51513
0.0501187,0.108809,0.156542,0.230787,0.350532,0.555251,0.942184,1.75974,2.82279,3.40554,3.68599,3.8206,3.87635,3.8859,3.8671,3.83056,3.7829,3.72846,3.67015,3.61,3.54941,3.48943,3.43081,3.37413,3.31986,3.2684,3.22012,3.17541,3.13469,3.09855,3.06766,3.04304,3.02614,3.01916,3.02576,3.05214,3.10892,3.20916,3.34154,3.45627,3.53312,3.58009
0.0530884,0.115458,0.166272,0.245539,0.374025,0.595675,1.0213,1.91516,2.94358,3.47874,3.73638,3.85859,3.90677,3.91134,3.88911,3.85012,3.80069,3.74497,3.68576,3.62501,3.56407,3.50396,3.44542,3.38901,3.33521,3.28445,3.23713,3.19367,3.15459,3.12056,3.09245,3.07152,3.05968,3.05992,3.07729,3.12051,3.20281,3.32765,3.45515,3.54723,3.60504,3.63879
0.0562341,0.122527,0.176638,0.261311,0.399299,0.63967,1.10896,2.07695,3.05773,3.54898,3.78545,3.89597,3.93694,3.93674,3.91121,3.86986,3.81874,3.76181,3.70177,3.64048,3.57926,3.5191,3.4607,3.40467,3.35146,3.30154,3.25535,3.21338,3.17622,3.14471,3.11993,3.10351,3.09801,3.10751,3.13911,3.20452,3.31488,3.44856,3.55667,3.62722,3.66953,3.6925
0.0595662,0.130044,0.187685,0.278183,0.426519,0.687649,1.20625,2.24166,3.16568,3.61656,3.83332,3.9328,3.9669,3.96213,3.93342,3.88982,3.83709,3.77903,3.71822,3.65646,3.59503,3.53489,3.47675,3.42119,3.36872,3.3198,3.27495,3.23473,3.19986,3.17136,3.15063,3.1398,3.14234,3.16393,3.21442,3.3071,3.438,3.56076,3.64593,3.69841,3.72813,3.74217
0.0630957,0.138038,0.199462,0.296244,0.45587,0.740089,1.31428,2.40576,3.26794,3.68171,3.88011,3.96915,3.9967,3.98754,3.95579,3.91004,3.85578,3.79666,3.73515,3.673,3.61145,3.55142,3.49363,3.43868,3.38709,3.33937,3.2961,3.25797,3.22583,3.20097,3.18521,3.18142,3.19432,3.23191,3.30683,3.42654,3.55928,3.66039,3.72488,3.76264,3.78203,3.78856
0.0668344,0.146544,0.212024,0.315592,0.487562,0.79754,1.43411,2.56626,3.36501,3.74469,3.92593,4.00508,4.02638,4.01303,3.97837,3.93056,3.87486,3.81475,3.75263,3.69016,3.62857,3.56876,3.51145,3.45725,3.40672,3.36044,3.31905,3.28339,3.25454,3.23413,3.22456,3.22973,3.25623,3.31492,3.41821,3.55295,3.66988,3.74828,3.79559,3.82133,3.83211,3.83223
0.0707946,0.155595,0.225429,0.336335,0.521831,0.860639,1.56654,2.72104,3.45738,3.80569,3.97088,4.04067,4.05599,4.03863,4.00118,3.95142,3.89437,3.83336,3.7707,3.70801,3.64648,3.587,3.53031,3.47703,3.42777,3.38319,3.34405,3.31136,3.2865,3.27158,3.26983,3.28664,3.33112,3.41632,3.54406,3.67384,3.76788,3.82648,3.85978,3.87559,3.87907,3.87366
0.0749894,0.165231,0.23974,0.358593,0.558941,0.930122,1.71188,2.86886,3.54551,3.86492,4.01507,4.07597,4.08559,4.06439,4.02429,3.97268,3.91435,3.85253,3.78943,3.72662,3.66526,3.60625,3.55033,3.49817,3.45044,3.40789,3.37144,3.34234,3.32238,3.31433,3.32262,3.35472,3.4226,3.53627,3.6725,3.78285,3.85472,3.89698,3.91876,3.92624,3.92347,3.91321
0.0794328,0.175491,0.255026,0.382497,0.599197,1.00684,1.86958,3.00922,3.62983,3.92255,4.05858,4.11104,4.11523,4.09036,4.04773,3.99437,3.93488,3.87234,3.80889,3.74607,3.68501,3.62662,3.57166,3.52086,3.47495,3.43483,3.40162,3.37691,3.36302,3.3637,3.38507,3.43732,3.53339,3.66733,3.79257,3.87954,3.93249,3.96135,3.97356,3.97394,3.96574,3.9512
0.0841395,0.18642,0.271363,0.408196,0.642946,1.09176,2.03795,3.14212,3.71072,3.97876,4.1015,4.14596,4.14497,4.1166,4.07156,4.01656,3.95601,3.89285,3.82917,3.76646,3.70585,3.64825,3.59447,3.54529,3.50158,3.46438,3.43511,3.4158,3.40956,3.4215,3.46008,3.53802,3.66133,3.79682,3.90019,3.96569,4.00304,4.02084,4.02495,4.01922,4.00625,3.9879
0.0891251,0.198066,0.288835,0.435853,0.690583,1.18599,2.21409,3.26788,3.78853,4.03369,4.14394,4.18079,4.17485,4.14315,4.09584,4.03932,3.9778,3.91415,3.85035,3.7879,3.7279,3.6713,3.61895,3.57174,3.53066,3.497,3.47256,3.45999,3.46352,3.49018,3.55123,3.65834,3.79636,3.91591,3.99592,4.04333,4.06784,4.07638,4.07357,4.0625,4.04531,4.02354
0.0944061,0.21048,0.307531,0.465651,0.742567,1.29075,2.39424,3.387,3.86359,4.0875,4.18597,4.21559,4.20494,4.17008,4.12062,4.0627,4.00035,3.93631,3.87255,3.8105,3.75131,3.69595,3.64534,3.60049,3.5626,3.53327,3.5148,3.51077,3.52695,3.57295,3.66178,3.79339,3.92621,4.02243,4.08174,4.11422,4.12806,4.12872,4.11991,4.10414,4.08318,4.05832
0.1,0.223719,0.327552,0.497798,0.799425,1.40732,2.57443,3.50003,3.93619,4.14033,4.22768,4.25045,4.23532,4.19745,4.14599,4.0868,4.02373,3.95945,3.89587,3.83442,3.77625,3.72241,3.67392,3.63193,3.59792,3.57391,3.56295,3.56988,3.60264,3.67353,3.79149,3.93128,4.0444,4.11761,4.15959,4.17972,4.18456,4.17846,4.1644,4.14446,4.12011,4.09245
0.105925,0.237845,0.349007,0.532524,0.861768,1.53697,2.7512,3.60753,4.0066,4.19231,4.26917,4.28541,4.26603,4.22533,4.17202,4.11168,4.04804,3.98367,3.92045,3.8598,3.80294,3.75096,3.70502,3.66652,3.63726,3.61989,3.61848,3.63966,3.69409,3.79442,3.9326,4.06114,4.1502,4.20346,4.23111,4.24092,4.23808,4.22608,4.20739,4.18371,4.1563,4.1261
0.112202,0.252922,0.372019,0.570095,0.930307,1.68072,2.92208,3.71007,4.07506,4.24357,4.31052,4.32058,4.29716,4.2538,4.19878,4.13745,4.07339,4.0091,3.94645,3.88686,3.83161,3.78189,3.73907,3.70482,3.68146,3.67247,3.68337,3.72323,3.80493,3.93304,4.07249,4.17867,4.24524,4.28188,4.29761,4.29866,4.28918,4.272,4.24918,4.22214,4.19195,4.15943
0.11885,0.269025,0.396722,0.610807,1.00587,1.8391,3.08558,3.80817,4.14182,4.29423,4.35182,4.35602,4.32879,4.28295,4.22638,4.16421,4.0999,4.0359,3.97404,3.91581,3.86254,3.8156,3.77659,3.74759,3.73161,3.73332,3.76031,3.82434,3.93642,4.07915,4.20228,4.28418,4.33155,4.35438,4.36008,4.35361,4.33834,4.31658,4.29006,4.25998,4.22727,4.19263
0.125893,0.286231,0.423266,0.655001,1.08941,2.0117,3.24111,3.90232,4.20707,4.34443,4.39317,4.39182,4.361,4.31286,4.25492,4.19209,4.12773,4.06423,4.00345,3.94691,3.89609,3.85255,3.81821,3.79575,3.78914,3.80474,3.85273,3.94622,4.08326,4.22048,4.31952,4.37955,4.4109,4.42219,4.41934,4.40635,4.38597,4.36013,4.33028,4.29745,4.26243,4.22585
0.133352,0.304629,0.451816,0.703067,1.18204,2.19683,3.38865,3.99295,4.27104,4.39428,4.43467,4.42807,4.39389,4.34365,4.28452,4.22122,4.15702,4.0943,4.03491,3.9805,3.93268,3.89331,3.86479,3.85056,3.856,3.88974,3.96451,4.08832,4.23344,4.35037,4.42525,4.46675,4.48476,4.48626,4.47605,4.45735,4.43244,4.40293,4.37007,4.33475,4.29764,4.25929
0.141254,0.324311,0.48256,0.755452,1.28503,2.39135,3.52856,4.08048,4.3339,4.44391,4.47641,4.46488,4.42757,4.37542,4.3153,4.25176,4.18798,4.12633,4.06874,4.01696,3.97284,3.93863,3.91738,3.91367,3.93478,3.9921,4.09809,4.24255,4.376,4.46781,4.52144,4.54748,4.55426,4.5474,4.53077,4.50703,4.47808,4.44527,4.40969,4.3721,4.33308,4.29313
0.149624,0.345384,0.515706,0.812675,1.3998,2.59105,3.6614,4.16528,4.39586,4.49345,4.51852,4.50235,4.46214,4.40831,4.34742,4.28388,4.22082,4.16061,4.10528,4.05676,4.01722,3.98945,3.97742,3.98729,4.02889,4.11559,4.25057,4.39615,4.50635,4.57431,4.61003,4.62311,4.62034,4.60624,4.58399,4.55576,4.52319,4.48742,4.44937,4.40972,4.36899,4.32758
0.158489,0.367961,0.55149,0.875336,1.52788,2.79141,3.78782,4.24771,4.45708,4.54302,4.5611,4.54059,4.49775,4.44247,4.38106,4.31781,4.2558,4.19747,4.14497,4.1005,4.06667,4.04701,4.0468,4.0744,4.14236,4.26137,4.4114,4.54001,4.62458,4.6719,4.69262,4.69476,4.68378,4.66337,4.63613,4.60391,4.56808,4.52963,4.48937,4.44787,4.40559,4.36289
0.16788,0.39217,0.590176,0.944134,1.6708,2.98847,3.90846,4.32809,4.51776,4.59276,4.60428,4.57975,4.53453,4.47806,4.41642,4.35378,4.29323,4.2373,4.18834,4.14891,4.12224,4.11293,4.12808,4.17879,4.27859,4.42384,4.5681,4.67137,4.73249,4.76242,4.77053,4.76333,4.74523,4.71926,4.6876,4.65182,4.61307,4.57221,4.52995,4.4868,4.44315,4.39934
0.177828,0.418151,0.632066,1.01989,1.8299,3.17933,4.02399,4.40671,4.57807,4.64282,4.6482,4.61996,4.57264,4.51528,4.45372,4.39208,4.33349,4.2806,4.23607,4.20296,4.18536,4.1894,4.22463,4.30467,4.43692,4.59067,4.71363,4.79107,4.8321,4.84746,4.84486,4.82959,4.80527,4.7744,4.7388,4.69982,4.65846,4.61545,4.57143,4.52682,4.482,4.43724
0.188365,0.446059,0.677502,1.10355,2.00595,3.36233,4.13501,4.48388,4.63818,4.69335,4.693,4.66138,4.61228,4.55434,4.49324,4.43307,4.37701,4.32798,4.289,4.26387,4.25792,4.27936,4.34065,4.45466,4.60896,4.75051,4.84669,4.90111,4.92523,4.92827,4.91651,4.89423,4.86444,4.82921,4.79011,4.74829,4.7046,4.65971,4.61414,4.5683,4.5225,4.47701
0.199526,0.476069,0.726879,1.19625,2.19869,3.5368,4.24209,4.55987,4.69829,4.7445,4.73886,4.70421,4.65366,4.59551,4.53531,4.47714,4.42436,4.38017,4.34821,4.33326,4.34243,4.38665,4.48033,4.62578,4.7815,4.89831,4.96869,5.00351,5.0134,5.00595,4.98626,4.95785,4.92324,4.88416,4.84196,4.79762,4.7519,4.70537,4.65851,4.61166,4.56513,4.51913
0.211349,0.508373,0.780648,1.29929,2.40633,3.70277,4.34576,4.63495,4.75858,4.79645,4.78595,4.74865,4.69703,4.6391,4.58031,4.52481,4.4762,4.43815,4.41511,4.41332,4.44228,4.51584,4.64508,4.80708,4.94485,5.03395,5.08171,5.10003,5.09786,5.08141,5.05483,5.02105,4.98218,4.93971,4.89478,4.84826,4.80081,4.75291,4.70503,4.65745,4.61045,4.56426
0.223872,0.543189,0.839329,1.41419,2.62535,3.8607,4.44653,4.70938,4.81926,4.8494,4.83448,4.79494,4.74267,4.68545,4.62869,4.5767,4.53341,4.50316,4.49159,4.50697,4.56181,4.67085,4.82919,4.98541,5.09581,5.1592,5.1878,5.19219,5.17973,5.15549,5.1229,5.08442,5.04182,4.99638,4.9491,4.90074,4.85186,4.80292,4.75432,4.70634,4.65923,4.61321
0.237137,0.580763,0.903531,1.54267,2.85089,4.01127,4.54485,4.78343,4.88054,4.90355,4.88469,4.84335,4.79092,4.735,4.68104,4.63357,4.59707,4.57683,4.58018,4.61813,4.70593,4.85138,5.01972,5.15303,5.23509,5.27626,5.28869,5.28126,5.25997,5.22898,5.19116,5.14857,5.10274,5.05477,5.00552,4.95568,4.90574,4.85612,4.8072,4.75923,4.71247,4.66713
0.251189,0.621368,0.97396,1.68663,3.07768,4.15525,4.64118,4.85737,4.94265,4.95915,4.93685,4.89421,4.8422,4.78828,4.73804,4.69641,4.66862,4.66135,4.68428,4.7517,4.878,5.04879,5.20437,5.30827,5.36479,5.38715,5.38594,5.36841,5.3395,5.30267,5.26031,5.21419,5.16562,5.11556,5.06478,5.01388,4.96332,4.91348,4.86472,4.81732,4.77153,4.7276
0.266073,0.665319,1.05145,1.84801,3.30113,4.29344,4.73593,4.93148,5.00584,5.01645,4.99126,4.9479,4.89697,4.84592,4.80058,4.76647,4.74995,4.75966,4.80843,4.91283,5.07543,5.24893,5.3774,5.45254,5.48716,5.49368,5.48088,5.45471,5.41924,5.37738,5.33115,5.28206,5.23128,5.17963,5.12781,5.07636,5.02572,4.97626,4.92835,4.88229,4.83836,4.7969
0.281838,0.712972,1.13697,2.02857,3.51798,4.42664,4.82952,5.00605,5.07039,5.07577,5.04829,5.00487,4.95583,4.90872,4.86979,4.84542,4.84361,4.87578,4.95819,5.10392,5.28677,5.44095,5.53841,5.58817,5.60431,5.59745,5.57479,5.54123,5.50015,5.45403,5.40459,5.35315,5.30073,5.24808,5.19582,5.14449,5.09451,5.04625,5.00015,4.95653,4.9158,4.87836
0.298538,0.764735,1.23168,2.22946,3.72645,4.5556,4.92235,5.0814,5.1366,5.13745,5.10837,5.06566,5.01951,4.97768,4.9471,4.93546,4.95309,5.01499,5.13882,5.31964,5.49746,5.62097,5.68938,5.71753,5.71813,5.69995,5.6689,5.62908,5.5833,5.5337,5.48176,5.42865,5.37529,5.32236,5.27047,5.22014,5.17184,5.12598,5.08308,5.04358,5.00801,4.97695
0.316228,0.821079,1.33696,2.45058,3.92589,4.68104,5.01484,5.15785,5.20482,5.2019,5.17199,5.13094,5.0889,5.05409,5.03445,5.0396,5.08312,5.18357,5.3513,5.54604,5.69846,5.7897,5.83287,5.84286,5.83038,5.80265,5.76456,5.71953,5.66996,5.61771,5.56408,5.51013,5.45671,5.40448,5.35406,5.306,5.26087,5.21916,5.18154,5.14859,5.12097,5.09923
0.334965,0.882547,1.45443,2.6899,4.1165,4.80366,5.10741,5.23578,5.27546,5.26961,5.23979,5.20153,5.16515,5.13964,5.13443,5.16196,5.23992,5.38677,5.58718,5.76893,5.88766,5.94961,5.97146,5.96625,5.94281,5.90711,5.86322,5.81406,5.7617,5.70776,5.65344,5.59972,5.54744,5.49727,5.4499,5.40598,5.36619,5.33119,5.30173,5.27838,5.26143,5.25047
0.354813,0.949772,1.58598,2.94324,4.29893,4.92412,5.20049,5.3156,5.34897,5.34114,5.31251,5.27846,5.24976,5.23657,5.25062,5.30823,5.43064,5.62365,5.83053,5.98131,6.06671,6.10357,6.10763,6.08976,6.05726,6.01508,5.96668,5.91457,5.86056,5.80615,5.75245,5.70043,5.65098,5.60484,5.56282,5.52572,5.49429,5.46915,5.45065,5.43834,5.43069,5.42512
0.375837,1.02349,1.73384,3.20472,4.47412,5.04306,5.29456,5.39777,5.42592,5.4172,5.39109,5.36306,5.34469,5.34796,5.38798,5.48584,5.66038,5.88238,6.06824,6.18268,6.23862,6.25451,6.24384,6.21559,6.17581,6.12869,6.07719,6.02352,5.96934,5.91606,5.8648,5.81659,5.77241,5.73312,5.69962,5.67264,5.65249,5.63869,5.62974,5.6229,5.6151,5.60392
0.398107,1.10459,1.90049,3.46806,4.64308,5.16115,5.39011,5.48284,5.50694,5.49864,5.4767,5.45704,5.45259,5.4781,5.55342,5.70304,5.92568,6.1457,6.29544,6.37565,6.40675,6.40537,6.38272,6.34625,6.30104,6.25067,6.19777,6.14434,6.09197,6.04209,5.99587,5.95445,5.91889,5.88994,5.86805,5.85281,5.84256,5.83447,5.8254,5.81275,5.79511,5.7722
0.421697,1.19408,2.08856,3.72797,4.80687,5.27904,5.48773,5.57143,5.59283,5.58653,5.57088,5.56272,5.57714,5.63308,5.75602,5.9646,6.21124,6.40217,6.51324,6.56394,6.57461,6.5593,6.5273,6.48483,6.43625,6.38471,6.33262,6.2819,6.23414,6.19084,6.15323,6.12233,6.09872,6.08198,6.0705,6.06138,6.0512,6.03716,6.01788,5.99295,5.96278,5.92809
0.446684,1.29322,2.30054,3.98091,4.96659,5.39743,5.58804,5.66429,5.68457,5.68223,5.67564,5.68325,5.72357,5.82147,6.00556,6.26399,6.49922,6.64922,6.72537,6.75172,6.74604,6.72001,6.68135,6.63541,6.58601,6.53604,6.48781,6.44324,6.40391,6.37122,6.34589,6.32772,6.3152,6.30519,6.29413,6.27906,6.25829,6.2314,6.1989,6.16153,6.12016,6.07562
0.473151,1.40347,2.53818,4.22513,5.12327,5.51704,5.69179,5.76232,5.78337,5.7875,5.79368,5.82308,5.89946,6.05471,6.30639,6.58245,6.78045,6.88975,6.93667,6.94364,6.92554,6.8921,6.84991,6.80365,6.75682,6.71218,6.67197,6.63793,6.61114,6.59178,6.57834,6.56776,6.55628,6.54047,6.51851,6.48995,6.45521,6.41511,6.37072,6.32291,6.27251,6.22021
0.501187,1.52661,2.80159,4.4603,5.278,5.63868,5.79984,5.86664,5.8908,5.90469,5.92881,5.98869,6.11581,6.34487,6.64825,6.90241,7.05499,7.1291,7.15278,7.14522,7.11882,7.08183,7.04001,6.99764,6.95797,6.92353,6.89599,6.87588,6.86194,6.8513,6.83981,6.82381,6.8012,6.77126,6.73449,6.69186,6.64444,6.59327,6.53934,6.48339,6.42609,6.36798
0.530884,1.66481,3.08833,4.68705,5.43185,5.76326,5.91324,5.97864,6.00891,6.03704,6.08647,6.18975,6.38761,6.69601,7.00908,7.21776,7.32816,7.3741,7.38058,7.36362,7.33372,7.29804,7.26178,7.22876,7.20162,7.1816,7.16803,7.15807,7.14738,7.13202,7.10936,7.07862,7.04031,6.99536,6.94508,6.89068,6.83321,6.77352,6.7125,6.65072,6.58868,6.52682
0.562341,1.82063,3.39303,4.90652,5.58595,5.89181,6.03326,6.10014,6.14047,6.18912,6.27485,6.44088,6.73082,7.0934,7.37283,7.53214,7.60804,7.63331,7.62903,7.60871,7.58135,7.55328,7.52883,7.51048,7.49844,7.49033,7.48181,7.46833,7.44674,7.41616,7.37691,7.33019,7.2775,7.22008,7.15927,7.09613,7.03154,6.9662,6.90085,6.83595,6.77194,6.70919
