,0.343376,0.393362,0.421925,0.443347,0.493333,0.521896,0.571882,0.593304,0.64329,0.671853,0.700416,0.764683,0.793246,0.82895,0.864654,0.900358,0.936062,0.978907,1.01699,1.05508,1.10268,1.15029,1.19789,1.2455,1.30262,1.35975,1.41688,1.474,1.53589,1.59302,1.66442,1.73583,1.80724,1.87865,1.96434,2.05003,2.13572,2.22141,2.32138,2.40707,2.52132,2.62129,2.73554,2.8498,2.96405,3.09258,3.22112,3.36393,3.49247,3.64957,3.79238,3.96376,4.12086,4.29224,4.4779,4.66356,4.8635,5.06344,5.26339,5.49189,5.7204,5.97747,6.23454,6.4916,6.74867,7.03431,7.3485,7.63413,7.97689,8.29109,8.66241,9.00517,9.40505,9.77637,10.2048,10.6333,11.0903,11.5473
1e-08,0.025635,4.61278,4.43729,1.81427,0.198728,0.0577466,0.00670811,0.00339237,0.00074202,0.000397557,0.000229067,8.18171e-05,5.09966e-05,3.35981e-05,2.31838e-05,1.5629e-05,1.166e-05,8.50364e-06,6.24523e-06,4.9866e-06,3.86411e-06,2.93993e-06,2.39554e-06,1.91778e-06,1.56892e-06,1.3074e-06,1.10686e-06,9.27212e-07,7.92154e-07,6.76504e-07,5.85566e-07,5.12787e-07,4.53629e-07,3.9616e-07,3.49808e-07,3.11849e-07,2.75617e-07,2.49889e-07,2.24689e-07,2.00837e-07,1.83351e-07,1.66401e-07,1.52033e-07,1.38315e-07,1.26662e-07,1.16664e-07,1.07117e-07,9.89028e-08,9.11102e-08,8.43767e-08,7.85089e-08,7.29186e-08,6.76481e-08,6.30488e-08,5.90049e-08,5.51659e-08,5.15474e-08,4.84931e-08,4.54665e-08,4.27823e-08,4.01055e-08,3.77339e-08,3.56192e-08,3.35241e-08,3.1656e-08,2.98225e-08,2.81857e-08,2.65898e-08,2.51622e-08,2.3878e-08,2.26252e-08,2.14136e-08,2.03242e-08,1.92727e-08,1.83241e-08,1.74097e-08,1.65328e-08,1.57399e-08
1.32e-08,0.0338588,6.29679,5.99433,2.56353,0.264972,0.076472,0.00885874,0.00447905,0.000979531,0.000524796,0.000302375,0.000108,6.7316e-05,4.43498e-05,3.06028e-05,2.06303e-05,1.53913e-05,1.12248e-05,8.24371e-06,6.58232e-06,5.10062e-06,3.88072e-06,3.16211e-06,2.53147e-06,2.07097e-06,1.72576e-06,1.46105e-06,1.22392e-06,1.04565e-06,8.92985e-07,7.72947e-07,6.76882e-07,5.98789e-07,5.22931e-07,4.61747e-07,4.11641e-07,3.63815e-07,3.29854e-07,2.96589e-07,2.65105e-07,2.42023e-07,2.19649e-07,2.00683e-07,1.82575e-07,1.67194e-07,1.53996e-07,1.41395e-07,1.30552e-07,1.20265e-07,1.11377e-07,1.03631e-07,9.62526e-08,8.92955e-08,8.32246e-08,7.78864e-08,7.2819e-08,6.80426e-08,6.40107e-08,6.00159e-08,5.64726e-08,5.29393e-08,4.98087e-08,4.70172e-08,4.42518e-08,4.17858e-08,3.93656e-08,3.72051e-08,3.50986e-08,3.32141e-08,3.1519e-08,2.98652e-08,2.82661e-08,2.6828e-08,2.544e-08,2.41879e-08,2.29808e-08,2.18233e-08,2.07768e-08
1.74e-08,0.0447292,7.91523,7.4309,3.64757,0.3545,0.101376,0.0117006,0.00591426,0.00129309,0.000692765,0.000399149,0.000142562,8.8858e-05,5.8542e-05,4.03958e-05,2.72321e-05,2.03165e-05,1.48167e-05,1.08817e-05,8.68867e-06,6.73283e-06,5.12255e-06,4.17399e-06,3.34154e-06,2.73368e-06,2.27801e-06,1.92858e-06,1.61557e-06,1.38025e-06,1.17874e-06,1.02029e-06,8.93482e-07,7.90405e-07,6.90271e-07,6.09507e-07,5.43368e-07,4.80234e-07,4.35406e-07,3.91498e-07,3.49939e-07,3.1947e-07,2.89937e-07,2.64901e-07,2.41e-07,2.20696e-07,2.03275e-07,1.86641e-07,1.72328e-07,1.5875e-07,1.47018e-07,1.36794e-07,1.27053e-07,1.1787e-07,1.09856e-07,1.0281e-07,9.6121e-08,8.98161e-08,8.44944e-08,7.9221e-08,7.45439e-08,6.98799e-08,6.57475e-08,6.20629e-08,5.84123e-08,5.51574e-08,5.19627e-08,4.91108e-08,4.63301e-08,4.38426e-08,4.1605e-08,3.94221e-08,3.73112e-08,3.54129e-08,3.35808e-08,3.1928e-08,3.03346e-08,2.88068e-08,2.74254e-08
2.3e-08,0.0591048,9.2165,8.56873,5.02525,0.476475,0.13458,0.0154571,0.0078102,0.00170708,0.000914513,0.000526899,0.000188185,0.000117294,7.72761e-05,5.33228e-05,3.59466e-05,2.68178e-05,1.95582e-05,1.43639e-05,1.1469e-05,8.88732e-06,6.76177e-06,5.50967e-06,4.41084e-06,3.60846e-06,3.00698e-06,2.54573e-06,2.13256e-06,1.82194e-06,1.55594e-06,1.34678e-06,1.1794e-06,1.04333e-06,9.11155e-07,8.04548e-07,7.17243e-07,6.33911e-07,5.74738e-07,5.16778e-07,4.61919e-07,4.21701e-07,3.82718e-07,3.49669e-07,3.1812e-07,2.91319e-07,2.68324e-07,2.46367e-07,2.27473e-07,2.09551e-07,1.94064e-07,1.80568e-07,1.67711e-07,1.55588e-07,1.45011e-07,1.35709e-07,1.2688e-07,1.18557e-07,1.11533e-07,1.04572e-07,9.83981e-08,9.22414e-08,8.67867e-08,8.1923e-08,7.71044e-08,7.28078e-08,6.85908e-08,6.48262e-08,6.11558e-08,5.78724e-08,5.49187e-08,5.20373e-08,4.92508e-08,4.67451e-08,4.43267e-08,4.21449e-08,4.00417e-08,3.8025e-08,3.62015e-08
3.04e-08,0.0781273,10.2219,9.44872,6.37592,0.644493,0.178995,0.0204247,0.0103154,0.00225368,0.00120726,0.000695547,0.00024841,0.00015483,0.000102006,7.03866e-05,4.74497e-05,3.53997e-05,2.58169e-05,1.89603e-05,1.51392e-05,1.17313e-05,8.92557e-06,7.27277e-06,5.82231e-06,4.76317e-06,3.96922e-06,3.36037e-06,2.81498e-06,2.40496e-06,2.05384e-06,1.77776e-06,1.5568e-06,1.3772e-06,1.20272e-06,1.062e-06,9.46765e-07,8.36764e-07,7.58654e-07,6.82148e-07,6.09733e-07,5.56644e-07,5.05188e-07,4.61563e-07,4.19916e-07,3.8454e-07,3.54187e-07,3.25203e-07,3.00264e-07,2.76606e-07,2.56164e-07,2.3835e-07,2.21378e-07,2.05377e-07,1.91414e-07,1.79136e-07,1.67482e-07,1.56496e-07,1.47223e-07,1.38035e-07,1.29885e-07,1.21759e-07,1.14558e-07,1.08138e-07,1.01778e-07,9.61062e-08,9.054e-08,8.55705e-08,8.07257e-08,7.63916e-08,7.24927e-08,6.86893e-08,6.50111e-08,6.17034e-08,5.85112e-08,5.56313e-08,5.28551e-08,5.0193e-08,4.7786e-08
4.01e-08,0.103326,11.0118,10.1437,7.46814,0.879625,0.238672,0.0269982,0.0136265,0.00297543,0.00159378,0.000918189,0.000327911,0.00020438,0.000134649,9.2911e-05,6.26339e-05,4.67277e-05,3.40784e-05,2.50277e-05,1.99837e-05,1.54853e-05,1.17817e-05,9.60001e-06,7.68545e-06,6.28739e-06,5.23936e-06,4.43567e-06,3.71576e-06,3.17454e-06,2.71106e-06,2.34663e-06,2.05498e-06,1.8179e-06,1.5876e-06,1.40184e-06,1.24972e-06,1.10452e-06,1.00142e-06,9.00431e-07,8.04847e-07,7.3477e-07,6.66845e-07,6.09263e-07,5.5429e-07,5.07595e-07,4.67525e-07,4.29267e-07,3.9635e-07,3.65122e-07,3.38136e-07,3.1462e-07,2.92219e-07,2.71097e-07,2.52667e-07,2.3646e-07,2.21076e-07,2.06574e-07,1.94334e-07,1.82205e-07,1.71449e-07,1.60721e-07,1.51217e-07,1.42742e-07,1.34346e-07,1.2686e-07,1.19512e-07,1.12953e-07,1.06558e-07,1.00837e-07,9.56902e-08,9.06696e-08,8.58145e-08,8.14484e-08,7.72347e-08,7.34331e-08,6.97685e-08,6.62546e-08,6.30774e-08
5.29e-08,0.136727,11.6493,10.7077,8.31195,1.21468,0.31934,0.0357032,0.0180048,0.00392861,0.0021041,0.00121213,0.000432861,0.000269789,0.00017774,0.000122645,8.26775e-05,6.1681e-05,4.49836e-05,3.30367e-05,2.63786e-05,2.04407e-05,1.55519e-05,1.26721e-05,1.01448e-05,8.29936e-06,6.91594e-06,5.8551e-06,4.90481e-06,4.19039e-06,3.5786e-06,3.09756e-06,2.71257e-06,2.39963e-06,2.09563e-06,1.85043e-06,1.64964e-06,1.45797e-06,1.32188e-06,1.18857e-06,1.0624e-06,9.69896e-07,8.80235e-07,8.04229e-07,7.31662e-07,6.70024e-07,6.17134e-07,5.66635e-07,5.2318e-07,4.8196e-07,4.46339e-07,4.15301e-07,3.85729e-07,3.57849e-07,3.33519e-07,3.12126e-07,2.91819e-07,2.72678e-07,2.56522e-07,2.40512e-07,2.26311e-07,2.12152e-07,1.99607e-07,1.8842e-07,1.77338e-07,1.67456e-07,1.57757e-07,1.49098e-07,1.40656e-07,1.33104e-07,1.26311e-07,1.19684e-07,1.13275e-07,1.07512e-07,1.0195e-07,9.69318e-08,9.20943e-08,8.74559e-08,8.3262e-08
6.98e-08,0.181063,12.1765,11.1763,8.97495,1.70411,0.429272,0.0472433,0.0237979,0.00518756,0.00277799,0.00160022,0.000571408,0.000356134,0.000234623,0.000161894,0.000109135,8.14197e-05,5.93788e-05,4.36087e-05,3.48199e-05,2.69818e-05,2.05286e-05,1.67272e-05,1.33912e-05,1.09552e-05,9.12908e-06,7.72871e-06,6.47438e-06,5.53133e-06,4.72376e-06,4.08878e-06,3.5806e-06,3.16752e-06,2.76623e-06,2.44258e-06,2.17752e-06,1.92453e-06,1.74488e-06,1.56892e-06,1.40237e-06,1.28027e-06,1.16191e-06,1.06158e-06,9.65798e-07,8.84432e-07,8.14618e-07,7.4796e-07,6.90601e-07,6.36186e-07,5.89169e-07,5.48196e-07,5.09163e-07,4.72361e-07,4.40247e-07,4.12008e-07,3.85203e-07,3.59935e-07,3.38608e-07,3.17474e-07,2.98733e-07,2.80041e-07,2.63481e-07,2.48715e-07,2.34086e-07,2.21041e-07,2.08238e-07,1.9681e-07,1.85667e-07,1.75698e-07,1.66731e-07,1.57984e-07,1.49524e-07,1.41916e-07,1.34574e-07,1.2795e-07,1.21565e-07,1.15442e-07,1.09906e-07
9.22e-08,0.240026,12.6214,11.5734,9.51051,2.43234,0.580765,0.0625629,0.0314678,0.0068507,0.00366794,0.00211266,0.000754313,0.000470119,0.000309711,0.000213703,0.000144061,0.000107475,7.83806e-05,5.75637e-05,4.59624e-05,3.56161e-05,2.70978e-05,2.20799e-05,1.76763e-05,1.44608e-05,1.20504e-05,1.02019e-05,8.54614e-06,7.30138e-06,6.23539e-06,5.3972e-06,4.72639e-06,4.18112e-06,3.65143e-06,3.2242e-06,2.87433e-06,2.54038e-06,2.30324e-06,2.07097e-06,1.85113e-06,1.68995e-06,1.53373e-06,1.40129e-06,1.27485e-06,1.16745e-06,1.0753e-06,9.87305e-07,9.11591e-07,8.39766e-07,7.77704e-07,7.23618e-07,6.72095e-07,6.23514e-07,5.81125e-07,5.4385e-07,5.08466e-07,4.75114e-07,4.46963e-07,4.19067e-07,3.94327e-07,3.69654e-07,3.47795e-07,3.28304e-07,3.08992e-07,2.91775e-07,2.74875e-07,2.59788e-07,2.45079e-07,2.31922e-07,2.20085e-07,2.08537e-07,1.97371e-07,1.87329e-07,1.77637e-07,1.68894e-07,1.60466e-07,1.52384e-07,1.45076e-07
1.22e-07,0.318638,13.0031,11.9155,9.95416,3.47946,0.792749,0.0829377,0.0416335,0.00904839,0.0048434,0.00278934,0.000995789,0.000620596,0.000408836,0.000282096,0.000190165,0.000141869,0.000103464,7.59847e-05,6.06708e-05,4.70135e-05,3.57692e-05,2.91456e-05,2.33329e-05,1.90884e-05,1.59066e-05,1.34666e-05,1.12809e-05,9.63783e-06,8.23067e-06,7.12433e-06,6.23882e-06,5.5191e-06,4.8199e-06,4.25595e-06,3.79412e-06,3.3533e-06,3.04028e-06,2.73368e-06,2.44349e-06,2.23074e-06,2.02452e-06,1.8497e-06,1.68281e-06,1.54104e-06,1.41939e-06,1.30325e-06,1.2033e-06,1.10849e-06,1.02657e-06,9.55179e-07,8.87165e-07,8.2304e-07,7.67085e-07,7.17882e-07,6.71176e-07,6.27151e-07,5.89991e-07,5.5317e-07,5.20512e-07,4.87944e-07,4.59089e-07,4.33361e-07,4.07871e-07,3.85143e-07,3.62836e-07,3.42921e-07,3.23505e-07,3.06136e-07,2.90513e-07,2.7527e-07,2.60529e-07,2.47274e-07,2.34481e-07,2.2294e-07,2.11815e-07,2.01146e-07,1.91501e-07
1.61e-07,0.423786,13.3351,12.214,10.3294,4.73023,1.09583,0.110103,0.0551244,0.0119534,0.0063963,0.00368304,0.0013146,0.000819255,0.000539693,0.000372382,0.000251023,0.00018727,0.000136574,0.000100301,8.00862e-05,6.20583e-05,4.72156e-05,3.84724e-05,3.07995e-05,2.51968e-05,2.09968e-05,1.7776e-05,1.48909e-05,1.27219e-05,1.08645e-05,9.4041e-06,8.23527e-06,7.2852e-06,6.36228e-06,5.61788e-06,5.00825e-06,4.42638e-06,4.01318e-06,3.60847e-06,3.22541e-06,2.94458e-06,2.67237e-06,2.44161e-06,2.22131e-06,2.03417e-06,1.8736e-06,1.72029e-06,1.58836e-06,1.46321e-06,1.35507e-06,1.26084e-06,1.17106e-06,1.08642e-06,1.01255e-06,9.47606e-07,8.85955e-07,8.27841e-07,7.78789e-07,7.30185e-07,6.87076e-07,6.44087e-07,6.05999e-07,5.72037e-07,5.3839e-07,5.08389e-07,4.78944e-07,4.52657e-07,4.27028e-07,4.04101e-07,3.83477e-07,3.63357e-07,3.439e-07,3.26403e-07,3.09516e-07,2.94282e-07,2.79596e-07,2.65514e-07,2.52781e-07
2.12e-07,0.565047,13.6272,12.4775,10.6523,5.86132,1.54033,0.146443,0.0730597,0.0157951,0.00844835,0.00486353,0.00173557,0.00108153,0.000712445,0.000491568,0.000331361,0.000247204,0.00018028,0.000132399,0.000105714,8.19175e-05,6.23249e-05,5.07837e-05,4.06555e-05,3.32598e-05,2.77157e-05,2.34643e-05,1.9656e-05,1.6793e-05,1.43412e-05,1.24134e-05,1.08706e-05,9.61648e-06,8.39819e-06,7.41558e-06,6.61086e-06,5.84281e-06,5.2974e-06,4.76317e-06,4.25753e-06,3.88684e-06,3.52752e-06,3.22293e-06,2.93213e-06,2.6851e-06,2.47315e-06,2.27077e-06,2.09663e-06,1.93144e-06,1.7887e-06,1.6643e-06,1.5458e-06,1.43407e-06,1.33657e-06,1.25084e-06,1.16946e-06,1.09275e-06,1.028e-06,9.63843e-07,9.0694e-07,8.50194e-07,7.99917e-07,7.55088e-07,7.10674e-07,6.71072e-07,6.32205e-07,5.97505e-07,5.63676e-07,5.33413e-07,5.06189e-07,4.7963e-07,4.53946e-07,4.30851e-07,4.08561e-07,3.88451e-07,3.69066e-07,3.50478e-07,3.33671e-07
2.8e-07,0.755937,13.8866,12.7121,10.9342,6.74751,2.20829,0.195275,0.0969597,0.0208785,0.011161,0.00642322,0.00229145,0.00142782,0.000940514,0.00064891,0.000437416,0.000326318,0.000237975,0.000174769,0.000139545,0.000108132,8.22696e-05,6.70349e-05,5.36654e-05,4.3903e-05,3.65848e-05,3.09729e-05,2.59459e-05,2.21667e-05,1.89304e-05,1.63857e-05,1.43492e-05,1.26938e-05,1.10856e-05,9.78853e-06,8.72639e-06,7.7125e-06,6.99256e-06,6.28738e-06,5.61997e-06,5.13061e-06,4.65634e-06,4.25424e-06,3.8704e-06,3.54435e-06,3.26455e-06,2.99741e-06,2.76755e-06,2.5495e-06,2.36108e-06,2.19688e-06,2.04045e-06,1.89296e-06,1.76427e-06,1.6511e-06,1.54368e-06,1.44243e-06,1.35696e-06,1.27227e-06,1.19716e-06,1.12225e-06,1.05589e-06,9.96714e-07,9.38088e-07,8.85814e-07,8.34508e-07,7.88706e-07,7.44051e-07,7.04103e-07,6.68167e-07,6.3311e-07,5.99209e-07,5.68722e-07,5.393e-07,5.12755e-07,4.87166e-07,4.6263e-07,4.40445e-07
3.69e-07,1.01595,14.1189,12.923,11.1831,7.43416,3.19087,0.261297,0.128909,0.0276106,0.0147485,0.00848454,0.00302561,0.00188508,0.00124163,0.000856638,0.000577423,0.000430759,0.000314138,0.000230701,0.000184204,0.000142736,0.000108597,8.84873e-05,7.0839e-05,5.79525e-05,4.82924e-05,4.08845e-05,3.42489e-05,2.92603e-05,2.49883e-05,2.16293e-05,1.8941e-05,1.67558e-05,1.46331e-05,1.2921e-05,1.15188e-05,1.01805e-05,9.2302e-06,8.29936e-06,7.41837e-06,6.77244e-06,6.14636e-06,5.61565e-06,5.10895e-06,4.67855e-06,4.30923e-06,3.95661e-06,3.65319e-06,3.36535e-06,3.11664e-06,2.89988e-06,2.69341e-06,2.49872e-06,2.32885e-06,2.17947e-06,2.03766e-06,1.90401e-06,1.79119e-06,1.6794e-06,1.58025e-06,1.48138e-06,1.39378e-06,1.31567e-06,1.23828e-06,1.16928e-06,1.10155e-06,1.0411e-06,9.8215e-07,9.29419e-07,8.81984e-07,8.35709e-07,7.90958e-07,7.50717e-07,7.11878e-07,6.76839e-07,6.43062e-07,6.10674e-07,5.81388e-07
4.88e-07,1.37386,14.3283,13.1136,11.4051,7.98097,4.40044,0.351305,0.171801,0.0365349,0.019496,0.0112098,0.00399533,0.00248892,0.00163922,0.00113089,0.000762256,0.000568634,0.000414678,0.000304534,0.000243154,0.000188416,0.00014335,0.000116804,9.35081e-05,7.64976e-05,6.37463e-05,5.39678e-05,4.52087e-05,3.86237e-05,3.29846e-05,2.85507e-05,2.50021e-05,2.21178e-05,1.93157e-05,1.70557e-05,1.52049e-05,1.34383e-05,1.21839e-05,1.09552e-05,9.79225e-06,8.93964e-06,8.11322e-06,7.41267e-06,6.74381e-06,6.17567e-06,5.68818e-06,5.22272e-06,4.8222e-06,4.44225e-06,4.11395e-06,3.82786e-06,3.55528e-06,3.2983e-06,3.07408e-06,2.87689e-06,2.68971e-06,2.51329e-06,2.36437e-06,2.21681e-06,2.08593e-06,1.95543e-06,1.83978e-06,1.73668e-06,1.63453e-06,1.54345e-06,1.45405e-06,1.37424e-06,1.29644e-06,1.22684e-06,1.16422e-06,1.10313e-06,1.04406e-06,9.90946e-07,9.39679e-07,8.93426e-07,8.48841e-07,8.06089e-07,7.67432e-07
6.44e-07,1.87354,14.5185,13.2872,11.6047,8.42936,5.50815,0.475445,0.229716,0.0483825,0.0257837,0.0148149,0.00527652,0.00328645,0.00216426,0.001493,0.00100628,0.000750653,0.000547406,0.000402001,0.000320973,0.000248715,0.000189226,0.000154184,0.000123433,0.000100979,8.41462e-05,7.12379e-05,5.96759e-05,5.09836e-05,4.35399e-05,3.76871e-05,3.3003e-05,2.91955e-05,2.54968e-05,2.25136e-05,2.00705e-05,1.77386e-05,1.60828e-05,1.44609e-05,1.29258e-05,1.18003e-05,1.07095e-05,9.78471e-06,8.90184e-06,8.15189e-06,7.50843e-06,6.89399e-06,6.36533e-06,5.8638e-06,5.43042e-06,5.05276e-06,4.693e-06,4.35378e-06,4.05778e-06,3.79751e-06,3.55043e-06,3.31755e-06,3.12098e-06,2.9262e-06,2.75344e-06,2.58116e-06,2.42852e-06,2.29241e-06,2.15758e-06,2.03735e-06,1.91935e-06,1.81401e-06,1.7113e-06,1.61942e-06,1.53677e-06,1.45614e-06,1.37817e-06,1.30805e-06,1.24038e-06,1.17933e-06,1.12047e-06,1.06404e-06,1.01301e-06
8.5e-07,2.58368,14.692,13.4459,11.7856,8.80638,6.37465,0.649453,0.308538,0.0641401,0.0341204,0.0195871,0.00696967,0.00433999,0.00285763,0.00197115,0.00132846,0.000990959,0.000722626,0.000530668,0.000423702,0.000328314,0.000249784,0.000203527,0.000162934,0.000133293,0.000111074,9.40354e-05,7.8773e-05,6.72987e-05,5.7473e-05,4.97472e-05,4.35642e-05,3.85383e-05,3.36559e-05,2.9718e-05,2.64932e-05,2.3415e-05,2.12293e-05,1.90884e-05,1.70621e-05,1.55765e-05,1.41365e-05,1.29158e-05,1.17504e-05,1.07605e-05,9.91112e-06,9.1001e-06,8.40221e-06,7.74021e-06,7.16816e-06,6.66966e-06,6.19474e-06,5.74699e-06,5.35628e-06,5.01272e-06,4.68658e-06,4.37916e-06,4.11969e-06,3.86257e-06,3.63454e-06,3.40713e-06,3.20564e-06,3.026e-06,2.848e-06,2.6893e-06,2.53355e-06,2.39448e-06,2.25892e-06,2.13764e-06,2.02854e-06,1.9221e-06,1.81918e-06,1.72662e-06,1.63729e-06,1.55671e-06,1.47902e-06,1.40453e-06,1.33717e-06
1.12e-06,3.6125,14.8511,13.5918,11.9506,9.12991,7.0453,0.899014,0.417002,0.0851508,0.0451896,0.0259098,0.00920813,0.00573206,0.00377352,0.00260259,0.00175387,0.00130824,0.000953956,0.00070053,0.000559318,0.000433393,0.000329725,0.000268663,0.000215077,0.00017595,0.000146619,0.000124128,0.000103981,8.88352e-05,7.58649e-05,6.56669e-05,5.75053e-05,5.08708e-05,4.4426e-05,3.9228e-05,3.49712e-05,3.0908e-05,2.80228e-05,2.51968e-05,2.2522e-05,2.0561e-05,1.86603e-05,1.7049e-05,1.55106e-05,1.42039e-05,1.30827e-05,1.20122e-05,1.1091e-05,1.02171e-05,9.46201e-06,8.80398e-06,8.17709e-06,7.58604e-06,7.07028e-06,6.61678e-06,6.18628e-06,5.78051e-06,5.43799e-06,5.09861e-06,4.7976e-06,4.49742e-06,4.23146e-06,3.99432e-06,3.75937e-06,3.54989e-06,3.34428e-06,3.16073e-06,2.98177e-06,2.82169e-06,2.67767e-06,2.53718e-06,2.40132e-06,2.27915e-06,2.16123e-06,2.05485e-06,1.95231e-06,1.85398e-06,1.76507e-06
1.48e-06,5.1113,14.9977,13.7266,12.102,9.41222,7.58017,1.2688,0.568584,0.113261,0.0599162,0.0342974,0.012169,0.00757208,0.00498356,0.00343662,0.00231567,0.00172718,0.00125938,0.000924785,0.000738355,0.000572112,0.000435258,0.000354648,0.000283911,0.00023226,0.000193542,0.000163852,0.000137258,0.000117264,0.000100144,8.66816e-05,7.59075e-05,6.71504e-05,5.86432e-05,5.17816e-05,4.61626e-05,4.07989e-05,3.69904e-05,3.326e-05,2.97293e-05,2.71407e-05,2.46317e-05,2.25048e-05,2.04742e-05,1.87493e-05,1.72693e-05,1.58561e-05,1.46401e-05,1.34867e-05,1.24899e-05,1.16213e-05,1.07938e-05,1.00136e-05,9.33284e-06,8.7342e-06,8.16595e-06,7.63032e-06,7.1782e-06,6.73019e-06,6.33287e-06,5.93662e-06,5.58556e-06,5.27253e-06,4.96241e-06,4.68588e-06,4.41448e-06,4.17219e-06,3.93596e-06,3.72464e-06,3.53455e-06,3.34909e-06,3.16976e-06,3.00849e-06,2.85284e-06,2.71242e-06,2.57706e-06,2.44727e-06,2.32991e-06
1.95e-06,7.16475,15.1331,13.8515,12.2415,9.66197,8.02046,1.83918,0.78516,0.151041,0.0795584,0.0454419,0.016088,0.0100051,0.00658264,0.00453839,0.00305759,0.00228037,0.00166265,0.00122086,0.000974715,0.000755242,0.000574571,0.000468156,0.000374775,0.000306592,0.000255482,0.00021629,0.000181183,0.000154791,0.000132191,0.00011442,0.000100199,8.8639e-05,7.74092e-05,6.83517e-05,6.09346e-05,5.38547e-05,4.88275e-05,4.39035e-05,3.92426e-05,3.58259e-05,3.2514e-05,2.97064e-05,2.7026e-05,2.47491e-05,2.27955e-05,2.09301e-05,1.9325e-05,1.78024e-05,1.64867e-05,1.53401e-05,1.42479e-05,1.3218e-05,1.23193e-05,1.15292e-05,1.07791e-05,1.0072e-05,9.47521e-06,8.88386e-06,8.35937e-06,7.83634e-06,7.37293e-06,6.95973e-06,6.55037e-06,6.18534e-06,5.82711e-06,5.50727e-06,5.19546e-06,4.91651e-06,4.66559e-06,4.4208e-06,4.18408e-06,3.9712e-06,3.76575e-06,3.5804e-06,3.40172e-06,3.23039e-06,3.07547e-06
2.58e-06,9.46588,15.2588,13.9677,12.3707,9.88547,8.39263,2.73541,1.10471,0.20214,0.10585,0.0602822,0.0212798,0.0132242,0.0086967,0.0059943,0.00403766,0.00301099,0.00219518,0.00161179,0.00128679,0.000997021,0.000758491,0.000618005,0.000494728,0.000404718,0.000337248,0.000285511,0.000239168,0.000204329,0.000174495,0.000151038,0.000132265,0.000117005,0.000102181,9.02254e-05,8.04345e-05,7.1089e-05,6.44529e-05,5.79531e-05,5.18009e-05,4.72904e-05,4.29186e-05,3.92127e-05,3.56744e-05,3.26689e-05,3.00902e-05,2.76279e-05,2.55091e-05,2.34992e-05,2.17625e-05,2.02491e-05,1.88072e-05,1.74478e-05,1.62616e-05,1.52185e-05,1.42284e-05,1.32951e-05,1.25073e-05,1.17267e-05,1.10344e-05,1.0344e-05,9.73229e-06,9.18687e-06,8.6465e-06,8.16468e-06,7.69179e-06,7.26963e-06,6.85803e-06,6.48982e-06,6.1586e-06,5.83547e-06,5.523e-06,5.24199e-06,4.9708e-06,4.72613e-06,4.49028e-06,4.26412e-06,4.05964e-06
3.4e-06,11.4832,15.3759,14.0761,12.4909,10.0875,8.71399,3.96188,1.59834,0.271853,0.141212,0.0801018,0.0281662,0.0174865,0.011493,0.00791878,0.00533254,0.00397609,0.00289846,0.002128,0.00169885,0.00131624,0.00100131,0.000815834,0.000653085,0.000534258,0.000445188,0.000376889,0.000315713,0.000269722,0.00023034,0.000199374,0.000174593,0.00015445,0.000134882,0.0001191,0.000106175,9.38386e-05,8.50788e-05,7.64985e-05,6.83779e-05,6.2424e-05,5.6653e-05,5.17612e-05,4.70908e-05,4.31235e-05,3.97194e-05,3.6469e-05,3.36722e-05,3.10191e-05,2.87267e-05,2.67288e-05,2.48257e-05,2.30311e-05,2.14654e-05,2.00886e-05,1.87816e-05,1.75496e-05,1.65097e-05,1.54793e-05,1.45655e-05,1.36541e-05,1.28467e-05,1.21267e-05,1.14134e-05,1.07774e-05,1.01532e-05,9.59593e-06,9.05263e-06,8.5666e-06,8.12938e-06,7.70284e-06,7.29037e-06,6.91945e-06,6.56147e-06,6.23851e-06,5.92719e-06,5.62866e-06,5.35874e-06
4.49e-06,13.06,15.4851,14.1777,12.6031,10.2716,8.99633,5.13846,2.39549,0.368135,0.189084,0.106677,0.0373142,0.0231357,0.015194,0.0104638,0.00704392,0.00525117,0.00382742,0.00280975,0.00224297,0.00173773,0.0013219,0.00107702,0.000862145,0.000705272,0.000587685,0.000497521,0.00041676,0.000356048,0.000304059,0.000263183,0.000230469,0.000203879,0.000178048,0.000157215,0.000140154,0.000123869,0.000112306,0.00010098,9.02601e-05,8.24008e-05,7.47832e-05,6.83256e-05,6.21605e-05,5.69236e-05,5.24301e-05,4.81396e-05,4.44477e-05,4.09456e-05,3.79195e-05,3.52824e-05,3.27701e-05,3.04015e-05,2.83347e-05,2.65171e-05,2.47918e-05,2.31657e-05,2.1793e-05,2.04329e-05,1.92266e-05,1.80236e-05,1.69577e-05,1.60074e-05,1.50658e-05,1.42263e-05,1.34024e-05,1.26667e-05,1.19495e-05,1.1308e-05,1.07308e-05,1.01678e-05,9.62334e-06,9.13373e-06,8.66119e-06,8.23489e-06,7.82393e-06,7.42986e-06,7.07357e-06
5.93e-06,14.2824,15.5874,14.273,12.7082,10.4407,9.24795,6.04727,3.60589,0.503481,0.254491,0.142505,0.0494926,0.0306332,0.0200969,0.0138316,0.00930664,0.00693633,0.00505472,0.00371021,0.00296159,0.00229432,0.00174521,0.00142187,0.00113817,0.000931049,0.000775809,0.000656774,0.000550157,0.000470008,0.000401377,0.000347415,0.00030423,0.000269129,0.000235031,0.000207529,0.000185008,0.000163511,0.000148247,0.000133296,0.000119145,0.000108771,9.87156e-05,9.01911e-05,8.2053e-05,7.51401e-05,6.92086e-05,6.3545e-05,5.86718e-05,5.40489e-05,5.00544e-05,4.65734e-05,4.32571e-05,4.01303e-05,3.74019e-05,3.50029e-05,3.27255e-05,3.0579e-05,2.87671e-05,2.69715e-05,2.53793e-05,2.37914e-05,2.23843e-05,2.11299e-05,1.9887e-05,1.87788e-05,1.76911e-05,1.67202e-05,1.57735e-05,1.49266e-05,1.41648e-05,1.34216e-05,1.27029e-05,1.20566e-05,1.14328e-05,1.08701e-05,1.03276e-05,9.80745e-06,9.33716e-06
7.83e-06,15.2523,15.6833,14.3626,12.807,10.597,9.47488,6.74346,4.89708,0.698812,0.345024,0.191174,0.0657517,0.0406014,0.0265996,0.0182914,0.0122999,0.0091643,0.00667663,0.00489984,0.0039108,0.00302941,0.00230421,0.00187721,0.00150261,0.00122914,0.00102418,0.000867025,0.000726267,0.000620451,0.000529849,0.000458613,0.000401604,0.000355266,0.000310253,0.000273948,0.000244218,0.000215841,0.000195692,0.000175955,0.000157276,0.000143581,0.000130307,0.000119055,0.000108312,9.91867e-05,9.1357e-05,8.3881e-05,7.74481e-05,7.13456e-05,6.60729e-05,6.14778e-05,5.71001e-05,5.29728e-05,4.93711e-05,4.62044e-05,4.31981e-05,4.03646e-05,3.79728e-05,3.56029e-05,3.35009e-05,3.14048e-05,2.95477e-05,2.78917e-05,2.62511e-05,2.47883e-05,2.33525e-05,2.20708e-05,2.08212e-05,1.97033e-05,1.86977e-05,1.77167e-05,1.6768e-05,1.59148e-05,1.50914e-05,1.43487e-05,1.36326e-05,1.2946e-05,1.23252e-05
1.03e-05,16.0421,15.7736,14.4472,12.9002,10.7424,9.68164,7.29933,5.90485,0.992508,0.472746,0.257992,0.0875425,0.0538865,0.0352375,0.0242039,0.0162623,0.0121114,0.00882085,0.0064719,0.00516487,0.00400039,0.00304247,0.00247854,0.00198385,0.00162274,0.00135211,0.00114461,0.000958773,0.000819071,0.000699458,0.000605411,0.000530151,0.000468978,0.000409555,0.000361629,0.000322382,0.000284922,0.000258322,0.000232269,0.000207611,0.000189533,0.00017201,0.000157156,0.000142975,0.00013093,0.000120594,0.000110725,0.000102233,9.41782e-05,8.72176e-05,8.11518e-05,7.53734e-05,6.99251e-05,6.51711e-05,6.09907e-05,5.70225e-05,5.3282e-05,5.01249e-05,4.69965e-05,4.42219e-05,4.14549e-05,3.90034e-05,3.68176e-05,3.46519e-05,3.27209e-05,3.08257e-05,2.91338e-05,2.74844e-05,2.60087e-05,2.46812e-05,2.33863e-05,2.2134e-05,2.10078e-05,1.9921e-05,1.89404e-05,1.79952e-05,1.70888e-05,1.62694e-05
1.36e-05,16.7,15.8587,14.5272,12.9882,10.8783,9.87166,7.7608,6.66471,1.46539,0.658235,0.351149,0.116903,0.0716497,0.0467357,0.0320531,0.0215127,0.0160127,0.011657,0.0085501,0.00682221,0.00528328,0.00401768,0.00327275,0.00261938,0.00214249,0.00178512,0.00151113,0.00126575,0.00108131,0.00092338,0.00079922,0.000699859,0.000619101,0.000540649,0.00047738,0.000425569,0.000376116,0.000341002,0.000306609,0.000274058,0.000250193,0.000227062,0.000207454,0.000188734,0.000172832,0.000159189,0.000146162,0.000134952,0.000124318,0.00011513,0.000107123,9.94954e-05,9.23034e-05,8.60278e-05,8.05095e-05,7.52714e-05,7.03338e-05,6.61663e-05,6.20365e-05,5.83739e-05,5.47216e-05,5.14854e-05,4.86e-05,4.57413e-05,4.31924e-05,4.06907e-05,3.84573e-05,3.62799e-05,3.4332e-05,3.25797e-05,3.08703e-05,2.92172e-05,2.77307e-05,2.6296e-05,2.50018e-05,2.3754e-05,2.25577e-05,2.14759e-05
1.8e-05,17.2582,15.9391,14.603,13.0717,11.0059,10.0477,8.15574,7.26531,2.31347,0.940601,0.484061,0.156753,0.0955056,0.0620845,0.0424933,0.0284783,0.0211814,0.0154107,0.0112987,0.00901329,0.00697874,0.00530614,0.00432191,0.0034588,0.00282892,0.00235694,0.00199512,0.0016711,0.00142756,0.00121903,0.0010551,0.000923916,0.000817291,0.000713723,0.000630194,0.000561792,0.00049651,0.000450153,0.000404749,0.000361777,0.000330272,0.000299737,0.000273852,0.00024914,0.000228149,0.000210138,0.000192941,0.000178143,0.000164106,0.000151977,0.000141407,0.000131338,0.000121844,0.00011356,0.000106276,9.93608e-05,9.28432e-05,8.73416e-05,8.18904e-05,7.70555e-05,7.22341e-05,6.79623e-05,6.41535e-05,6.038e-05,5.70152e-05,5.37129e-05,5.07647e-05,4.78904e-05,4.53192e-05,4.30061e-05,4.07496e-05,3.85676e-05,3.66053e-05,3.47115e-05,3.30029e-05,3.13559e-05,2.97767e-05,2.83487e-05
2.38e-05,17.7391,16.0152,14.675,13.151,11.1263,10.2117,8.50181,7.76178,3.88645,1.40879,0.680765,0.211408,0.127739,0.0826519,0.056415,0.0377345,0.0280378,0.0203832,0.0149361,0.0119115,0.00922029,0.00700897,0.00570818,0.00456772,0.0037356,0.00311217,0.00263429,0.00220637,0.00188476,0.00160941,0.00139296,0.00121975,0.00107897,0.000942223,0.000831944,0.000741641,0.000655446,0.00059425,0.000534308,0.000477579,0.000435988,0.000395678,0.000361507,0.000328882,0.000301171,0.000277395,0.000254693,0.000235159,0.000216629,0.000200618,0.000186665,0.000173372,0.00016084,0.000149904,0.000140288,0.000131161,0.000122557,0.000115294,0.000108098,0.000101716,9.53518e-05,8.97127e-05,8.46848e-05,7.97036e-05,7.5262e-05,7.09026e-05,6.7011e-05,6.32168e-05,5.98226e-05,5.67694e-05,5.37907e-05,5.09103e-05,4.832e-05,4.58201e-05,4.35647e-05,4.13907e-05,3.93059e-05,3.74209e-05
3.14e-05,18.1587,16.0874,14.7434,13.2265,11.2403,10.3657,8.81077,8.18649,5.55391,2.33234,0.991136,0.287508,0.171668,0.110358,0.0750439,0.0500627,0.0371481,0.0269783,0.0197542,0.0157477,0.0121855,0.00926037,0.00754053,0.00603312,0.00493353,0.00410985,0.00347857,0.00291336,0.00248858,0.00212495,0.0018391,0.00161038,0.00142449,0.00124393,0.00109833,0.000979096,0.000865298,0.0007845,0.000705363,0.000630466,0.000575557,0.00052234,0.000477226,0.000434159,0.000397575,0.000366187,0.000336219,0.00031043,0.000285967,0.000264831,0.000246412,0.000228864,0.00021232,0.000197884,0.00018519,0.00017314,0.000161783,0.000152196,0.000142696,0.000134271,0.00012587,0.000118426,0.000111789,0.000105213,9.93498e-05,9.35953e-05,8.8458e-05,8.34495e-05,7.89689e-05,7.49383e-05,7.10064e-05,6.7204e-05,6.37847e-05,6.04846e-05,5.75075e-05,5.46375e-05,5.18856e-05,4.93973e-05
4.14e-05,18.5286,16.1559,14.8086,13.2986,11.3487,10.5108,9.09076,8.55928,6.70196,4.54928,1.55148,0.395909,0.232264,0.147952,0.100088,0.0665311,0.049279,0.0357383,0.0261428,0.0208296,0.0161104,0.0122386,0.00996349,0.00797021,0.00651663,0.00542809,0.00459396,0.00384724,0.00328612,0.00280583,0.0024283,0.00212624,0.00188076,0.00164234,0.00145006,0.00129263,0.00114237,0.00103569,0.000931206,0.00083232,0.000759827,0.000689563,0.000630005,0.000573144,0.00052485,0.00048341,0.000443844,0.000409802,0.000377508,0.000349603,0.000325286,0.000302122,0.000280281,0.000261223,0.000244466,0.000228558,0.000213565,0.00020091,0.00018837,0.000177248,0.000166156,0.00015633,0.000147568,0.000138888,0.000131148,0.000123551,0.00011677,0.000110158,0.000104243,9.89228e-05,9.37323e-05,8.87129e-05,8.41992e-05,7.98429e-05,7.59128e-05,7.21243e-05,6.84916e-05,6.52069e-05
5.47e-05,18.8577,16.2211,14.8708,13.3675,11.4521,10.6483,9.3476,8.89304,7.54221,6.60822,3.15672,0.556089,0.317374,0.199493,0.133978,0.088621,0.0654801,0.0473985,0.034627,0.0275701,0.0213108,0.0161811,0.0131692,0.0105319,0.00860966,0.00717048,0.00606798,0.00508119,0.00433979,0.00370527,0.00320657,0.00280758,0.00248337,0.00216848,0.00191456,0.00170666,0.00150825,0.00136738,0.00122941,0.00109885,0.00100313,0.000910361,0.000831723,0.000756652,0.00069289,0.000638177,0.000585942,0.000540997,0.000498362,0.000461523,0.000429419,0.000398839,0.000370004,0.000344844,0.000322722,0.000301723,0.000281928,0.000265221,0.000248666,0.000233984,0.000219343,0.00020637,0.000194803,0.000183344,0.000173126,0.000163099,0.000154145,0.000145418,0.000137609,0.000130586,0.000123734,0.000117108,0.000111149,0.000105399,0.000100211,9.52096e-05,9.0414e-05,8.60778e-05
7.22e-05,19.1527,16.2832,14.9303,13.4335,11.551,10.7792,9.58562,9.19656,8.21326,7.84856,7.46323,0.8088,0.440289,0.271219,0.180256,0.118418,0.0872031,0.0629628,0.0459165,0.0365245,0.0282092,0.0214048,0.0174139,0.0139219,0.0113782,0.00947452,0.00801664,0.00671212,0.00573219,0.00489369,0.00423477,0.00370766,0.00327936,0.00286343,0.00252806,0.00225348,0.00199144,0.00180541,0.00162322,0.0014508,0.00132441,0.00120191,0.00109808,0.000998955,0.000914763,0.000842527,0.000773559,0.000714218,0.000657928,0.00060929,0.000566905,0.000526529,0.000488463,0.000455246,0.000426041,0.000398316,0.000372185,0.000350127,0.000328272,0.000308888,0.000289559,0.000272434,0.000257163,0.000242036,0.000228547,0.000215307,0.000203489,0.000191966,0.000181659,0.000172387,0.000163341,0.000154595,0.000146728,0.000139136,0.000132288,0.000125685,0.000119355,0.000113631
9.53e-05,19.419,16.3424,14.9872,13.4969,11.6459,10.9043,9.8081,9.47607,8.78005,8.7599,9.05144,1.27092,0.626288,0.373321,0.244289,0.158927,0.11649,0.0838174,0.0609792,0.0484451,0.0373749,0.0283347,0.0230399,0.0184116,0.0150426,0.0125229,0.010594,0.00886857,0.00757287,0.00646446,0.00559357,0.004897,0.00433108,0.00378155,0.00333849,0.00297579,0.00262967,0.00238395,0.00214333,0.00191562,0.0017487,0.00158694,0.00144982,0.00131892,0.00120775,0.00111237,0.0010213,0.000942947,0.000868622,0.000804401,0.000748439,0.000695132,0.00064487,0.000601015,0.000562455,0.000525851,0.000491351,0.00046223,0.000433375,0.000407785,0.000382266,0.000359655,0.000339496,0.000319524,0.000301716,0.000284238,0.000268635,0.000253424,0.000239816,0.000227575,0.000215633,0.000204084,0.0001937,0.000183678,0.000174637,0.00016592,0.000157563,0.000150006
0.000126,19.6606,16.399,15.0418,13.5578,11.7373,11.0242,10.0176,9.73612,9.27667,9.50222,10.0863,9.82973,0.934875,0.524059,0.334639,0.214615,0.156279,0.111907,0.0811499,0.06436,0.0495799,0.0375431,0.0305068,0.0243641,0.0198974,0.0165592,0.0140052,0.0117217,0.0100074,0.00854146,0.00738994,0.00646908,0.00572107,0.00499483,0.00440937,0.00393012,0.00347285,0.00314825,0.00283038,0.0025296,0.00230913,0.00209548,0.00191438,0.00174152,0.0015947,0.00146873,0.00134847,0.001245,0.00114686,0.00106206,0.000988162,0.000917772,0.000851405,0.0007935,0.000742585,0.000694255,0.000648701,0.000610252,0.000572154,0.000538368,0.000504674,0.000474823,0.000448206,0.000421837,0.000398325,0.00037525,0.000354651,0.000334567,0.000316602,0.00030044,0.000284675,0.000269428,0.000255719,0.000242487,0.00023055,0.000219043,0.000208009,0.000198033
0.000166,19.8811,16.4531,15.0942,13.6165,11.8254,11.1395,10.216,9.98012,9.72296,10.1402,10.8819,11.008,9.89366,0.761881,0.466095,0.292425,0.210918,0.150013,0.108295,0.0856891,0.065879,0.049806,0.0404343,0.0322672,0.0263365,0.0219087,0.0185236,0.0154989,0.0132293,0.0112893,0.00976589,0.00854795,0.00755884,0.0065987,0.0058248,0.00519139,0.00458707,0.00415814,0.00373815,0.00334077,0.00304951,0.00276727,0.00252805,0.00229971,0.00210579,0.00193942,0.00178059,0.00164394,0.00151432,0.00140233,0.00130475,0.00121179,0.00112416,0.00104769,0.000980456,0.000916639,0.000856487,0.000805717,0.000755411,0.000710799,0.00066631,0.000626895,0.000591751,0.000556935,0.000525891,0.000495424,0.000468226,0.000441709,0.000417988,0.000396651,0.000375835,0.000355706,0.000337606,0.000320136,0.000304376,0.000289183,0.000274616,0.000261445
0.000219,20.0832,16.5049,15.1446,13.6731,11.9106,11.2508,10.4051,10.2107,10.1314,10.7063,11.5362,11.7838,11.0927,9.42419,0.667728,0.403891,0.287151,0.202244,0.145081,0.114428,0.0877339,0.0661858,0.0536659,0.0427807,0.0348911,0.0290086,0.0245159,0.0205048,0.017497,0.0149274,0.0129106,0.0112987,0.00999004,0.00871997,0.00769648,0.00685897,0.00606006,0.00549306,0.00493798,0.0044128,0.00402792,0.00365498,0.00333892,0.00303724,0.00278105,0.00256127,0.00235146,0.00217095,0.00199974,0.00185183,0.00172294,0.00160016,0.00148442,0.00138343,0.00129464,0.00121036,0.00113092,0.00106387,0.000997445,0.000938529,0.00087978,0.000827733,0.000781326,0.000735352,0.000694359,0.000654128,0.000618214,0.000583201,0.00055188,0.000523705,0.00049622,0.000469642,0.000445741,0.000422675,0.000401866,0.000381807,0.000362573,0.000345182
0.000289,20.2691,16.5546,15.193,13.7278,11.9932,11.3585,10.586,10.4298,10.5104,11.2185,12.0949,12.3824,11.8519,10.8651,1.01259,0.570216,0.396089,0.274898,0.195417,0.153435,0.117198,0.0881528,0.0713581,0.0568029,0.0462798,0.0384481,0.0324747,0.0271475,0.0231561,0.0197489,0.0170763,0.0149412,0.0132084,0.0115272,0.0101729,0.00906492,0.00800822,0.00725843,0.00652443,0.0058301,0.00532134,0.00482836,0.00441066,0.00401198,0.00367342,0.00338303,0.0031058,0.00286731,0.00264111,0.0024457,0.00227543,0.00211325,0.00196036,0.00182696,0.00170968,0.00159836,0.00149344,0.00140488,0.00131714,0.00123934,0.00116175,0.00109301,0.00103172,0.000971003,0.000916868,0.00086374,0.000816313,0.000770075,0.000728713,0.000691508,0.000655213,0.000620115,0.000588555,0.000558096,0.000530618,0.000504131,0.000478732,0.000455768
0.000382,20.4408,16.6023,15.2397,13.7808,12.0733,11.463,10.7598,10.6392,10.8656,11.6881,12.5833,12.8763,12.4306,11.6687,10.461,0.838275,0.557972,0.378254,0.26527,0.206934,0.157223,0.117777,0.09512,0.0755708,0.0614855,0.0510284,0.043067,0.0359774,0.0306717,0.0261472,0.0226008,0.0197696,0.0174728,0.0152456,0.013452,0.0119851,0.0105865,0.00959429,0.00862323,0.00770486,0.00703196,0.0063801,0.00582777,0.00530072,0.00485319,0.00446932,0.0041029,0.00378771,0.00348881,0.00323058,0.00300559,0.00279128,0.0025893,0.00241305,0.00225809,0.00211103,0.00197242,0.00185544,0.00173954,0.00163675,0.00153426,0.00144347,0.00136251,0.00128232,0.00121082,0.00114064,0.001078,0.00101693,0.000962307,0.000913169,0.000865235,0.000818882,0.0007772,0.000736975,0.000700687,0.000665706,0.000632164,0.000601838
0.000504,20.5999,16.6481,15.2848,13.8321,12.1514,11.5645,10.9274,10.8401,11.2014,12.1224,13.0177,13.2998,12.9054,12.2617,11.3608,9.54436,0.816656,0.530656,0.364271,0.281427,0.212185,0.158036,0.127229,0.100811,0.0818662,0.0678488,0.0572033,0.0477423,0.0406727,0.0346526,0.0299388,0.0261787,0.0231304,0.0201761,0.0177982,0.0158543,0.0140015,0.0126876,0.0114019,0.0101863,0.00929583,0.00843335,0.00770269,0.00700551,0.00641365,0.00590602,0.00542154,0.00500482,0.00460963,0.00426829,0.0039709,0.00368766,0.00342068,0.00318776,0.00298298,0.00278864,0.00260548,0.00245091,0.00229777,0.00216196,0.00202654,0.00190659,0.00179964,0.0016937,0.00159923,0.00150654,0.00142378,0.00134312,0.00127096,0.00120605,0.00114273,0.0010815,0.00102644,0.000973309,0.00092538,0.000879173,0.000834871,0.000794816
0.000665,20.7477,16.6922,15.3283,13.8818,12.2274,11.6635,11.0896,11.0336,11.5208,12.5267,13.409,13.672,13.3111,12.7405,11.9911,10.7855,8.98797,0.770258,0.509353,0.387554,0.288851,0.213352,0.170991,0.134981,0.10933,0.0904382,0.0761399,0.0634672,0.0540173,0.0459858,0.0397058,0.0347019,0.0306488,0.0267237,0.0235667,0.0209873,0.0185301,0.0167881,0.0150843,0.0134738,0.0122944,0.0111524,0.0101851,0.00926233,0.00847905,0.00780737,0.00716641,0.00661517,0.00609249,0.00564103,0.00524775,0.00487324,0.00452021,0.00421227,0.00394156,0.00368467,0.00344256,0.00323823,0.00303582,0.00285632,0.00267737,0.00251884,0.00237749,0.00223749,0.00211267,0.00199018,0.00188083,0.00177423,0.0016789,0.00159313,0.00150947,0.00142859,0.00135584,0.00128564,0.00122233,0.00116128,0.00110276,0.00104984
0.000878,20.8855,16.7347,15.3704,13.9302,12.3017,11.7601,11.2468,11.2205,11.8262,12.9047,13.7649,14.005,13.6668,13.1457,12.4887,11.5287,10.4992,1.2052,0.734766,0.544421,0.398373,0.290578,0.231365,0.181673,0.146612,0.12096,0.101637,0.084575,0.0718888,0.0611347,0.0527419,0.0460644,0.0406623,0.0354362,0.0312367,0.027808,0.024544,0.0222314,0.0199705,0.0178344,0.0162706,0.0147568,0.013475,0.0122526,0.0112151,0.0103257,0.00947713,0.00874742,0.00805562,0.0074582,0.0069378,0.0064423,0.00597531,0.00556796,0.0052099,0.00487012,0.00454996,0.00427975,0.00401211,0.00377478,0.00353818,0.00332859,0.00314173,0.00295665,0.00279165,0.00262973,0.0024852,0.00234432,0.0022183,0.00210495,0.00199438,0.00188748,0.00179135,0.00169859,0.0016149,0.00153424,0.0014569,0.00138698
0.00116,21.0143,16.7756,15.4111,13.9772,12.3743,11.8546,11.3996,11.4015,12.1195,13.2594,14.0915,14.3068,13.9845,13.4988,12.9044,12.0868,11.3137,10.1355,1.13182,0.79213,0.561,0.401048,0.316169,0.246335,0.197755,0.16255,0.13621,0.113076,0.0959431,0.0814717,0.0702072,0.0612632,0.0540391,0.0470605,0.0414598,0.0368917,0.0325469,0.0294709,0.0264654,0.0236274,0.021551,0.0195417,0.017841,0.0162196,0.0148441,0.0136651,0.0125404,0.0115736,0.0106572,0.00986592,0.00917682,0.00852072,0.00790247,0.00736328,0.0068894,0.00643973,0.00601606,0.00565853,0.00530442,0.00499047,0.00467747,0.00440025,0.0041531,0.00390832,0.00369011,0.00347598,0.00328486,0.00309856,0.00293194,0.00278207,0.00263588,0.00249454,0.00236746,0.00224482,0.00213419,0.00202756,0.00192532,0.00183289
0.00153,21.1349,16.815,15.4505,14.023,12.4454,11.9472,11.5485,11.5773,12.4022,13.5931,14.3931,14.5831,14.2721,13.8126,13.2637,12.5421,11.916,11.1283,9.9941,1.24673,0.820341,0.565438,0.438648,0.337684,0.268987,0.219915,0.183562,0.151877,0.128545,0.108935,0.0937274,0.0816862,0.0719822,0.0626262,0.0551304,0.049025,0.0432251,0.0391231,0.0351184,0.03134,0.0285773,0.0259054,0.0236451,0.0214912,0.0196646,0.0180995,0.0166072,0.0153246,0.0141092,0.01306,0.0121465,0.011277,0.0104577,0.00974335,0.0091156,0.00852002,0.00795893,0.00748548,0.00701664,0.00660099,0.00618668,0.00581971,0.00549262,0.00516868,0.00487991,0.00459657,0.00434369,0.0040972,0.00387676,0.0036785,0.00348512,0.00329815,0.00313006,0.00296785,0.00282153,0.0026805,0.00254529,0.00242306
0.00202,21.2483,16.8531,15.4888,14.0677,12.5152,12.038,11.6938,11.7482,12.6753,13.9076,14.6734,14.8382,14.5352,14.0957,13.5813,12.9306,12.4074,11.8637,11.635,13.9253,13.1939,0.828416,0.623944,0.470827,0.370501,0.300458,0.249357,0.20532,0.173163,0.146331,0.125628,0.109302,0.0961853,0.0835731,0.0734924,0.0652974,0.0575251,0.0520357,0.0466825,0.0416374,0.0379518,0.0343902,0.0313792,0.0285116,0.0260813,0.0239999,0.0220161,0.0203118,0.0186974,0.0173043,0.0160916,0.0149376,0.0138506,0.012903,0.0120705,0.0112807,0.0105369,0.00990925,0.00928788,0.0087371,0.00818813,0.00770197,0.00726869,0.00683961,0.00645716,0.00608195,0.00574709,0.00542074,0.00512889,0.00486641,0.00461043,0.00436294,0.00414045,0.00392575,0.00373211,0.00354548,0.00336656,0.0032048
0.00267,21.355,16.8899,15.5259,14.1113,12.5837,12.1273,11.8358,11.9148,12.9399,14.2048,14.9351,15.0753,14.7778,14.3539,13.8668,13.2718,12.8301,12.4881,13.4706,15.5259,14.952,1.328,0.930703,0.675581,0.52061,0.416707,0.342782,0.280209,0.235097,0.197855,0.169337,0.146975,0.129089,0.111957,0.0983088,0.0872429,0.076772,0.0693907,0.0622037,0.0554402,0.0505055,0.0457417,0.0417181,0.0378895,0.0346471,0.0318722,0.0292288,0.0269591,0.0248101,0.0229565,0.0213437,0.0198094,0.0183647,0.0171057,0.0159998,0.0149511,0.0139635,0.0131303,0.0123057,0.0115749,0.0108466,0.0102017,0.00962713,0.00905814,0.00855108,0.00805366,0.00760981,0.00717726,0.00679047,0.00644266,0.00610347,0.00577557,0.00548081,0.00519642,0.00493991,0.00469271,0.00445574,0.00424153
0.00352,21.4555,16.9255,15.562,14.1539,12.6512,12.2151,11.9748,12.0774,13.1968,14.486,15.1806,15.2968,15.0032,14.5916,14.1265,13.5778,13.2061,13.0558,14.9728,16.2634,15.6018,13.8477,1.57948,1.0271,0.757718,0.592351,0.480083,0.387942,0.322894,0.270081,0.230101,0.199018,0.174319,0.15079,0.132136,0.117068,0.102856,0.0928644,0.0831567,0.07404,0.0673997,0.0609985,0.055599,0.0504671,0.0461254,0.042413,0.0388794,0.0358476,0.032979,0.0305061,0.0283556,0.0263107,0.0243862,0.0227097,0.0212376,0.0198421,0.0185284,0.0174203,0.016324,0.0153527,0.0143849,0.0135282,0.0127649,0.0120093,0.011336,0.0106757,0.0100865,0.00951244,0.00899918,0.00853769,0.0080877,0.00765274,0.00726178,0.00688459,0.00654444,0.00621666,0.00590246,0.00561846
0.00464,21.5504,16.96,15.5971,14.1955,12.7176,12.3016,12.111,12.2363,13.4466,14.7525,15.4118,15.5049,15.2137,14.812,14.3653,13.8564,13.549,13.5924,15.9439,16.7925,16.0692,14.6242,9.82626,7.47659,1.19241,0.882282,0.69448,0.549828,0.451605,0.374068,0.316464,0.272276,0.237514,0.204675,0.178822,0.158055,0.138559,0.124905,0.111679,0.0992947,0.0902964,0.0816393,0.0743501,0.0674332,0.0615899,0.0565996,0.051855,0.0477882,0.0439438,0.0406325,0.0377549,0.0350205,0.0324486,0.0302094,0.0282443,0.0263822,0.02463,0.0231524,0.0216913,0.0203972,0.0191082,0.0179675,0.0169515,0.0159459,0.0150501,0.0141717,0.0133882,0.0126249,0.0119426,0.0113292,0.0107312,0.0101532,0.00963377,0.00913274,0.00868094,0.00824562,0.0078284,0.00745132
0.00613,21.6402,16.9933,15.6312,14.2363,12.783,12.3869,12.2445,12.3916,13.6898,15.0055,15.6302,15.7011,15.4113,15.0175,14.5864,14.1132,13.8675,14.1088,16.6563,17.2147,16.444,15.1259,13.8838,9.3435,7.88608,1.48729,1.07574,0.813758,0.651533,0.530458,0.443545,0.378398,0.327991,0.281003,0.244417,0.215274,0.188109,0.16919,0.150949,0.133939,0.121624,0.109809,0.0998866,0.0904923,0.0825724,0.0758202,0.0694105,0.0639241,0.0587443,0.0542879,0.0504189,0.0467459,0.0432941,0.0402912,0.0376575,0.0351636,0.0328182,0.0308412,0.0288875,0.0271578,0.0254358,0.0239126,0.0225563,0.0212143,0.0200193,0.0188479,0.0178032,0.0167858,0.0158766,0.0150594,0.0142629,0.0134932,0.0128017,0.0121347,0.0115334,0.0109541,0.0103989,0.0098973
0.00809,21.7251,17.0257,15.6645,14.2763,12.8476,12.4711,12.3756,12.5437,13.9269,15.2461,15.8372,15.8868,15.5975,15.2102,14.7926,14.3524,14.1679,14.6069,17.2243,17.5695,16.7606,15.5156,14.4986,13.0178,9.23077,8.18498,6.95376,1.34261,1.00267,0.785981,0.642398,0.539781,0.462812,0.392739,0.33919,0.29712,0.258342,0.231575,0.205944,0.182197,0.165092,0.148753,0.135082,0.122181,0.111337,0.102115,0.0933803,0.0859185,0.0788863,0.072846,0.0676092,0.0626439,0.0579832,0.0539329,0.0503843,0.0470267,0.0438717,0.0412135,0.0385893,0.0362674,0.0339572,0.0319147,0.0300971,0.0282995,0.0266995,0.0251316,0.023734,0.0223734,0.0211578,0.0200656,0.0190014,0.0179733,0.0170498,0.0161594,0.0153568,0.0145838,0.0138432,0.013174
0.0107,21.8057,17.0571,15.6969,14.3155,12.9114,12.5543,12.5044,12.6928,14.1582,15.4751,16.034,16.0631,15.7737,15.3916,14.9861,14.5772,14.4548,15.0839,17.6992,17.8771,17.0363,15.8405,14.9463,14.0529,10.4109,9.22864,8.41678,7.4699,6.16149,1.30093,0.997802,0.809821,0.678936,0.565884,0.482634,0.418874,0.361256,0.322077,0.284986,0.250976,0.22668,0.203622,0.184442,0.166433,0.151362,0.138592,0.126536,0.116268,0.106616,0.0983444,0.0911877,0.0844144,0.0780676,0.0725606,0.0677421,0.0631886,0.0589149,0.0553167,0.0517691,0.0486331,0.0455154,0.0427612,0.0403119,0.0378913,0.0357379,0.0336291,0.0317503,0.0299222,0.0282897,0.0268236,0.0253955,0.0240166,0.0227783,0.0215848,0.0205094,0.0194739,0.0184821,0.0175862
0.0141,21.8822,17.0875,15.7285,14.3541,12.9745,12.6365,12.631,12.839,14.3842,15.6935,16.2215,16.2308,15.9408,15.5631,15.1683,14.7899,14.7314,15.5362,18.1081,18.1493,17.2815,16.1219,15.3118,14.6558,14.4377,14.675,14.6397,8.49596,7.80159,6.98981,5.93131,1.39906,1.09035,0.868025,0.720121,0.613364,0.520986,0.460021,0.403524,0.352667,0.316852,0.283238,0.255541,0.229745,0.208308,0.19025,0.173287,0.158904,0.145437,0.133938,0.124018,0.114655,0.105904,0.0983276,0.0917118,0.0854711,0.0796237,0.0747056,0.069866,0.0655933,0.0613506,0.0576067,0.0542806,0.0509965,0.0480775,0.0452213,0.0426787,0.0402063,0.038,0.0360198,0.034092,0.0322316,0.0305618,0.0289532,0.0275044,0.0261099,0.0247749,0.0235694
0.0186,21.955,17.1171,15.7594,14.3919,13.0369,12.718,12.7554,12.9824,14.6049,15.902,16.4006,16.391,16.0999,15.7258,15.3409,14.9926,15.0004,15.962,18.4675,18.3938,17.5026,16.3716,15.6266,15.1304,15.1928,15.5982,15.6503,15.1406,8.60162,7.97277,7.36691,6.75093,6.06983,4.42448,1.2189,0.979973,0.800776,0.691927,0.595989,0.513199,0.456616,0.404645,0.362576,0.323965,0.292271,0.265834,0.241212,0.220487,0.201208,0.184837,0.170782,0.157572,0.145274,0.134665,0.125428,0.116738,0.108617,0.101798,0.0951059,0.0892091,0.083364,0.0782147,0.0736466,0.0691424,0.0651441,0.0612364,0.0577617,0.0543864,0.0513774,0.048679,0.0460542,0.0435232,0.0412533,0.0390679,0.0371009,0.0352089,0.0333985,0.0317647
0.0246,22.0243,17.1459,15.7896,14.4292,13.0988,12.7986,12.8779,13.1232,14.8207,16.1014,16.572,16.5441,16.2517,15.8806,15.5049,15.187,15.2633,16.3613,18.7882,18.6161,17.7045,16.597,15.9065,15.5378,15.7679,16.1996,16.2381,15.8544,15.2601,8.63398,8.09972,7.603,7.12889,6.57327,6.00938,5.3889,1.56951,1.20702,0.976036,0.806458,0.700661,0.608996,0.537801,0.474631,0.424146,0.382872,0.345058,0.313667,0.284805,0.260541,0.239881,0.220603,0.202775,0.187483,0.174237,0.16183,0.150282,0.140609,0.13116,0.122858,0.114651,0.10744,0.101057,0.0947764,0.0892123,0.0837841,0.0789655,0.0742922,0.070132,0.0664063,0.0627866,0.0593003,0.056177,0.0531731,0.0504721,0.0478763,0.0453945,0.0431568
0.0324,22.0903,17.1739,15.8191,14.4658,13.1601,12.8785,12.9985,13.2616,15.0316,16.2923,16.7363,16.6909,16.3968,16.0282,15.6613,15.3744,15.5213,16.7352,19.0775,18.8199,17.8902,16.8032,16.1608,15.9023,16.2464,16.6706,16.6895,16.349,15.9305,15.4986,15.7315,16.2687,7.76634,7.28791,6.84056,6.41596,5.93944,5.53733,5.05701,4.42755,1.3547,1.06405,0.892057,0.759082,0.661712,0.586576,0.520678,0.467719,0.420308,0.381352,0.348762,0.318797,0.291441,0.268237,0.248321,0.229816,0.212718,0.198465,0.184645,0.172564,0.160678,0.150278,0.141107,0.132115,0.124174,0.11645,0.109611,0.102996,0.0971212,0.0918705,0.0867791,0.0818845,0.0775071,0.0733039,0.0695299,0.065908,0.0624498,0.0593353
0.0428,22.1533,17.2011,15.848,14.502,13.2209,12.9577,13.1172,13.3976,15.2379,16.4753,16.8942,16.8318,16.5358,16.1694,15.8109,15.5559,15.7751,17.0861,19.3411,19.0082,18.0624,16.9935,16.3954,16.2365,16.6608,17.0656,17.0655,16.7463,16.4097,16.1944,16.8393,17.1357,8.27594,7.8143,7.39504,7.00864,6.59174,6.25849,5.89302,5.50035,5.17366,4.81322,4.45785,4.04485,3.55509,1.1215,0.919662,0.789461,0.686421,0.608368,0.546665,0.492303,0.444396,0.404915,0.371743,0.341447,0.31394,0.291273,0.269628,0.250904,0.232654,0.21682,0.202957,0.189452,0.177598,0.166129,0.156027,0.146297,0.137693,0.13003,0.122625,0.115529,0.109202,0.103143,0.0977164,0.0925206,0.0875705,0.0831216
0.0565,22.2135,17.2277,15.8763,14.5376,13.2813,13.0363,13.2342,13.5314,15.4397,16.651,17.0462,16.9674,16.6693,16.3047,15.9545,15.7327,16.0249,17.4163,19.583,19.1832,18.223,17.1708,16.6146,16.5475,17.0282,17.4093,17.3921,17.0852,16.8011,16.729,17.5461,17.6766,8.75195,8.27422,7.85317,7.4729,7.0697,6.75247,6.41039,6.05107,5.76049,5.45195,5.16524,4.86516,4.5854,4.32269,4.04706,3.78436,3.50426,3.22375,2.92119,2.33674,0.826621,0.716734,0.63644,0.569684,0.512973,0.468334,0.42761,0.393492,0.36114,0.333681,0.310106,0.287533,0.267985,0.249323,0.233037,0.217526,0.20394,0.19194,0.180428,0.169472,0.159762,0.150516,0.142277,0.134424,0.126975,0.120306
0.0746,22.271,17.2535,15.904,14.5728,13.3413,13.1143,13.3494,13.6631,15.637,16.8199,17.1926,17.098,16.7976,16.4346,16.0926,15.9056,16.2705,17.7279,19.8064,19.3466,18.3735,17.337,16.8214,16.8398,17.3593,17.7153,17.6827,17.3836,17.1391,17.1905,18.0859,18.0929,17.4469,16.9077,8.28798,7.89292,7.48234,7.16376,6.82369,6.47004,6.18648,5.88799,5.61333,5.32921,5.06811,4.82722,4.5804,4.35287,4.12214,3.90934,3.71224,3.51303,3.31335,3.12814,2.95528,2.78075,2.60456,2.44357,2.26867,2.09182,1.86502,0.658613,0.583506,0.521722,0.473578,0.430904,0.395843,0.363926,0.336965,0.313872,0.292266,0.272168,0.254708,0.238337,0.223982,0.210479,0.197807,0.186597
0.1,22.3291,17.2801,15.9327,14.6094,13.4038,13.1957,13.4694,13.7999,15.8406,16.9914,17.3417,17.2309,16.928,16.5665,16.2332,16.0846,16.5252,18.0392,20.0251,19.5083,18.5228,17.5021,17.0289,17.131,17.6772,18.0071,17.9599,17.6662,17.4562,17.6306,18.5502,18.4558,17.8128,17.3721,17.5253,17.6317,7.91222,7.57585,7.22266,6.85979,6.5714,6.26975,5.99367,5.70948,5.44938,5.21037,4.9665,4.74265,4.51674,4.30954,4.11881,3.92742,3.73736,3.56311,3.4028,3.24392,3.08769,2.95259,2.81121,2.68123,2.54699,2.42394,2.31074,2.19514,2.08897,1.98176,1.88334,1.78477,1.69423,1.61073,1.52723,1.44436,1.36783,1.29189,1.22129,1.15086,1.08044,1.01318
0.12,22.3639,17.2964,15.9503,14.632,13.4428,13.2461,13.5431,13.8839,15.9648,17.0948,17.4317,17.3112,17.0067,16.646,16.3181,16.1945,16.681,18.2246,20.1533,19.6038,18.6113,17.6002,17.1532,17.3042,17.8614,18.1754,18.1198,17.8286,17.638,17.8866,18.8015,18.6543,18.0124,17.6239,17.8243,17.9214,17.7032,7.85054,7.47771,7.10026,6.80303,6.49397,6.21234,5.92332,5.65953,5.41759,5.17116,4.94519,4.71735,4.50859,4.31653,4.12392,3.93276,3.75759,3.59651,3.43695,3.28012,3.14511,3.00333,2.87306,2.73864,2.61553,2.50239,2.38699,2.28117,2.17449,2.0768,1.9792,1.88986,1.80779,1.72611,1.64557,1.57179,1.49934,1.4329,1.36787,1.30459,1.24657
0.14,22.3926,17.3099,15.965,14.6509,13.4756,13.2886,13.6049,13.9544,16.0683,17.1803,17.5064,17.3777,17.0718,16.7117,16.3886,16.2867,16.8111,18.3768,20.2573,19.6817,18.6837,17.6806,17.2559,17.4463,18.0099,18.3108,18.2486,17.9591,17.7843,18.0939,18.9967,18.8095,18.1683,17.8215,18.0524,18.1402,17.9253,17.7608,18.0108,7.31667,7.00661,6.68693,6.39735,6.10141,5.83218,5.58579,5.33518,5.10572,4.87459,4.663,4.4684,4.27329,4.07968,3.90231,3.73918,3.57758,3.41872,3.28222,3.13852,3.00645,2.87011,2.74519,2.63034,2.51313,2.4056,2.29713,2.19773,2.09838,2.00736,1.92368,1.84035,1.7581,1.68271,1.60861,1.5406,1.47397,1.40907,1.34951
0.16,22.4169,17.3214,15.9776,14.6673,13.504,13.3253,13.6581,14.0149,16.157,17.253,17.57,17.4343,17.1272,16.7677,16.4487,16.366,16.9225,18.5055,20.3446,19.7474,18.7447,17.7485,17.3432,17.5664,18.1338,18.4237,18.3559,18.0677,17.9061,18.2673,19.1551,18.936,18.2956,17.9836,18.2355,18.3147,18.1016,17.9575,18.2596,18.2114,7.19876,6.86461,6.56456,6.25975,5.98361,5.73165,5.4759,5.24215,5.00699,4.79185,4.59415,4.39602,4.19948,4.01948,3.85392,3.68989,3.52863,3.39022,3.24428,3.11011,2.97156,2.84455,2.72773,2.60846,2.49897,2.38847,2.28715,2.18581,2.09291,2.00745,1.92228,1.83816,1.76098,1.68507,1.61535,1.54698,1.48033,1.41912
0.18,22.438,17.3315,15.9886,14.6817,13.5291,13.3576,13.7047,14.068,16.2344,17.3161,17.6252,17.4835,17.1754,16.8163,16.501,16.4357,17.0198,18.6167,20.4194,19.8038,18.7973,17.8072,17.4191,17.67,18.2396,18.52,18.4475,18.1603,18.0102,18.4155,19.2875,19.0422,18.4026,18.1205,18.3875,18.459,18.247,18.1201,18.4624,18.3854,18.0654,7.03782,6.72388,6.40776,6.1231,5.86441,5.60261,5.36386,5.12406,4.90493,4.70377,4.5023,4.30254,4.11962,3.95144,3.78484,3.62105,3.48058,3.33232,3.19599,3.05523,2.92612,2.80733,2.686,2.57459,2.46211,2.35892,2.25566,2.16096,2.0738,1.9869,1.90102,1.82219,1.74461,1.67331,1.60336,1.53513,1.47242
0.2,22.4565,17.3405,15.9984,14.6944,13.5514,13.3864,13.7462,14.1153,16.303,17.3718,17.6741,17.527,17.2179,16.8592,16.5472,16.4978,17.106,18.7145,20.4847,19.8533,18.8434,17.8588,17.4861,17.761,18.3317,18.6037,18.5273,18.2408,18.101,18.5446,19.4008,19.1335,18.4945,18.2389,18.5169,18.5816,18.3703,18.2583,18.6324,18.5298,18.2157,18.275,6.88327,6.55234,6.25699,5.99012,5.72116,5.47661,5.23154,5.00797,4.803,4.59789,4.39468,4.20868,4.03776,3.86849,3.7021,3.5595,3.4089,3.27041,3.12736,2.99618,2.87546,2.75214,2.63887,2.52449,2.41952,2.31446,2.21806,2.12932,2.04081,1.95331,1.87296,1.79385,1.72113,1.64975,1.58009,1.51605
0.22,22.4731,17.3485,16.0072,14.706,13.5716,13.4124,13.7836,14.1578,16.3645,17.4216,17.7178,17.5659,17.2559,16.8976,16.5887,16.5538,17.1832,18.8017,20.5425,19.8972,18.8844,17.9047,17.5461,17.842,18.4131,18.6777,18.5977,18.3118,18.1814,18.6585,19.4995,19.2131,18.575,18.343,18.6291,18.6878,18.4769,18.3784,18.7777,18.6526,18.3442,18.4213,18.4202,6.69968,6.39042,6.11336,5.83576,5.58442,5.3333,5.10474,4.89554,4.68647,4.47954,4.2903,4.11649,3.94444,3.77538,3.63059,3.47762,3.33697,3.19168,3.05845,2.93585,2.81059,2.69552,2.5793,2.47264,2.36585,2.26786,2.17763,2.08761,1.9986,1.91684,1.83633,1.76228,1.68959,1.61864,1.55339
0.24,22.4879,17.3558,16.0153,14.7164,13.5901,13.4361,13.8176,14.1965,16.4203,17.4666,17.7573,17.6011,17.2903,16.9322,16.6262,16.6048,17.2532,18.8802,20.5943,19.9366,18.9213,17.946,17.6004,17.9148,18.4859,18.7438,18.6607,18.3754,18.2534,18.7603,19.5867,19.2836,18.6463,18.4357,18.728,18.7813,18.5707,18.4845,18.9042,18.7591,18.4564,18.548,18.5442,18.4065,6.52874,6.23842,5.95006,5.69053,5.43234,5.19807,4.98412,4.77067,4.5597,4.36698,4.19011,4.01514,3.8433,3.69624,3.54086,3.39802,3.2505,3.11523,2.99075,2.86359,2.74677,2.62877,2.52046,2.41202,2.3125,2.22085,2.1294,2.03896,1.95588,1.87404,1.79877,1.72487,1.65271,1.58634
0.26,22.5015,17.3624,16.0226,14.7259,13.607,13.4579,13.8488,14.2319,16.4712,17.5075,17.7932,17.6331,17.3215,16.9638,16.6604,16.6516,17.3171,18.9514,20.641,19.9724,18.9547,17.9836,17.6499,17.9809,18.5515,18.8035,18.7175,18.4326,18.3185,18.8519,19.6645,19.3467,18.7102,18.5191,18.8161,18.8645,18.6542,18.5793,19.0155,18.8528,18.5556,18.6593,18.6527,18.5188,18.6347,6.36996,6.06756,5.79784,5.53113,5.29018,5.0708,4.85244,4.63701,4.44049,4.26034,4.08228,3.90753,3.75808,3.60022,3.45514,3.30535,3.16804,3.04169,2.91262,2.79407,2.67432,2.56441,2.45436,2.35336,2.26034,2.16751,2.07571,1.99136,1.90828,1.83184,1.75679,1.6835,1.61608
0.28,22.5139,17.3686,16.0294,14.7347,13.6227,13.478,13.8775,14.2646,16.5181,17.5451,17.8263,17.6625,17.3503,16.9928,16.6919,16.6949,17.3758,19.0168,20.6837,20.005,18.9852,18.018,17.6954,18.0414,18.6113,18.8578,18.7693,18.4848,18.378,18.9352,19.7348,19.4038,18.7681,18.595,18.8955,18.9394,18.7293,18.6652,19.1149,18.9364,18.6446,18.7586,18.7492,18.6186,18.7511,18.6684,6.19296,5.90984,5.63245,5.38343,5.15766,4.93364,4.71318,4.51246,4.32873,4.14733,3.96946,3.81748,3.65702,3.50964,3.35751,3.2181,3.08985,2.95888,2.83858,2.71709,2.60559,2.49395,2.3915,2.29713,2.20297,2.10984,2.02427,1.93998,1.86243,1.78628,1.71191,1.64349
0.3,22.5253,17.3742,16.0356,14.7429,13.6372,13.4968,13.9042,14.2949,16.5615,17.5797,17.8569,17.6897,17.3768,17.0196,16.721,16.7351,17.4302,19.077,20.7229,20.035,19.0133,18.0497,17.7376,18.097,18.6661,18.9076,18.8167,18.5326,18.4326,19.0113,19.7987,19.4558,18.8209,18.6643,18.9675,19.0073,18.7975,18.7435,19.2042,19.0115,18.7251,18.8479,18.8358,18.7084,18.8556,18.7636,18.6774,6.03076,5.73926,5.48006,5.24653,5.01583,4.78957,4.5841,4.39638,4.21131,4.03008,3.87539,3.71217,3.56235,3.4078,3.26622,3.13603,3.0031,2.88104,2.7578,2.6447,2.53148,2.42758,2.33189,2.23641,2.14199,2.05522,1.96975,1.89112,1.8139,1.73849,1.66911
0.32,22.5359,17.3795,16.0415,14.7506,13.6509,13.5143,13.9291,14.3232,16.6018,17.612,17.8853,17.715,17.4014,17.0444,16.7481,16.7727,17.4807,19.1328,20.7591,20.0627,19.0394,18.0791,17.7768,18.1486,18.7167,18.9535,18.8605,18.5767,18.4832,19.0814,19.8573,19.5035,18.8694,18.7283,19.0335,19.0695,18.8598,18.8155,19.2853,19.0798,18.7986,18.929,18.9143,18.7899,18.9504,18.8494,18.7691,18.793,5.85611,5.58331,5.33989,5.10099,4.86782,4.65683,4.46456,4.27539,4.09043,3.93276,3.76659,3.61417,3.45704,3.3132,3.18098,3.04603,2.92217,2.79712,2.68241,2.56758,2.46223,2.36522,2.26843,2.1727,2.08476,1.99813,1.91843,1.84016,1.76373,1.69342
0.34,22.5457,17.3844,16.0469,14.7578,13.6637,13.5307,13.9524,14.3497,16.6395,17.642,17.9117,17.7385,17.4244,17.0676,16.7734,16.8079,17.5279,19.1848,20.7926,20.0885,19.0635,18.1065,17.8134,18.1965,18.7636,18.9961,18.9011,18.6175,18.5302,19.1463,19.9112,19.5475,18.9142,18.7875,19.0941,19.1267,18.9172,18.882,19.3594,19.1422,18.8662,19.0031,18.9859,18.8643,19.0369,18.9272,18.8526,18.8773,5.99036,5.69765,5.4408,5.19133,4.94961,4.73201,4.53442,4.34054,4.15139,3.99041,3.82097,3.66574,3.50586,3.3596,3.22524,3.08819,2.96243,2.83554,2.71916,2.6027,2.49587,2.39751,2.29939,2.20237,2.11324,2.02545,1.9447,1.86539,1.78795,1.71671
0.36,22.5549,17.3891,16.0521,14.7646,13.6757,13.5461,13.9744,14.3746,16.6749,17.6701,17.9366,17.7606,17.446,17.0894,16.7971,16.8412,17.5721,19.2334,20.8239,20.1126,19.0862,18.1321,17.8478,18.2414,18.8073,19.0357,18.9389,18.6556,18.5742,19.2066,19.9612,19.5883,18.9558,18.8426,19.1503,19.1797,18.9703,18.944,19.4274,19.1996,18.9287,19.0713,19.0518,18.9329,19.1163,18.9985,18.9293,18.9545,18.8805,5.83154,5.55446,5.29033,5.03743,4.81154,4.60749,4.40805,4.21404,4.04926,3.87619,3.71784,3.55495,3.40607,3.26942,3.13012,3.00238,2.87354,2.75542,2.63727,2.52892,2.42918,2.32971,2.23137,2.14104,2.05208,1.97026,1.88992,1.81147,1.7393
0.38,22.5636,17.3934,16.0569,14.771,13.6871,13.5607,13.9951,14.3981,16.7082,17.6966,17.9599,17.7814,17.4662,17.1098,16.8195,16.8725,17.6137,19.2791,20.8532,20.1352,19.1074,18.1562,17.8801,18.2834,18.8481,19.0728,18.9743,18.6913,18.6154,19.2629,20.0077,19.6263,18.9946,18.8941,19.2025,19.2288,19.0196,19.0018,19.4903,19.2527,18.9867,19.1343,19.1126,18.9963,19.1896,19.064,19.0001,19.0253,18.9525,19.0094,5.69053,5.4035,5.13475,4.89784,4.68558,4.4793,4.27949,4.11027,3.93301,3.77115,3.60489,3.45315,3.314,3.17228,3.04241,2.91151,2.79156,2.67163,2.56169,2.46053,2.35966,2.25996,2.1684,2.07826,1.99535,1.91396,1.83449,1.76139
0.4,22.5717,17.3976,16.0615,14.7771,13.6979,13.5745,14.0147,14.4204,16.7397,17.7215,17.982,17.801,17.4853,17.1291,16.8406,16.9022,17.653,19.3221,20.8807,20.1564,19.1273,18.1789,17.9107,18.3229,18.8865,19.1076,19.0075,18.7247,18.6541,19.3156,20.0511,19.6619,19.0309,18.9424,19.2512,19.2747,19.0657,19.056,19.5486,19.302,19.0409,19.1929,19.169,19.0553,19.2576,19.1246,19.0657,19.0908,19.0191,19.0812,18.996,5.54258,5.24797,4.99497,4.77154,4.55637,4.34932,4.1747,3.9925,3.82655,3.65647,3.50149,3.35957,3.21519,3.083,2.94987,2.82797,2.70615,2.59453,2.49187,2.38954,2.28843,2.19561,2.10423,2.02021,1.93774,1.85724,1.7832
0.42,22.5794,17.4015,16.0659,14.7829,13.7082,13.5877,14.0333,14.4415,16.7695,17.7451,18.0028,17.8195,17.5034,17.1474,16.8606,16.9305,17.6902,19.3628,20.9066,20.1764,19.1461,18.2003,17.9397,18.3603,18.9226,19.1405,19.0388,18.7562,18.6908,19.3651,20.0918,19.6953,19.0651,18.9878,19.2969,19.3178,19.1089,19.1072,19.6029,19.3481,19.0917,19.2476,19.2216,19.1105,19.3209,19.181,19.1268,19.1518,19.0812,19.148,19.06,19.0741,5.39158,5.11074,4.87027,4.64261,4.42593,4.2444,4.05608,3.88523,3.71063,3.55192,3.40685,3.25947,3.12472,2.98914,2.8651,2.74124,2.62783,2.52356,2.41969,2.31709,2.22294,2.13028,2.04511,1.96152,1.87994,1.80493
0.44,22.5867,17.4052,16.07,14.7884,13.718,13.6002,14.051,14.4616,16.7978,17.7675,18.0226,17.8371,17.5206,17.1647,16.8796,16.9574,17.7255,19.4014,20.9311,20.1953,19.1639,18.2206,17.9673,18.3956,18.9567,19.1714,19.0684,18.7859,18.7255,19.4118,20.1302,19.7267,19.0973,19.0308,19.3398,19.3583,19.1495,19.1554,19.6538,19.3912,19.1394,19.2988,19.2709,19.1623,19.38,19.2336,19.1841,19.2086,19.1392,19.2104,19.1196,19.1364,19.0945,5.26433,4.99158,4.74375,4.51299,4.32197,4.12568,3.94865,3.76854,3.60537,3.4566,3.30577,3.1681,3.02977,2.90336,2.77727,2.6619,2.55591,2.45037,2.34619,2.25062,2.15661,2.07022,1.98547,1.90277,1.82675
0.46,22.5936,17.4087,16.074,14.7936,13.7274,13.6122,14.0679,14.4808,16.8248,17.7888,18.0415,17.8539,17.5369,17.1812,16.8977,16.9831,17.7591,19.438,20.9543,20.2133,19.1809,18.2399,17.9935,18.4292,18.9891,19.2008,19.0964,18.8142,18.7584,19.456,20.1663,19.7564,19.1277,19.0714,19.3803,19.3965,19.1878,19.2012,19.7016,19.4317,19.1845,19.3469,19.3172,19.2111,19.4355,19.2829,19.2378,19.2619,19.1936,19.2688,19.1755,19.1949,19.1527,19.1685,5.16562,4.87346,4.6181,4.41236,4.20467,4.01929,3.83204,3.66329,3.51001,3.35508,3.21398,3.07249,2.94339,2.81477,2.69723,2.58933,2.48198,2.37607,2.27898,2.18352,2.09583,2.00984,1.92597,1.84888
0.48,22.6002,17.4121,16.0777,14.7986,13.7364,13.6236,14.084,14.4991,16.8505,17.8091,18.0594,17.8698,17.5524,17.1969,16.915,17.0077,17.7911,19.4729,20.9763,20.2304,19.197,18.2583,18.0186,18.4611,19.0198,19.2287,19.1231,18.8409,18.7898,19.4979,20.2006,19.7845,19.1566,19.11,19.4186,19.4326,19.2241,19.2447,19.7465,19.47,19.2272,19.3923,19.3609,19.2571,19.4877,19.3293,19.2884,19.3119,19.2448,19.3238,19.2279,19.2496,19.2073,19.2257,8.15886,5.08593,4.76076,4.52593,4.29919,4.10122,3.90392,3.72773,3.56866,3.4086,3.26335,3.11808,2.98584,2.85432,2.73429,2.62425,2.51487,2.40707,2.30831,2.21126,2.12218,2.03485,1.94972,1.8715
0.5,22.6065,17.4153,16.0813,14.8035,13.745,13.6346,14.0995,14.5167,16.875,17.8285,18.0766,17.8851,17.5673,17.2119,16.9315,17.0313,17.8217,19.5062,20.9973,20.2467,19.2123,18.2759,18.0426,18.4915,19.049,19.2552,19.1484,18.8664,18.8198,19.5377,20.2331,19.8112,19.184,19.1467,19.455,19.4668,19.2585,19.2861,19.789,19.5061,19.2677,19.4352,19.4021,19.3007,19.5369,19.373,19.3363,19.3591,19.2932,19.3756,19.2774,19.3013,19.2588,19.2796,19.2389,7.93649,7.55553,4.69885,4.42518,4.20349,3.98978,3.80251,3.63535,3.46845,3.31784,3.16787,3.03178,2.89679,2.77385,2.66133,2.54963,2.43967,2.33904,2.24024,2.14961,2.06083,1.97432,1.89488
0.52,22.6125,17.4184,16.0848,14.8081,13.7533,13.6451,14.1143,14.5335,16.8986,17.847,18.093,17.8997,17.5815,17.2263,16.9474,17.054,17.851,19.5381,21.0174,20.2622,19.227,18.2927,18.0655,18.5206,19.0769,19.2805,19.1726,18.8908,18.8484,19.5755,20.2639,19.8366,19.2101,19.1817,19.4895,19.4994,19.2912,19.3256,19.8292,19.5404,19.3062,19.4759,19.4412,19.3421,19.5834,19.4143,19.3816,19.4037,19.339,19.4245,19.3242,19.35,19.3074,19.3305,19.2892,19.2892,7.70746,7.38985,4.67893,4.35455,4.10296,3.89539,3.71515,3.53808,3.38,3.22373,3.08269,2.94335,2.81685,2.70134,2.58691,2.47445,2.37166,2.27087,2.1785,2.08808,2.00006,1.91927
0.54,22.6183,17.4214,16.0881,14.8125,13.7612,13.6552,14.1286,14.5497,16.9211,17.8648,18.1087,17.9137,17.5951,17.24,16.9626,17.0758,17.8791,19.5686,21.0365,20.2771,19.241,18.3088,18.0876,18.5484,19.1035,19.3047,19.1957,18.914,18.8758,19.6116,20.2933,19.8608,19.2351,19.2151,19.5224,19.5303,19.3223,19.3634,19.8673,19.5729,19.3429,19.5145,19.4783,19.3815,19.6275,19.4534,19.4246,19.446,19.3825,19.4709,19.3685,19.3962,19.3534,19.3787,19.3369,19.3375,19.3229,7.52769,7.18564,6.87018,4.31322,4.03084,3.82095,3.62515,3.45491,3.2892,3.14118,2.99599,2.86486,2.74559,2.62777,2.51227,2.40692,2.30378,2.20939,2.11711,2.02736,1.94506
0.56,22.6238,17.4242,16.0913,14.8168,13.7689,13.6649,14.1423,14.5653,16.9428,17.8818,18.1238,17.9271,17.6082,17.2533,16.9772,17.0967,17.906,19.5979,21.0548,20.2913,19.2544,18.3242,18.1088,18.5751,19.129,19.3279,19.2178,18.9362,18.9021,19.6461,20.3214,19.8839,19.2589,19.2471,19.5538,19.5599,19.352,19.3996,19.9036,19.6039,19.378,19.5512,19.5136,19.4191,19.6693,19.4906,19.4655,19.4861,19.4239,19.515,19.4106,19.44,19.3971,19.4244,19.3821,19.3834,19.3698,19.4675,7.31211,6.99696,6.67156,6.3722,4.02402,3.75442,3.55566,3.37217,3.21255,3.05842,2.92065,2.7962,2.67391,2.55451,2.44595,2.33993,2.24311,2.14861,2.05682,1.97277
0.58,22.6291,17.427,16.0944,14.8209,13.7763,13.6743,14.1555,14.5803,16.9637,17.8982,18.1384,17.9401,17.6208,17.266,16.9912,17.117,17.932,19.626,21.0724,20.305,19.2674,18.3391,18.1292,18.6007,19.1535,19.3501,19.239,18.9576,18.9274,19.6792,20.3483,19.906,19.2817,19.2777,19.5838,19.5882,19.3805,19.4344,19.9382,19.6334,19.4116,19.5863,19.5473,19.455,19.7092,19.5261,19.5046,19.5244,19.4634,19.5569,19.4507,19.4817,19.4387,19.468,19.4252,19.427,19.4145,19.5121,19.5041,7.11411,6.78743,6.48826,6.213,5.93101,3.77567,3.50009,3.31112,3.13921,2.98996,2.85734,2.72842,2.60352,2.49061,2.38082,2.28089,2.18361,2.08933,2.00315
0.6,22.6342,17.4296,16.0974,14.8249,13.7834,13.6834,14.1683,14.5948,16.9838,17.914,18.1524,17.9525,17.6329,17.2782,17.0048,17.1365,17.957,19.6531,21.0893,20.3181,19.2798,18.3534,18.1489,18.6253,19.1769,19.3714,19.2594,18.9781,18.9518,19.7108,20.374,19.9272,19.3036,19.3071,19.6125,19.6153,19.4077,19.4678,19.9712,19.6617,19.4438,19.6199,19.5795,19.4895,19.7472,19.5599,19.5418,19.5609,19.5012,19.5969,19.489,19.5215,19.4784,19.5095,19.4663,19.4685,19.4571,19.5546,19.5474,7.22622,6.89621,6.59508,6.31864,6.03645,5.77732,5.51501,5.2737,3.27352,3.09009,2.93948,2.79816,2.66406,2.54441,2.42911,2.32482,2.22379,2.12625,2.03735
0.62,22.6391,17.4322,16.1002,14.8288,13.7903,13.6922,14.1806,14.6087,17.0032,17.9292,18.1659,17.9645,17.6446,17.29,17.0179,17.1554,17.981,19.6792,21.1055,20.3308,19.2917,18.3672,18.1679,18.649,19.1995,19.3919,19.2789,18.9978,18.9752,19.7412,20.3987,19.9476,19.3247,19.3354,19.6401,19.6413,19.4339,19.4999,20.0028,19.6887,19.4746,19.6519,19.6103,19.5225,19.7835,19.5922,19.5775,19.5957,19.5373,19.6351,19.5256,19.5594,19.5163,19.5491,19.5055,19.5081,19.4978,19.5951,19.5886,19.5729,7.00174,6.69684,6.4178,6.1337,5.87321,5.61029,5.36894,5.12732,4.90509,3.11505,2.90924,2.75028,2.61638,2.49095,2.37941,2.27255,2.17021,2.07747
0.64,22.6438,17.4346,16.103,14.8325,13.797,13.7007,14.1925,14.6223,17.0219,17.9439,18.1789,17.9761,17.6559,17.3014,17.0305,17.1737,18.0042,19.7043,21.1211,20.3429,19.3032,18.3804,18.1862,18.6718,19.2212,19.4116,19.2978,19.0167,18.9978,19.7704,20.4223,19.9671,19.3449,19.3626,19.6665,19.6662,19.4589,19.5309,20.033,19.7146,19.5043,19.6827,19.6398,19.5541,19.8182,19.6231,19.6116,19.6291,19.5719,19.6716,19.5605,19.5957,19.5525,19.587,19.543,19.5459,19.5367,19.6339,19.628,19.6128,19.5972,6.79694,6.51379,6.22636,5.96342,5.69856,5.45585,5.21304,4.99025,4.78522,4.58032,4.37752,2.76273,2.58966,2.45834,2.33881,2.22742,2.12812
0.66,22.6484,17.437,16.1057,14.8361,13.8035,13.7089,14.2041,14.6354,17.04,17.9581,18.1915,17.9873,17.6668,17.3124,17.0428,17.1914,18.0267,19.7287,21.1362,20.3547,19.3143,18.3933,18.204,18.6939,19.2422,19.4307,19.316,19.035,19.0197,19.7986,20.4451,19.9859,19.3644,19.3888,19.692,19.6902,19.4831,19.5607,20.062,19.7395,19.5329,19.7122,19.6682,19.5846,19.8514,19.6527,19.6444,19.661,19.6051,19.7066,19.5941,19.6304,19.5873,19.6234,19.5789,19.5822,19.574,19.671,19.6658,19.651,19.6355,19.6258,6.60969,6.31742,6.05087,5.78297,5.5379,5.29311,5.06877,4.86236,4.65648,4.4529,4.26606,4.08179,3.91223,3.74565,2.32524,2.20509
0.68,22.6528,17.4393,16.1083,14.8396,13.8098,13.7169,14.2153,14.6481,17.0575,17.9718,18.2037,17.9981,17.6773,17.3231,17.0546,17.2086,18.0484,19.7522,21.1507,20.3661,19.3251,18.4057,18.2212,18.7152,19.2624,19.449,19.3335,19.0527,19.0409,19.8257,20.4671,20.0041,19.3832,19.4141,19.7165,19.7134,19.5064,19.5896,20.0899,19.7634,19.5604,19.7406,19.6955,19.614,19.8833,19.6811,19.676,19.6918,19.6372,19.7402,19.6264,19.6638,19.6207,19.6583,19.6135,19.6169,19.6098,19.7066,19.702,19.6877,19.6723,19.6628,19.6528,6.40962,6.13804,5.86593,5.61758,5.36994,5.1433,4.93499,4.72742,4.52236,4.33408,4.14871,3.97824,3.81087,3.64763,3.49731
0.7,22.6571,17.4416,16.1108,14.843,13.8159,13.7246,14.2261,14.6604,17.0745,17.9851,18.2155,18.0086,17.6875,17.3334,17.0661,17.2253,18.0695,19.7749,21.1648,20.377,19.3355,18.4177,18.2379,18.7358,19.282,19.4668,19.3505,19.0698,19.0614,19.8519,20.4883,20.0216,19.4014,19.4385,19.7402,19.7357,19.5288,19.6176,20.1167,19.7864,19.587,19.7679,19.7217,19.6424,19.914,19.7085,19.7063,19.7213,19.668,19.7725,19.6575,19.6959,19.6528,19.6918,19.6467,19.6503,19.6443,19.7408,19.7368,19.723,19.7075,19.6984,19.6888,19.6771,6.22754,5.94971,5.69697,5.44556,5.21589,5.00506,4.79523,4.58809,4.39806,4.21107,4.0392,3.87054,3.70593,3.55456
0.72,22.6612,17.4438,16.1133,14.8463,13.8218,13.7321,14.2367,14.6723,17.091,17.998,18.227,18.0188,17.6974,17.3434,17.0772,17.2415,18.0899,19.797,21.1784,20.3877,19.3455,18.4294,18.2541,18.7557,19.3008,19.484,19.3669,19.0863,19.0812,19.8771,20.5087,20.0385,19.4189,19.4621,19.763,19.7572,19.5505,19.6446,20.1425,19.8086,19.6127,19.7942,19.747,19.6698,19.9435,19.7348,19.7355,19.7497,19.6977,19.8035,19.6874,19.7268,19.6837,19.724,19.6786,19.6824,19.6774,19.7737,19.7702,19.7569,19.7414,19.7326,19.7234,19.7119,19.7008,6.03701,5.77833,5.52196,5.28839,5.07436,4.86165,4.65193,4.45968,4.27066,4.09702,3.9267,3.76054,3.60779
0.74,22.6652,17.4459,16.1157,14.8495,13.8276,13.7394,14.2469,14.6839,17.1069,18.0105,18.2381,18.0286,17.707,17.3531,17.088,17.2573,18.1096,19.8184,21.1915,20.3979,19.3553,18.4407,18.2698,18.7751,19.3191,19.5006,19.3828,19.1022,19.1005,19.9015,20.5285,20.0548,19.4359,19.485,19.785,19.7779,19.5714,19.6708,20.1674,19.83,19.6375,19.8196,19.7714,19.6962,19.9718,19.7602,19.7637,19.7771,19.7264,19.8334,19.7162,19.7565,19.7135,19.7551,19.7093,19.7133,19.7094,19.8053,19.8023,19.7896,19.774,19.7655,19.7567,19.7454,19.7344,19.7248,5.86471,5.60157,5.3628,5.14468,4.92836,4.71539,4.52046,4.32897,4.15321,3.98089,3.81287,3.65849
0.76,22.6691,17.4479,16.118,14.8527,13.8332,13.7465,14.2569,14.6952,17.1224,18.0226,18.2489,18.0382,17.7164,17.3626,17.0986,17.2726,18.1289,19.8391,21.2043,20.4079,19.3647,18.4517,18.2851,18.7938,19.3369,19.5167,19.3982,19.1177,19.1192,19.9252,20.5476,20.0706,19.4523,19.5071,19.8064,19.7981,19.5917,19.6962,20.1914,19.8507,19.6616,19.8442,19.7949,19.7219,19.9992,19.7847,19.7909,19.8035,19.7542,19.8623,19.744,19.7852,19.7423,19.785,19.739,19.7431,19.7403,19.8358,19.8333,19.8211,19.8055,19.7971,19.7887,19.7776,19.7669,19.7574,19.7486,5.68791,5.44189,5.21828,4.99725,4.78023,4.58194,4.38743,4.20911,4.03445,3.86426,3.70797
0.78,22.6729,17.4499,16.1202,14.8557,13.8387,13.7535,14.2666,14.7062,17.1375,18.0344,18.2593,18.0475,17.7254,17.3717,17.1088,17.2875,18.1475,19.8593,21.2167,20.4176,19.3739,18.4623,18.3,18.812,19.3541,19.5323,19.4131,19.1328,19.1374,19.9481,20.5661,20.086,19.4683,19.5286,19.827,19.8175,19.6113,19.7209,20.2146,19.8707,19.6849,19.8679,19.8177,19.7467,20.0256,19.8083,19.8172,19.829,19.7811,19.8901,19.7709,19.8128,19.77,19.814,19.7677,19.7718,19.7701,19.8653,19.8632,19.8515,19.8359,19.8277,19.8197,19.8088,19.7981,19.7889,19.7803,19.7715,5.52998,5.29826,5.07066,4.84827,4.64571,4.44747,4.26601,4.08854,3.91578,3.75726
0.8,22.6765,17.4518,16.1224,14.8587,13.844,13.7602,14.276,14.7169,17.1522,18.0459,18.2695,18.0566,17.7342,17.3806,17.1187,17.3021,18.1657,19.8789,21.2287,20.427,19.3828,18.4727,18.3144,18.8297,19.3708,19.5475,19.4276,19.1473,19.1551,19.9703,20.584,20.1008,19.4838,19.5494,19.847,19.8364,19.6303,19.7448,20.2371,19.8901,19.7075,19.8909,19.8397,19.7708,20.0511,19.8312,19.8427,19.8537,19.8071,19.9169,19.7969,19.8396,19.7969,19.8419,19.7954,19.7995,19.7989,19.8937,19.892,19.8809,19.8652,19.8572,19.8495,19.8388,19.8283,19.8192,19.8108,19.8022,19.7941,5.39062,5.15293,4.92263,4.71415,4.51093,4.32552,4.14453,3.96865,3.80747
0.82,22.6801,17.4537,16.1246,14.8616,13.8492,13.7668,14.2851,14.7274,17.1664,18.057,18.2794,18.0654,17.7428,17.3893,17.1284,17.3163,18.1833,19.898,21.2403,20.4361,19.3915,18.4828,18.3285,18.8468,19.387,19.5622,19.4417,19.1615,19.1723,19.9918,20.6014,20.1152,19.4988,19.5696,19.8664,19.8547,19.6488,19.7681,20.2588,19.9088,19.7294,19.9131,19.8611,19.7941,20.0758,19.8533,19.8673,19.8775,19.8323,19.9429,19.8221,19.8654,19.8229,19.8689,19.8222,19.8264,19.8268,19.9213,19.9199,19.9093,19.8935,19.8857,19.8784,19.8678,19.8575,19.8485,19.8403,19.8319,19.8239,19.8166,19.8092,5.00917,4.79144,4.58103,4.39005,4.20438,4.02451,3.86003
0.84,22.6836,17.4556,16.1266,14.8644,13.8543,13.7732,14.2941,14.7375,17.1803,18.0679,18.2891,18.074,17.7511,17.3978,17.1379,17.3301,18.2005,19.9165,21.2517,20.445,19.3999,18.4926,18.3423,18.8635,19.4027,19.5765,19.4554,19.1753,19.1891,20.0128,20.6183,20.1292,19.5134,19.5892,19.8852,19.8725,19.6667,19.7908,20.2798,19.927,19.7507,19.9347,19.8818,19.8169,20.0997,19.8747,19.8912,19.9007,19.8568,19.9681,19.8466,19.8905,19.8481,19.8951,19.8483,19.8524,19.8539,19.9479,19.947,19.9369,19.9209,19.9133,19.9064,19.896,19.8857,19.8769,19.8688,19.8606,19.8528,19.8456,19.8383,19.8312,4.88779,4.66409,4.46426,4.27162,4.08606,3.91709
0.86,22.6869,17.4574,16.1287,14.8671,13.8593,13.7794,14.303,14.7475,17.1939,18.0784,18.2985,18.0823,17.7593,17.406,17.1471,17.3436,18.2172,19.9346,21.2627,20.4537,19.4081,18.5022,18.3557,18.8798,19.4181,19.5904,19.4687,19.1887,19.2054,20.0331,20.6347,20.1428,19.5276,19.6083,19.9035,19.8897,19.6841,19.8128,20.3002,19.9446,19.7714,19.9556,19.9019,19.8389,20.1228,19.8955,19.9143,19.9231,19.8805,19.9924,19.8702,19.9147,19.8725,19.9205,19.8734,19.8775,19.8801,19.9737,19.9731,19.9635,19.9475,19.9401,19.9334,19.9232,19.9131,19.9044,19.8964,19.8884,19.8807,19.8736,19.8665,19.8595,19.8528,4.78233,4.55995,4.35326,4.15814,3.98227
0.88,22.6902,17.4591,16.1307,14.8698,13.8641,13.7856,14.3115,14.7572,17.2071,18.0887,18.3077,18.0905,17.7672,17.414,17.1561,17.3568,18.2336,19.9523,21.2734,20.4621,19.4161,18.5115,18.3688,18.8957,19.433,19.604,19.4817,19.2017,19.2213,20.0529,20.6506,20.156,19.5414,19.6269,19.9213,19.9065,19.701,19.8343,20.32,19.9618,19.7915,19.9759,19.9213,19.8604,20.1452,19.9156,19.9368,19.9448,19.9036,20.016,19.8932,19.9382,19.8962,19.9451,19.8979,19.9019,19.9055,19.9987,19.9985,19.9894,19.9732,19.966,19.9597,19.9496,19.9395,19.931,19.9232,19.9153,19.9077,19.9008,19.8938,19.8869,19.8804,19.874,6.23777,4.483,4.2576,4.06568
0.9,22.6934,17.4608,16.1326,14.8724,13.8689,13.7915,14.3199,14.7667,17.22,18.0988,18.3167,18.0985,17.7749,17.4218,17.1649,17.3698,18.2495,19.9695,21.2839,20.4703,19.4239,18.5206,18.3816,18.9112,19.4476,19.6173,19.4943,19.2145,19.237,20.0721,20.6662,20.1689,19.5549,19.6451,19.9386,19.9228,19.7175,19.8552,20.3393,19.9784,19.8111,19.9957,19.9403,19.8813,20.167,19.9353,19.9587,19.966,19.9261,20.0389,19.9156,19.9611,19.9193,19.969,19.9217,19.9256,19.9303,20.0232,20.0231,20.0146,19.9984,19.9911,19.9852,19.9753,19.9654,19.957,19.9492,19.9414,19.934,19.9272,19.9203,19.9135,19.9071,19.9008,19.8949,19.8892,5.81286,4.26724
0.91,22.695,17.4617,16.1336,14.8737,13.8712,13.7945,14.324,14.7713,17.2264,18.1038,18.3211,18.1024,17.7787,17.4257,17.1692,17.3761,18.2573,19.9779,21.289,20.4744,19.4277,18.5251,18.3878,18.9187,19.4547,19.6237,19.5005,19.2207,19.2446,20.0815,20.6738,20.1751,19.5614,19.654,19.9471,19.9308,19.7256,19.8655,20.3487,19.9866,19.8207,20.0053,19.9496,19.8916,20.1776,19.9448,19.9694,19.9763,19.9371,20.0501,19.9266,19.9723,19.9306,19.9806,19.9333,19.9372,19.9424,20.035,20.0351,20.0269,20.0106,20.0034,19.9976,19.9878,19.9779,19.9696,19.9619,19.9542,19.9468,19.9401,19.9332,19.9265,19.9201,19.9139,19.9081,19.9024,5.8575,5.61955
0.92,22.6966,17.4625,16.1345,14.875,13.8735,13.7974,14.3281,14.7759,17.2326,18.1087,18.3254,18.1062,17.7825,17.4295,17.1735,17.3824,18.2651,19.9862,21.2941,20.4783,19.4315,18.5295,18.394,18.9262,19.4617,19.6301,19.5066,19.2268,19.2521,20.0908,20.6813,20.1814,19.568,19.6627,19.9554,19.9387,19.7336,19.8756,20.358,19.9946,19.8302,20.0148,19.9588,19.9017,20.1881,19.9543,19.9799,19.9865,19.948,20.0612,19.9373,19.9833,19.9417,19.9921,19.9448,19.9486,19.9543,20.0468,20.047,20.039,20.0227,20.0155,20.0099,20.0001,19.9903,19.9821,19.9744,19.9667,19.9594,19.9528,19.946,19.9393,19.933,19.9268,19.921,19.9154,19.9098,5.66236
0.93,22.6981,17.4633,16.1354,14.8763,13.8758,13.8003,14.3321,14.7805,17.2388,18.1135,18.3297,18.11,17.7862,17.4332,17.1777,17.3886,18.2727,19.9945,21.2991,20.4823,19.4352,18.5339,18.4002,18.9336,19.4687,19.6364,19.5127,19.2329,19.2596,20.1,20.6886,20.1875,19.5744,19.6714,19.9637,19.9465,19.7414,19.8856,20.3671,20.0025,19.8396,20.0242,19.9678,19.9117,20.1984,19.9636,19.9903,19.9965,19.9587,20.072,19.948,19.9942,19.9527,20.0035,19.956,19.9598,19.9661,20.0583,20.0586,20.051,20.0345,20.0274,20.022,20.0123,20.0025,19.9943,19.9867,19.9791,19.9718,19.9653,19.9585,19.9519,19.9457,19.9395,19.9338,19.9281,19.9226,19.9175
0.94,22.6996,17.4641,16.1364,14.8775,13.8781,13.8031,14.336,14.785,17.2449,18.1182,18.334,18.1138,17.7898,17.4369,17.1819,17.3948,18.2803,20.0026,21.304,20.4861,19.4389,18.5382,18.4062,18.9409,19.4755,19.6427,19.5186,19.2389,19.267,20.1091,20.6959,20.1936,19.5807,19.6799,19.9718,19.9542,19.7492,19.8955,20.3762,20.0103,19.8488,20.0335,19.9767,19.9215,20.2086,19.9727,20.0006,20.0064,19.9693,20.0828,19.9585,20.0049,19.9635,20.0147,19.9672,19.9709,19.9777,20.0697,20.0702,20.0628,20.0462,20.0392,20.0339,20.0243,20.0145,20.0064,19.9988,19.9913,19.9841,19.9776,19.9709,19.9643,19.9581,19.952,19.9463,19.9408,19.9353,19.9302
0.95,22.7011,17.4649,16.1373,14.8788,13.8803,13.8059,14.34,14.7894,17.2509,18.123,18.3382,18.1175,17.7935,17.4406,17.186,17.4008,18.2877,20.0107,21.3089,20.49,19.4426,18.5425,18.4122,18.9481,19.4823,19.6489,19.5245,19.2448,19.2743,20.118,20.7032,20.1996,19.587,19.6884,19.9799,19.9618,19.7568,19.9053,20.3851,20.0181,19.858,20.0427,19.9855,19.9313,20.2186,19.9818,20.0107,20.0162,19.9798,20.0933,19.9688,20.0155,19.9742,20.0257,19.9782,19.9819,19.9892,20.0809,20.0815,20.0744,20.0578,20.0507,20.0457,20.0361,20.0264,20.0183,20.0108,20.0033,19.9962,19.9897,19.9831,19.9766,19.9704,19.9644,19.9587,19.9532,19.9478,19.9428
0.96,22.7026,17.4657,16.1382,14.88,13.8825,13.8087,14.3439,14.7938,17.2569,18.1276,18.3423,18.1212,17.797,17.4442,17.1901,17.4069,18.2951,20.0186,21.3137,20.4938,19.4462,18.5467,18.4182,18.9552,19.489,19.6549,19.5304,19.2507,19.2815,20.1269,20.7103,20.2055,19.5932,19.6967,19.9878,19.9693,19.7644,19.915,20.3938,20.0257,19.867,20.0517,19.9941,19.9409,20.2285,19.9907,20.0207,20.0259,19.9901,20.1038,19.9791,20.0259,19.9847,20.0366,19.989,19.9927,20.0005,20.092,20.0927,20.0859,20.0692,20.0621,20.0573,20.0478,20.0381,20.0301,20.0226,20.0152,20.0081,20.0017,19.9951,19.9886,19.9825,19.9765,19.9709,19.9654,19.9601,19.9551
0.97,22.7041,17.4665,16.1391,14.8812,13.8847,13.8114,14.3477,14.7982,17.2628,18.1322,18.3464,18.1248,17.8006,17.4478,17.1941,17.4128,18.3024,20.0265,21.3184,20.4975,19.4497,18.5508,18.424,18.9623,19.4956,19.661,19.5361,19.2565,19.2886,20.1356,20.7173,20.2113,19.5993,19.7049,19.9957,19.9766,19.7718,19.9245,20.4025,20.0332,19.8759,20.0606,20.0027,19.9504,20.2383,19.9996,20.0305,20.0354,20.0003,20.114,19.9891,20.0361,19.9951,20.0473,19.9997,20.0033,20.0117,20.1029,20.1036,20.0972,20.0804,20.0733,20.0687,20.0593,20.0497,20.0418,20.0341,20.0268,20.0198,20.0134,20.0069,20.0005,19.9945,19.9885,19.9829,19.9775,19.9721,19.9672
0.98,22.7055,17.4673,16.1399,14.8824,13.8869,13.8142,14.3515,14.8025,17.2687,18.1368,18.3505,18.1284,17.8041,17.4513,17.198,17.4187,18.3096,20.0343,21.3232,20.5012,19.4532,18.555,18.4298,18.9693,19.5022,19.6669,19.5418,19.2622,19.2957,20.1442,20.7242,20.2171,19.6054,19.7131,20.0034,19.9839,19.7792,19.934,20.4111,20.0406,19.8847,20.0694,20.0111,19.9598,20.2479,20.0083,20.0403,20.0447,20.0104,20.1242,19.9991,20.0463,20.0053,20.0579,20.0103,20.0137,20.0227,20.1138,20.1144,20.1084,20.0918,20.0844,20.08,20.0707,20.061,20.0532,20.0455,20.0383,20.0313,20.025,20.0185,20.0122,20.0062,20.0002,19.9947,19.9893,19.984,19.9791
0.99,22.7069,17.4681,16.1408,14.8836,13.889,13.8169,14.3552,14.8067,17.2745,18.1412,18.3544,18.1319,17.8075,17.4548,17.2019,17.4244,18.3168,20.042,21.3278,20.5049,19.4567,18.559,18.4355,18.976,19.5085,19.6726,19.5473,19.2678,19.3024,20.1528,20.7311,20.2228,19.6114,19.7209,20.0108,19.991,19.7864,19.9433,20.4195,20.0479,19.8933,20.0778,20.0193,19.9692,20.2575,20.0169,20.0497,20.0537,20.0203,20.1342,20.009,20.056,20.0156,20.0684,20.0206,20.0238,20.0336,20.1244,20.1249,20.1194,20.1025,20.0951,20.0912,20.0816,20.0724,20.0643,20.0567,20.0495,20.0426,20.0363,20.0299,20.0236,20.0177,20.0118,20.0063,20.001,19.9957,19.9908
0.995,22.7076,17.4685,16.1413,14.8842,13.8901,13.8182,14.357,14.8087,17.2773,18.1433,18.3563,18.1336,17.8092,17.4565,17.2038,17.4272,18.3201,20.0458,21.3301,20.5067,19.4585,18.5611,18.4383,18.9793,19.5116,19.6755,19.55,19.2705,19.3058,20.157,20.7345,20.2256,19.6143,19.7247,20.0145,19.9945,19.7899,19.9479,20.4237,20.0516,19.8975,20.082,20.0233,19.9738,20.2621,20.0211,20.0543,20.0582,20.0252,20.1391,20.0138,20.0608,20.0205,20.0735,20.0257,20.0288,20.039,20.1295,20.1302,20.1249,20.1077,20.1005,20.0967,20.087,20.0779,20.0699,20.0623,20.0551,20.0482,20.042,20.0355,20.0293,20.0234,20.0175,20.012,20.0067,20.0015,19.9967
0.999,22.7082,17.4688,16.1416,14.8846,13.8909,13.8192,14.3583,14.8103,17.2793,18.145,18.3578,18.135,17.8105,17.4578,17.2053,17.4293,18.3227,20.0488,21.3319,20.5081,19.4598,18.5626,18.4404,18.9819,19.5141,19.6777,19.5522,19.2727,19.3084,20.1602,20.7371,20.2278,19.6166,19.7278,20.0174,19.9973,19.7927,19.9515,20.4269,20.0544,19.9007,20.0853,20.0265,19.9772,20.2658,20.0243,20.0579,20.0618,20.029,20.143,20.0175,20.0646,20.0243,20.0775,20.0296,20.0328,20.0432,20.1335,20.1344,20.1291,20.1118,20.1048,20.1008,20.0913,20.082,20.0743,20.0666,20.0595,20.0526,20.0464,20.04,20.0338,20.0279,20.022,20.0165,20.0113,20.0061,20.0012
